Filename,contrast,dissimilarity,homogeneity,energy,correlation,ASM
Cutting_Marks_101.jpg,61.08505410821644,3.8150340681362733,0.3658740029762068,0.039109231670789835,0.992141427767166,0.0015295320018795108
Cutting_Marks_103.JPG,36.2400881763527,2.8957434869739473,0.538296568733009,0.05887163696618053,0.9940844758195091,0.0034658696390777537
Cutting_Marks_108.JPG,114.3667334669339,4.885178356713428,0.45882930476039485,0.06005766429415747,0.9789684770001286,0.0036069230404697176
Cutting_Marks_109.JPG,187.79074148296593,8.783599198396795,0.1677416921726641,0.01617105208980113,0.9617320492109015,0.0002615029256910615
Cutting_Marks_11.jpg,44.7266012024048,2.2955470941883767,0.6174200270937609,0.0787899556352686,0.9930064073418445,0.006207857109007594
Cutting_Marks_114.JPG,66.67495791583165,5.362741482965931,0.25063685713442413,0.021100086296323112,0.9789843516268566,0.00044521364171228235
Cutting_Marks_12.jpg,62.95516232464931,3.007539078156313,0.5669399903378876,0.05882894307050741,0.9941925748426299,0.0034608445427930018
Cutting_Marks_121.JPG,142.87845290581166,7.793731462925853,0.19551643823803344,0.018047017387006682,0.9586402199295998,0.00032569483656692155
Cutting_Marks_124.jpg,74.57409619238479,4.296468937875752,0.3313505747727604,0.03187338619190569,0.9907004369610594,0.0010159127473383645
Cutting_Marks_126.JPG,75.18852905811625,5.600865731462927,0.21988700930044283,0.020765947060779465,0.9855737463999068,0.00043122455733109525
Cutting_Marks_13.jpg,53.07845290581163,4.4883927855711425,0.24545724939123978,0.030101647201112167,0.9847202379465438,0.000906109164220224
Cutting_Marks_130.JPG,49.60284569138276,3.3536432865731465,0.4173178596688102,0.02683986841682319,0.9940899534172681,0.000720378536632383
Cutting_Marks_133.JPG,38.31763527054108,3.1244569138276552,0.41130223881145234,0.026534228552538962,0.9952146538704919,0.0007040652848783738
Cutting_Marks_134.JPG,77.5456753507014,4.245619238476954,0.33822201302394866,0.023334278309446684,0.9909439981421015,0.000544488544222714
Cutting_Marks_137.JPG,69.01103406813627,3.8674188376753507,0.39259222348686273,0.02596464818111069,0.9918526919935443,0.0006741629551688547
Cutting_Marks_142.JPG,57.91917835671343,3.8386492985971943,0.3755137449999609,0.027425535388125716,0.9876434471043221,0.0007521599913253359
Cutting_Marks_143.JPG,57.96978757515031,3.8669258517034075,0.3736086626927787,0.026873418871532,0.988302336313772,0.0007221806418448122
Cutting_Marks_146.jpg,69.69133066132265,4.876180360721442,0.2604654526906031,0.025452858713210035,0.9906615511449304,0.000647848016674632
Cutting_Marks_148.JPG,70.33606813627254,4.456148296593186,0.3856821194149437,0.03853264475465324,0.9867130549500296,0.001484764711788306
Cutting_Marks_149.JPG,48.31889779559118,3.5838757515030064,0.3789934406403938,0.027174012920525868,0.9900792881342607,0.0007384269782049069
Cutting_Marks_161.JPG,83.19733466933869,3.762649298597195,0.6063199465179022,0.09324163358137158,0.9919257492438576,0.00869400223292276
Cutting_Marks_163.JPG,41.120436873747494,2.327490981963928,0.6572050916108487,0.09333792946294349,0.9955448011802539,0.008711969076429413
Cutting_Marks_164.JPG,33.016084168336675,1.9659278557114228,0.6349288442363383,0.057680387936467584,0.9953117690734272,0.0033270271525013954
Cutting_Marks_165.JPG,12.15567134268537,1.6482565130260523,0.567034581074986,0.050571781680984376,0.9983105684969587,0.002557505102389147
Cutting_Marks_177.JPG,30.330861723446894,2.824705410821643,0.4118624509944482,0.028422988047232728,0.9955104932180502,0.0008078662495331345
Cutting_Marks_181.JPG,42.27056513026052,3.535054108216433,0.4320349651371636,0.03900868981152435,0.9933400765799166,0.0015216778808117234
Cutting_Marks_185.JPG,36.172565130260516,3.303114228456914,0.4218977085017892,0.03625771261967232,0.9954994436762881,0.0013146217244107453
Cutting_Marks_186.JPG,20.442601202404813,2.552324649298598,0.457358538059306,0.039619303351211894,0.9974752439556688,0.00156968919803535
Cutting_Marks_187.JPG,25.4849619238477,2.6698436873747498,0.4365455939318058,0.031190208223732706,0.996959477546627,0.0009728290890398034
Cutting_Marks_193.JPG,10.333647294589175,1.8317474949899795,0.5117691093116756,0.037848888799804754,0.9978354459486427,0.0014325383833799857
Cutting_Marks_195.JPG,7.7177515030060135,1.5205090180360723,0.5604097520437604,0.04506226541827932,0.9986234822818149,0.002030607764627452
Cutting_Marks_197.JPG,43.258813627254504,2.888456913827655,0.5366564375115102,0.049082631371909484,0.992533237450137,0.0024091047023907532
Cutting_Marks_2.jpg,52.83661322645291,4.630304609218436,0.24682111546228958,0.03640782532451592,0.977494617781684,0.0013255297448604626
Cutting_Marks_20.jpg,59.23986372745491,3.383382765531062,0.5274316570326527,0.06863361030547936,0.9956348426948664,0.0047105724635644036
Cutting_Marks_201.jpg,22.47656112224449,2.847703406813627,0.376494011601367,0.029794159983267825,0.9958359095981637,0.0008876919691085577
Cutting_Marks_203.JPG,42.80528256513026,2.326949899799599,0.6401592325960016,0.055701168445411196,0.9901605780108745,0.0031026201661840717
Cutting_Marks_204.JPG,96.764,4.0969619238476955,0.6620198339577928,0.1301962660081275,0.9858183716529886,0.0169510676824591
Cutting_Marks_208.JPG,27.898805611222443,2.057875751503006,0.7149122777785477,0.1756333002033976,0.9936376687004925,0.03084705614033678
Cutting_Marks_214.JPG,93.0864008016032,4.177695390781562,0.6025577388788836,0.12321426477953132,0.9790112223087326,0.015181755045160453
Cutting_Marks_216.JPG,90.55819238476954,3.9674909819639277,0.6260284769246629,0.11428863292074638,0.9849082828573404,0.013061891614893113
Cutting_Marks_219.JPG,36.96991983967935,2.8752264529058116,0.5474673667942,0.053861749282686874,0.9922116484445506,0.0029010880357910203
Cutting_Marks_222.JPG,71.80209218436872,4.071414829659317,0.45963816534876795,0.04633492845226294,0.9872365633423545,0.002146925594676326
Cutting_Marks_224.jpg,24.588028056112222,2.980244488977956,0.3703651863555855,0.032344528585893116,0.9952106216663323,0.001046168529443657
Cutting_Marks_225.JPG,21.155539078156313,2.024861723446894,0.6126647287771851,0.06915486896831263,0.9951226784781831,0.004782395902024489
Cutting_Marks_226.JPG,3.511186372745491,0.9662885771543086,0.6894559321806795,0.07794954778233086,0.9992068695409422,0.006076131999469881
Cutting_Marks_229.JPG,240.11718236472947,7.784725450901804,0.4640215531312577,0.05105173538307737,0.948006081449628,0.0026062796856237535
Cutting_Marks_23.jpg,35.03365130260521,1.8770821643286573,0.684339748824131,0.12857703002632687,0.9977794733755412,0.016532052650390962
Cutting_Marks_230.JPG,170.34776352705413,5.950120240480962,0.5424593500033268,0.053092079565361244,0.9667796825991579,0.0028187689125746492
Cutting_Marks_231.JPG,98.47637675350704,4.205883767535071,0.586703810668316,0.05733864373510472,0.9827171675010661,0.0032877200653812643
Cutting_Marks_237.JPG,75.45235671342687,3.648837675350702,0.5734718837295181,0.060059452835904976,0.9881248144200746,0.0036071378749482946
Cutting_Marks_24.jpg,46.538673346693386,3.8018797595190383,0.29607116794524957,0.03478529590469895,0.9903790345555157,0.0012100168111774652
Cutting_Marks_240.JPG,17.576613226452903,1.5962124248496996,0.6540423286109762,0.05109915020933181,0.998303522686743,0.0026111231521158554
Cutting_Marks_244.JPG,27.403158316633263,1.8830460921843686,0.6250298797331074,0.060703218757715956,0.9955777656027717,0.0036848807675471185
Cutting_Marks_249.JPG,53.03576352705411,3.253078156312625,0.5616129692862012,0.059662028665031584,0.9915658635871573,0.0035595576644270504
Cutting_Marks_25.jpg,26.423082164328658,1.613326653306613,0.7029361534356566,0.13863383970980783,0.9980715309247522,0.019219341512684687
Cutting_Marks_251.JPG,14.122585170340678,1.955635270541082,0.5500377808028045,0.04101599735356284,0.9966611129949088,0.0016823120389074736
Cutting_Marks_257.jpg,78.50477354709419,3.899507014028056,0.44127797975787963,0.057343189066916454,0.98907359096563,0.003288241332364127
Cutting_Marks_258.JPG,116.82936272545088,6.048785571142284,0.31578586036559436,0.025030104725022873,0.970747116658373,0.0006265061425456123
Cutting_Marks_26.jpg,22.266312625250503,1.5006613226452907,0.7073628437128807,0.15053245774668564,0.9977574505153906,0.022660020835257696
Cutting_Marks_262.JPG,103.97357114228456,5.070853707414829,0.3405918145358453,0.026444863506934157,0.9834438038002895,0.000699330805900378
Cutting_Marks_265.JPG,120.760625250501,5.416024048096192,0.33682493597228935,0.02738424957728703,0.9815922260739478,0.0007498971249111449
Cutting_Marks_266.JPG,99.87458116232462,4.792280561122244,0.364581004580966,0.03041516048983696,0.9841850761866752,0.0009250819876225393
Cutting_Marks_267.JPG,119.43824448897794,5.199839679358718,0.35918897107338726,0.030811222246767387,0.9793381858448695,0.0009493314163396935
Cutting_Marks_268.jpg,72.79935470941881,3.8333106212424846,0.4294084354173572,0.057179652926406435,0.9894013532608489,0.0032695127087843004
Cutting_Marks_270.JPG,101.70720641282567,4.804913827655312,0.35918329113604447,0.03055506480919382,0.9833478490000722,0.0009336119854940345
Cutting_Marks_271.JPG,102.83774749498997,4.695663326653307,0.3658828709026583,0.030928904184723632,0.9842402343538315,0.0009565971140678151
Cutting_Marks_276.JPG,10.534957915831662,1.39025250501002,0.6746326988759042,0.07056391260399959,0.9975668605804143,0.004979265761984892
Cutting_Marks_277.JPG,10.452549098196394,1.343547094188377,0.6792630555604924,0.07075492330325794,0.9976467570430095,0.005006259171649914
Cutting_Marks_28.jpg,58.34805210420841,3.148813627254509,0.5987813039009534,0.09042751244776077,0.9955660916298444,0.00817713500748993
Cutting_Marks_280.JPG,10.619334669338674,1.1135070140280559,0.7887120511150882,0.1528955008250848,0.9930659488613686,0.023377034172553508
Cutting_Marks_283.JPG,63.70237274549099,3.2983166332665332,0.6380807529356263,0.08528653844179031,0.9809313093107146,0.007273793639382977
Cutting_Marks_285.JPG,4.051186372745492,0.9239639278557116,0.7233885144200692,0.06660781119091465,0.9994466400691718,0.004436600511644534
Cutting_Marks_286.JPG,99.78824448897794,4.078016032064127,0.6357725444886908,0.19137596647209998,0.9860170888116062,0.03662476054313033
Cutting_Marks_291.jpg,74.60186372745491,4.108909819639279,0.3782544311497581,0.04424506953557786,0.9911835450632256,0.0019576261782081198
Cutting_Marks_293.jpg,83.09657715430862,4.136961923847695,0.45366459106070056,0.060970431526338645,0.9887900388782705,0.0037173935205079495
Cutting_Marks_294.jpg,80.81802404809619,5.539266533066133,0.2594186625510483,0.02461475723116322,0.987718307465755,0.0006058862735491021
Cutting_Marks_297.jpg,54.137470941883755,3.415539078156313,0.4428457767422972,0.05068550021107478,0.9934328508345452,0.0025690199316468613
Cutting_Marks_303.jpg,27.28395991983968,2.4382284569138277,0.5023313170172183,0.053311991381174324,0.9968065823174351,0.0028421684250264055
Cutting_Marks_307.jpg,21.68454509018036,1.9550380761523045,0.5659728884449022,0.061080456164082045,0.9975905052754087,0.0037308221252123483
Cutting_Marks_308.jpg,10.893775551102205,1.495779559118237,0.6063398722347644,0.07804520111740476,0.9988084058083418,0.006091053417456157
Cutting_Marks_309.jpg,12.494585170340681,1.612332665330661,0.6037012607966633,0.08387283105122323,0.9986268683922204,0.007034651788547035
Cutting_Marks_31.jpg,42.120645290581166,2.2544328657314625,0.7056056675989046,0.13663959162146944,0.9964440926583352,0.018670377998481938
Cutting_Marks_314.jpg,66.25062124248498,3.881715430861724,0.4152489613811044,0.049482704189479775,0.9931829762958406,0.002448538013903559
Cutting_Marks_317.jpg,55.4513146292585,3.4402204408817627,0.46873368175633495,0.062379785134475396,0.9944415920388261,0.003891237593423318
Cutting_Marks_322.jpg,68.92343086172346,4.064785571142285,0.4027991159860703,0.046360658638926425,0.9917641083255606,0.002149310669435063
Cutting_Marks_324.jpg,50.5010501002004,3.401691382765531,0.5629638141720514,0.08201548574169502,0.9949417859625888,0.006726539901446179
Cutting_Marks_327.jpg,77.44463326653307,5.48868136272545,0.22623939504950966,0.028675137471019938,0.982301816296504,0.0008222635089818917
Cutting_Marks_33.jpg,62.82155110220441,3.138953907815631,0.62152795009638,0.09519198488259191,0.9951482278081644,0.009061513985887608
Cutting_Marks_333.jpg,29.086937875751502,2.970024048096193,0.4127217037537527,0.03127647124827803,0.9968349926565214,0.0009782176537443624
Cutting_Marks_335.jpg,52.09889378757514,3.287318637274549,0.519110340186449,0.06685271825895106,0.9943475360609808,0.004469285938610688
Cutting_Marks_344.jpg,9.497703406813626,1.3466412825651302,0.6493298434266401,0.045312612177606175,0.9988377529483922,0.0020532328223581433
Cutting_Marks_35.jpg,81.00848096192385,4.435543086172345,0.47107253546082833,0.04903435340436213,0.9900911075110966,0.00240436781378388
Cutting_Marks_351.jpg,71.19169539078155,3.2085450901803605,0.5965998088954604,0.07163112107145742,0.9951201770347198,0.005131017505953791
Cutting_Marks_354.jpg,59.6155511022044,2.918717434869739,0.5864815725452415,0.06089335262220922,0.9953472285562488,0.0037080003935727147
Cutting_Marks_355.jpg,59.50371543086172,3.3151142284569133,0.49785092280167753,0.057074361925699583,0.9949821566735804,0.0032574827892257463
Cutting_Marks_357.jpg,38.59744288577155,2.404352705410822,0.6307431993998526,0.09120323133258162,0.9969901528035497,0.008318029405504399
Cutting_Marks_36.jpg,83.2297875751503,3.951174348697395,0.5665580425992277,0.0728164751361173,0.9925051388318141,0.00530223905124879
Cutting_Marks_45.jpg,63.2186773547094,4.9383486973947885,0.27753017668031355,0.030074743003160598,0.9887378502176118,0.0009044901667061573
Cutting_Marks_49.jpg,86.97877354709419,6.154028056112224,0.2218632348075888,0.02403254707730363,0.9838021498379728,0.0005775633190228152
Cutting_Marks_5.jpg,70.40437274549099,3.552108216432866,0.5559170686219439,0.06304499462052018,0.9946569401943418,0.003974671346701419
Cutting_Marks_50.jpg,96.37034068136275,6.555511022044088,0.2027761537944972,0.023345107844360422,0.9796444128131436,0.0005449940602648185
Cutting_Marks_52.jpg,105.22966332665331,6.711835671342685,0.21130643130137708,0.023735589381778333,0.9788570192537884,0.0005633782033003884
Cutting_Marks_53.jpg,84.34030460921842,4.604432865731463,0.4524311036296123,0.042952758164967436,0.9903863130301361,0.0018449394339781766
Cutting_Marks_55.jpg,79.81850100200401,5.684625250501002,0.24269166397105268,0.02695398425092156,0.9837849432928749,0.0007265172669989276
Cutting_Marks_6.jpg,88.31368336673346,4.468721442885771,0.4884124709695142,0.04703373982618671,0.9916022389874971,0.002212172682037422
Cutting_Marks_61.jpg,73.78991583166332,5.466340681362726,0.251881158833736,0.02709109829291605,0.9857085011283281,0.0007339276067164389
Cutting_Marks_70.JPG,93.52074148296595,5.378969939879759,0.33756237806338857,0.03154406473439641,0.9883375270414559,0.0009950280199677913
Cutting_Marks_80.JPG,71.94702605210419,5.253631262525049,0.254753541250136,0.02130653707702803,0.9879258741653587,0.0004539685222147702
Cutting_Marks_83.JPG,62.420104208416845,4.6581162324649314,0.3287533362793986,0.028183176481379385,0.9906565541525972,0.0007942914365805762
Cutting_Marks_84.JPG,115.60995991983968,6.291651302605211,0.2879848012190374,0.026912361839463918,0.9827373139271496,0.0007242752197782337
Cutting_Marks_86.JPG,114.5666372745491,5.828801603206413,0.3382410842660693,0.02834152903608662,0.9819898558815673,0.000803242268103341
Cutting_Marks_9.jpg,44.968709418837676,2.3820881763527053,0.6846004493729986,0.15444920535213993,0.9971854141440435,0.023854557033907493
Cutting_Marks_92.JPG,82.58183166332667,4.668837675350702,0.3909139407857174,0.033977038287151276,0.9884920699037627,0.0011544391307665436
Cutting_Marks_93.JPG,76.235498997996,6.077559118236473,0.1926685137166376,0.017837819780084366,0.984830589841026,0.00031818781450676905
Cutting_Marks_94.JPG,424.5644368737474,11.98991983967936,0.24442369991943033,0.023450202736554508,0.9171364708479136,0.0005499120083855085
Cutting_Marks_97.JPG,32.24016432865731,2.565967935871743,0.6042478130091534,0.10040156876334412,0.9962108840316561,0.010080475010140519
Cutting_Marks_98.JPG,46.126785571142285,3.184733466933868,0.5666719193731268,0.09625257715094365,0.9941722751517905,0.00926455860819836
Hot_tears_cracks_1.jpg,166.89543887775554,8.402004008016034,0.18623009851403483,0.014197078216712278,0.979156355233179,0.0002015570298914463
Hot_tears_cracks_10.JPG,499.8461362725452,15.034769539078159,0.12725301225344227,0.013906972420772283,0.8842030700150474,0.00019340388191212092
Hot_tears_cracks_101.JPG,142.24239278557113,5.827386773547094,0.331386450475014,0.03550418491385209,0.9830965708221807,0.0012605471463970025
Hot_tears_cracks_103.JPG,471.356873747495,14.376833667334669,0.15464905312865618,0.016270885775790438,0.9048889173565599,0.0002647417239288196
Hot_tears_cracks_107.JPG,109.30226052104211,3.9735310621242492,0.4615090751011666,0.03619033154627528,0.9844333365627289,0.0013097400974293276
Hot_tears_cracks_110.JPG,71.13133867735472,4.741398797595191,0.3280075055325718,0.031748128114592315,0.9854502563518552,0.001007943638780567
Hot_tears_cracks_112.jpg,115.68410020040082,6.388925851703407,0.26391153647953436,0.01778950206355259,0.9867897352755569,0.00031646638366914187
Hot_tears_cracks_113.JPG,191.3807294589178,7.152008016032061,0.3114130216161785,0.031396284426608224,0.9755787061726823,0.0009857266757964823
Hot_tears_cracks_114.JPG,94.22597595190379,5.393711422845691,0.3114833905255434,0.03242008902580427,0.9837883652994823,0.0010510621724410744
Hot_tears_cracks_118.JPG,35.00804408817636,2.933567134268537,0.4234414667176024,0.037701234872497234,0.9947871981161217,0.0014213831109112017
Hot_tears_cracks_119.JPG,134.40824448897797,7.4502404809619245,0.19018239740296938,0.019903138323410778,0.9672177686008493,0.0003961349151208228
Hot_tears_cracks_120.JPG,143.21886573146296,7.469038076152305,0.20251599953307595,0.02148050845125236,0.9671780351336468,0.00046141224332432414
Hot_tears_cracks_121.JPG,186.85483366733462,6.936589178356713,0.3123547676774456,0.031501006019928134,0.9761923433121908,0.0009923133802675487
Hot_tears_cracks_123.JPG,198.23467735470942,7.415046092184368,0.31185652044318724,0.031233900234671014,0.9739575537805575,0.000975556523869382
Hot_tears_cracks_124.JPG,193.00714228456908,7.467759519038074,0.28431518489941177,0.024223831341126736,0.9737087436110132,0.0005867940048433539
Hot_tears_cracks_127.JPG,233.02034869739484,8.410448897795593,0.25936951289982424,0.02141674693994775,0.9717759936086009,0.00045867704948976125
Hot_tears_cracks_129.JPG,263.4872745490982,8.576933867735471,0.2703780466451617,0.020782152338771464,0.9656224260905807,0.00043189785583190425
Hot_tears_cracks_13.jpg,65.20919038076153,4.067482965931863,0.43251460630290967,0.03442427968750962,0.9931037290040701,0.0011850310320038874
Hot_tears_cracks_130.jpg,111.8633226452906,6.180789579158318,0.2929168200396878,0.023494847080284362,0.990345096780275,0.0005520078393259466
Hot_tears_cracks_131.JPG,185.3435831663327,7.132216432865733,0.2957036056111226,0.02298082733991986,0.977168110550149,0.0005281184252272081
Hot_tears_cracks_134.JPG,148.27513026052105,6.017342685370741,0.3585009936237582,0.029165366721327097,0.981652402660534,0.000850618615989494
Hot_tears_cracks_135.JPG,232.42205210420846,7.7742845691382785,0.3182928861970796,0.028256748247290547,0.9697301179956779,0.0007984438215107573
Hot_tears_cracks_137.JPG,204.464749498998,7.088709418837675,0.32503877608191956,0.023502127875121768,0.9767043183145625,0.0005523500146585756
Hot_tears_cracks_138.JPG,152.88624448897795,6.411054108216433,0.28074995660823754,0.02224809481688336,0.9834695809990495,0.0004949777229810322
Hot_tears_cracks_14.JPG,162.22499398797592,8.288472945891783,0.19198131827691609,0.017596548169339168,0.9664003307903698,0.0003096385074758736
Hot_tears_cracks_144.JPG,173.13618436873747,6.209859719438878,0.3443317903285458,0.031720300584433155,0.9812117644631002,0.0010061774691667905
Hot_tears_cracks_145.JPG,259.0503246492986,7.6322084168336675,0.32927354951510945,0.03145239717635851,0.9699939808941175,0.000989253288139405
Hot_tears_cracks_148.JPG,228.4754228456914,7.083759519038076,0.3251388516316779,0.03378574094584688,0.9749860745756619,0.0011414762912598745
Hot_tears_cracks_149.JPG,202.585374749499,6.434456913827655,0.3748714109232626,0.0398394691792539,0.9749933532707059,0.0015871833044847211
Hot_tears_cracks_15.JPG,218.62420841683365,9.758012024048096,0.15976302842039009,0.01613967317651687,0.9554262521878841,0.00026048905024477815
Hot_tears_cracks_150.JPG,247.32820040080165,7.301490981963929,0.3257463796096829,0.03527709392124999,0.9703859230200538,0.001244473355528693
Hot_tears_cracks_151.JPG,225.14375551102208,7.362472945891785,0.28731980413159086,0.031395321981216376,0.9724662919862965,0.0009856662423042481
Hot_tears_cracks_152.jpg,123.62714629258521,6.965134268537076,0.24400321802017333,0.02058544132479477,0.9826585483670133,0.00042376039453656826
Hot_tears_cracks_156.JPG,291.3259358717436,8.873062124248499,0.27265501501485084,0.030124421140883307,0.9667239158930493,0.0009074807490732971
Hot_tears_cracks_160.JPG,86.31448096192385,5.488805611222444,0.2670378773215337,0.023892191021756735,0.9924460641951318,0.0005708367918201132
Hot_tears_cracks_162.JPG,192.00027254509018,7.79369138276553,0.4093985366030879,0.0569579545411147,0.9646059963293253,0.0032442085855076885
Hot_tears_cracks_164.JPG,160.6006773547094,5.385486973947896,0.6077112373418042,0.10727913983678798,0.9760401755821706,0.011508813844121111
Hot_tears_cracks_165.JPG,66.45715831663325,3.549414829659318,0.6356264062521816,0.10283009849508756,0.9810786428651541,0.010574029156509408
Hot_tears_cracks_166.JPG,69.98575951903808,3.3911543086172338,0.6748480461105993,0.16680408711870373,0.9923729494759392,0.027823603479504105
Hot_tears_cracks_168.JPG,124.22272945891787,5.544741482965933,0.3399484557284442,0.025390948589606478,0.9806784897699672,0.0006447002702800392
Hot_tears_cracks_169.JPG,154.47037274549098,6.437627254509018,0.3235190972919504,0.024523830274496762,0.9770807890390508,0.0006014182513323239
Hot_tears_cracks_17.JPG,124.52796793587174,7.037450901803607,0.20392968140923717,0.01955127249094125,0.9735100718447771,0.00038225225601503613
Hot_tears_cracks_174.jpg,123.51096993987974,5.87813627254509,0.39064258510077665,0.040788745114616956,0.9851099191303176,0.0016637217280251887
Hot_tears_cracks_175.JPG,131.22301803607218,4.793655310621244,0.6161171298344583,0.14192128462466067,0.9788968207446078,0.02014165102951394
Hot_tears_cracks_176.JPG,86.59204408817634,3.8701923847695383,0.6146797639350234,0.13841777972880948,0.9837976700244134,0.019159481745053223
Hot_tears_cracks_178.JPG,116.63808016032065,4.736589178356714,0.5808974225147603,0.131949816024045,0.9787161264354186,0.017410753948779327
Hot_tears_cracks_18.JPG,404.16929859719437,13.15963126252505,0.12697704438815902,0.01381174595218453,0.9179790913547033,0.00019076432624768575
Hot_tears_cracks_180.JPG,109.20779959919838,4.419190380761523,0.5969247617654403,0.12280510799564115,0.9814200268749261,0.015081094549821084
Hot_tears_cracks_181.JPG,120.38648096192385,4.636428857715431,0.5936125336085515,0.13262264290301515,0.9738430799428951,0.017588765410580676
Hot_tears_cracks_182.JPG,151.50686172344692,5.351134268537074,0.5819491635306719,0.12659836033209806,0.9700086209645865,0.016027144838775743
Hot_tears_cracks_183.JPG,189.18555110220444,6.378184368737475,0.553143760760255,0.1206739553889855,0.9656036718151677,0.014562203509222861
Hot_tears_cracks_184.JPG,249.78669338677352,8.0788376753507,0.4886141466449727,0.11029762449669792,0.9556113306190116,0.012165565969614578
Hot_tears_cracks_185.jpg,125.60863727454907,6.056861723446891,0.36558291342814625,0.03543396904645159,0.9890401860200294,0.0012555661623848894
Hot_tears_cracks_186.JPG,114.31485771543086,4.513551102204409,0.6072331588933564,0.12173881211902429,0.9832266999436852,0.014820338376151095
Hot_tears_cracks_189.JPG,70.98742685370742,3.8597474949899797,0.5277922299640209,0.04451990917739389,0.9889859686184966,0.0019820223131634005
Hot_tears_cracks_19.JPG,146.28251703406815,8.028200400801603,0.209758800669613,0.021164766323889455,0.9608486202406802,0.0004479473335448452
Hot_tears_cracks_191.JPG,168.5580360721443,5.968633266533066,0.5242100013093139,0.03872231139705016,0.9754650347750118,0.0014994173999301208
Hot_tears_cracks_193.JPG,17.201386773547096,1.776176352705411,0.647869403238533,0.05194222787063059,0.9972311305834026,0.002697995036164513
Hot_tears_cracks_194.JPG,134.1269258517034,6.333627254509017,0.348869899782585,0.027220809355307272,0.9619847725745209,0.0007409724619579838
Hot_tears_cracks_196.jpg,89.85626052104206,4.746561122244487,0.4503426954005225,0.04522322566999657,0.99197596092392,0.002045140139999437
Hot_tears_cracks_197.JPG,19.95965531062124,1.6409218436873747,0.684116470277272,0.06851985357144655,0.9960393570318867,0.004694970333452475
Hot_tears_cracks_198.JPG,18.42614829659319,1.7598396793587177,0.6485460575432656,0.06220545561894235,0.9960054898319889,0.003869518708760206
Hot_tears_cracks_199.JPG,39.55279759519038,3.227218436873748,0.4955719921810648,0.037542860461358,0.9883258479522552,0.0014094663716209975
Hot_tears_cracks_2.jpg,54.3625490981964,3.5008496993987985,0.49254163842104925,0.04403917909525967,0.9947437082295877,0.0019394492953843563
Hot_tears_cracks_200.JPG,223.90186773547092,9.65204008016032,0.21506996096494072,0.019699321735895118,0.9160116842439799,0.00038806327685430984
Hot_tears_cracks_201.JPG,37.63899799599199,3.048537074148297,0.467083467228737,0.037341831662602,0.9912676571496983,0.0013944123919181052
Hot_tears_cracks_202.JPG,265.6207815631263,10.522016032064128,0.17522178883074174,0.018631292810399935,0.9319734457995634,0.0003471250717868603
Hot_tears_cracks_203.JPG,125.87307414829658,7.464416833667334,0.21239922086526208,0.02042733155343788,0.9702744990349004,0.00041727587439407873
Hot_tears_cracks_21.JPG,327.7415430861724,12.200228456913829,0.1351123653932362,0.013287477790607191,0.9338166847679122,0.00017655706603587938
Hot_tears_cracks_22.JPG,355.2269178356714,12.53396392785571,0.1347601242737913,0.013098688493832993,0.9293618372610507,0.00017157564025847285
Hot_tears_cracks_23.JPG,487.06261322645287,14.595382765531062,0.11118708873218186,0.012470341439785712,0.9018606544656774,0.0001555094156248368
Hot_tears_cracks_25.JPG,408.18632464929857,13.144248496993988,0.14199627176008628,0.013611562933159127,0.9203143836310657,0.00018527464548335148
Hot_tears_cracks_26.JPG,249.83623246492988,10.282404809619237,0.18211118903380258,0.016529391952217934,0.9412859519924743,0.000273220798310047
Hot_tears_cracks_28.JPG,161.08781563126252,8.19689779559118,0.20951422426222022,0.017867550263319237,0.9630627551310226,0.00031924935241223933
Hot_tears_cracks_29.JPG,362.8716072144289,12.318581162324652,0.152988516395426,0.014244415674153882,0.9315559070731949,0.0002029033778980808
Hot_tears_cracks_3.JPG,338.2607855711422,11.914837675350698,0.16389000012785437,0.01758443278175098,0.9156353626343433,0.00030921227625591854
Hot_tears_cracks_30.JPG,480.2805370741483,14.304064128256513,0.13853966175787003,0.013430568983185918,0.9114074497115799,0.00018038018321211562
Hot_tears_cracks_31.JPG,317.92107815631255,11.428845691382763,0.18130886301130947,0.01694970645839943,0.9296750683415257,0.00028729254902590745
Hot_tears_cracks_32.JPG,457.92987975951905,13.84498997995992,0.14304376999434631,0.013734665689496871,0.915955433222758,0.00018864104160224256
Hot_tears_cracks_39.JPG,30.406801603206418,3.5546973947895792,0.3277992043028874,0.026211660925420256,0.992924343574288,0.000687051168469203
Hot_tears_cracks_40.JPG,33.14643286573146,3.6598036072144287,0.32675376628986585,0.027892701611740543,0.9928410921471339,0.0007780028032015935
Hot_tears_cracks_41.JPG,20.09219639278557,2.8199158316633266,0.3847530109104491,0.032372550225528804,0.9955488752800037,0.001047982008104385
Hot_tears_cracks_43.JPG,11.846681362725452,2.0904328657314633,0.4673989795489863,0.03949361375116738,0.99726738729854,0.0015597455271263972
Hot_tears_cracks_45.JPG,21.75508617234469,3.292729458917835,0.3006474995686913,0.032702051848218235,0.9911970851442604,0.0010694241950835537
Hot_tears_cracks_46.JPG,89.00235671342685,6.242012024048097,0.19510808646936972,0.02269493043015221,0.9840725741835721,0.0005150598672294488
Hot_tears_cracks_47.JPG,201.42156312625252,9.609563126252505,0.1459862144246932,0.015563162121265406,0.9469165204154497,0.00024221201521279031
Hot_tears_cracks_50.JPG,21.6997875751503,2.8429458917835673,0.3894087237022071,0.03614209150159029,0.996730412591087,0.001306250778109325
Hot_tears_cracks_51.JPG,200.20919438877755,6.431903807615231,0.46256387370030005,0.034123751728177505,0.9694174860572548,0.0011644304320062974
Hot_tears_cracks_52.JPG,85.1106172344689,5.251707414829658,0.29375007577228585,0.026211123897532954,0.99079045686946,0.0006870230159718231
Hot_tears_cracks_56.JPG,87.61420841683369,3.717687374749499,0.5321663753982034,0.04699958305545185,0.990778980666053,0.0022089608073863165
Hot_tears_cracks_57.JPG,134.53694589178357,6.635022044088179,0.22955918392502084,0.027816694752500475,0.9765861938681345,0.0007737685069537874
Hot_tears_cracks_58.JPG,67.42847294589178,3.2836072144288577,0.5637766882546817,0.06300589474102707,0.9905348121396886,0.003969742772117381
Hot_tears_cracks_60.JPG,100.93501402805612,4.510741482965932,0.4795216701644759,0.03819163260191945,0.9813208203505328,0.0014586008007999966
Hot_tears_cracks_63.JPG,28.762829659318633,2.399503006012024,0.5193270616064787,0.04116502636150976,0.9969725413720888,0.0016945593953437937
Hot_tears_cracks_65.JPG,44.97679358717434,3.2973867735470934,0.45337375604542607,0.035708674594943236,0.9948335858946846,0.0012751094413275444
Hot_tears_cracks_66.JPG,48.264801603206415,3.2052264529058117,0.47910599500263024,0.038530480262324064,0.9936038204588444,0.0014845979092453444
Hot_tears_cracks_67.JPG,49.88780360721443,3.3014549098196397,0.4747969819225991,0.038559586870082097,0.9934030886673899,0.0014868417395914077
Hot_tears_cracks_68.JPG,127.56006813627255,5.7739038076152305,0.2676639876462885,0.0336782053735448,0.9787329434373211,0.0011342215171826619
Hot_tears_cracks_69.JPG,42.345979959919845,2.948673346693387,0.5070972107703607,0.04255416983153029,0.9947058798275044,0.0018108573700507228
Hot_tears_cracks_7.JPG,417.54882965931864,13.618953907815634,0.1266553581343286,0.015071353562638208,0.8902793639471487,0.0002271456982100474
Hot_tears_cracks_70.JPG,34.60107014028056,2.572108216432866,0.5341821754716533,0.04509973249967991,0.9957361495712801,0.0020339858715426842
Hot_tears_cracks_71.JPG,38.55956713426853,1.835615230460922,0.7625080635331701,0.14920610224096056,0.9951672677333531,0.022262460945939977
Hot_tears_cracks_72.JPG,68.79356312625248,3.428112224448897,0.5168202674567574,0.04149245638972539,0.9916112639935811,0.0017216239372532633
Hot_tears_cracks_73.JPG,124.11775150300602,3.841551102204409,0.5842850993370545,0.04260769905087067,0.9865425599813272,0.001815416018409565
Hot_tears_cracks_74.JPG,112.69410420841682,3.673214428857715,0.5870666067460414,0.04313376427342157,0.9880747651246001,0.001860521620395099
Hot_tears_cracks_75.JPG,70.98545891783567,2.889563126252505,0.6002224332584096,0.04608950981174664,0.9915231081669449,0.00212424291468709
Hot_tears_cracks_77.JPG,52.470180360721436,3.0634949899799597,0.5070926393999186,0.04012559919287819,0.9936918451315667,0.0016100637105875071
Hot_tears_cracks_79.JPG,139.15224048096192,6.118997995991984,0.25749705328450345,0.03082844652082049,0.9782620790470437,0.0009503931148870889
Hot_tears_cracks_8.JPG,125.42010020040081,7.543947895791582,0.1913611187575915,0.018783162928793434,0.9629148506471343,0.0003528072096096
Hot_tears_cracks_84.JPG,310.79974749498996,10.643138276553106,0.1844875779042776,0.020609649866989224,0.9536175432611507,0.000424757667639889
Hot_tears_cracks_86.JPG,39.249226452905816,2.9280721442885773,0.4694033173988057,0.05139079211300358,0.9950006623566684,0.0026410135140019515
Hot_tears_cracks_91.JPG,37.695607214428854,2.8622925851703407,0.4556700322724117,0.05106441048102905,0.9960547654338369,0.0026075740177750294
Hot_tears_cracks_93.JPG,118.10403607214428,6.943154308617236,0.24642036853217003,0.02136734244212095,0.9783273228159388,0.0004565633230388633
Hot_tears_cracks_94.JPG,88.90574348697395,6.005607214428858,0.26291525308937813,0.022330216472676558,0.9833440855517619,0.0004986385677165954
Hot_tears_cracks_96.JPG,57.4002885771543,4.313523046092184,0.36490777799997837,0.03310510716929154,0.9924009549500225,0.0010959481206902783
Hot_tears_cracks_97.JPG,37.009254509018035,3.5789378757515027,0.38062913347334076,0.034178988108185496,0.9949375018756094,0.0011682032280994855
Hot_tears_cracks_98.JPG,31.556376753507013,3.2987815631262523,0.39376513721852036,0.03513379828016377,0.9956619285245952,0.0012343837815912385
inclusion_10.JPG,21.78973146292585,1.7720080160320644,0.6769669092419119,0.06791100992811658,0.9977872101242705,0.004611905269456749
inclusion_107.JPG,76.79658517034068,5.1456352705410815,0.3008993548723384,0.023357818227280246,0.983257626853328,0.0005455876723386653
inclusion_109.JPG,99.5672985971944,5.707795591182366,0.3105205966009767,0.024430277083976066,0.9798841834376609,0.0005968384383998461
inclusion_110.JPG,89.26221643286574,5.2573587174348715,0.3341565174717543,0.025826791059929754,0.9837011701941785,0.0006670231364532675
inclusion_112.JPG,55.62380761523047,4.0141883767535065,0.3796305224429743,0.04344160770998919,0.990139210796453,0.0018871732804285927
inclusion_118.JPG,99.5089018036072,5.621174348697395,0.3434857940496912,0.02644459834938534,0.9830401776926702,0.0006993167818603139
inclusion_127.JPG,88.59212024048097,5.464945891783567,0.2993072748512175,0.029704562523199026,0.9838297393376058,0.0008823610346946401
inclusion_129.JPG,88.76573146292586,5.521683366733468,0.3015766356481412,0.026862142216119295,0.9907396301148591,0.0007215746844390185
inclusion_13.JPG,83.94004408817635,4.871058116232465,0.2944995785149396,0.04221604682653508,0.9793542497256603,0.0017821946096602023
inclusion_130.JPG,54.49501803607214,3.6380480961923842,0.4543749958071505,0.040593791349922706,0.9951669739114665,0.0016478558961610596
inclusion_131.JPG,71.95517034068136,4.185246492985972,0.44387242702436025,0.04368642954613539,0.9932983754614179,0.0019085041264894516
inclusion_133.JPG,81.85666933867736,4.633783567134269,0.421085585359976,0.042287340087194814,0.9921767127083144,0.0017882191316500736
inclusion_138.JPG,98.08202805611222,5.464160320641283,0.32713452260159775,0.030057739251061175,0.988587980175703,0.0009034676888847837
inclusion_14.JPG,25.552953907815635,1.8065170340681365,0.6944297304536722,0.07312025896284895,0.9972897397386564,0.005346572270794092
inclusion_141.JPG,40.02154709418837,3.434020040080161,0.3840958047279846,0.03306167650794876,0.9926745153761382,0.001093074453516251
inclusion_147.JPG,101.74531863727455,5.7860000000000005,0.29078897724959063,0.02278581172772876,0.983926298585041,0.0005191932160915015
inclusion_151.JPG,90.92725851703408,5.300052104208416,0.3293865903632641,0.02526090427291952,0.9880983955131208,0.0006381132846856037
inclusion_153.JPG,87.29098997995993,4.919927855711423,0.37652735575038565,0.03278582886944185,0.9869657552439235,0.0010749105746563265
inclusion_155.JPG,99.87902204408817,5.423254509018037,0.3458144426404489,0.032204333994598155,0.9892630966296018,0.0010371191280356302
inclusion_157.JPG,7.152561122244489,1.2784689378757514,0.6389736363128166,0.07415880946975753,0.9988532628406505,0.0054995290219718
inclusion_160.JPG,33.385234468937874,3.0822204408817635,0.4362707598392891,0.031899263404835246,0.9956343003037817,0.0010175630057710611
inclusion_166.JPG,156.9359398797595,5.65924248496994,0.3932352472061646,0.03356065214234355,0.9797310940922547,0.0011263173722193885
inclusion_167.JPG,48.65470941883767,3.2941082164328654,0.48850026839646715,0.03942443820991438,0.9936778235338846,0.0015542863281673568
inclusion_168.JPG,9.708973947895792,1.561687374749499,0.5936774554848867,0.07374405215454176,0.9985588273255008,0.005438185228171775
inclusion_169.JPG,102.98563527054107,4.288104208416833,0.5050249193130588,0.04487062798233487,0.9850826367212713,0.0020133732555290933
inclusion_170.JPG,11.941827655310625,1.679118236472946,0.5814962429943549,0.05223355918796795,0.9970397936722372,0.002728344705442951
inclusion_172.JPG,17.72030861723447,1.926040080160321,0.6004382779536678,0.05327828447014735,0.9974043938311138,0.0028385755960819437
inclusion_174.JPG,23.158545090180365,2.3719158316633266,0.5330512318194394,0.044284927805106455,0.9969368709567469,0.001961154830703491
inclusion_175.JPG,15.903915831663328,1.8703126252505011,0.5947183608258821,0.04910782810110939,0.9979181445040163,0.0024115787808081093
inclusion_18.JPG,126.22720240480962,6.734312625250502,0.20925691150923112,0.031224378350357143,0.9730940099649096,0.0009749618033662518
inclusion_180.JPG,47.86755511022044,3.278024048096192,0.49232346847165126,0.04273082820425283,0.9938103809612987,0.0018259236790213692
inclusion_181.JPG,6.143334669338677,1.0242484969939878,0.708675145754693,0.06758386140920496,0.9992617759129897,0.004567578322978622
inclusion_183.JPG,45.788048096192384,3.3432785571142283,0.4474420780707686,0.04520425445447204,0.995276993295909,0.0020434246207846557
inclusion_185.JPG,53.83845691382767,3.6639158316633273,0.40876682992267455,0.0361383278395834,0.9945757726243798,0.0013059787390412088
inclusion_191.JPG,12.793054108216431,1.3787294589178354,0.6136108543272016,0.05346045139515792,0.9984373801150067,0.0028580198633740422
inclusion_192.JPG,5.39903006012024,1.1844969939879757,0.6153402836637668,0.06906188169925107,0.9993140683828005,0.004769543503841349
inclusion_193.JPG,112.35886973947895,4.9397915831663335,0.4684413761275978,0.03590811391606997,0.9887442593614598,0.0012893926450094578
inclusion_194.JPG,144.7609498997996,5.68972745490982,0.48348744526911197,0.06613103551417653,0.9856812311985693,0.004373313858177276
inclusion_198.JPG,229.8654388777555,8.445046092184368,0.3703976896031045,0.031683975662119425,0.973398256487581,0.001003874313757776
inclusion_200.JPG,120.16915030060117,6.013983967935871,0.3519997953210218,0.025043626578350315,0.987936189273711,0.0006271832321958544
inclusion_202.JPG,120.93164328657315,6.0945931863727445,0.3481333010233355,0.024866749274019512,0.987326198377741,0.00061835521945695
inclusion_203.JPG,165.37531062124248,7.526404809619239,0.3034173781720853,0.023283268540592785,0.9830710070600801,0.0005421105939333577
inclusion_204.JPG,39.83523046092184,2.604529058116232,0.608615163106643,0.07913983858810172,0.9962112104695477,0.006263114051750796
inclusion_209.JPG,182.55457314629254,8.419759519038076,0.17309952512717564,0.025639654012174672,0.9655886689185667,0.0006573918578640247
inclusion_21.JPG,93.16989579158317,5.104364729458918,0.30248915223548045,0.038735902917301085,0.9840322053486116,0.0015004701748185748
inclusion_210.JPG,205.86545490981965,8.285719438877758,0.2434367677582634,0.028916921423711793,0.9749082495511611,0.000836188344625122
inclusion_212.JPG,16.416697394789576,1.8134829659318632,0.6938245334902677,0.3522365517649231,0.9979608979194954,0.12407058839924334
inclusion_218.jpg,26.803050100200398,2.7123326653306616,0.49235735613532905,0.048851202217268484,0.996105646916597,0.0023864399580724575
inclusion_224.JPG,6.650829659318637,0.9003927855711423,0.7842822792657009,0.12684943899589624,0.9993550490443217,0.016090780173573602
inclusion_225.jpg,37.12206813627255,3.416961923847696,0.33863101586439337,0.031105845111586726,0.9932245367654514,0.0009675736001060239
inclusion_227.jpg,37.69581563126252,3.4550541082164328,0.33657043204730236,0.03098081049996047,0.9936203790715344,0.000959810619234461
inclusion_229.jpg,23.336340681362717,2.6303446893787568,0.41808599858907985,0.029303949682287878,0.9966466994355238,0.0008587214669820599
inclusion_23.JPG,166.8790661322645,7.312845691382766,0.21352882389765707,0.03087043522773065,0.9628641377065436,0.0009529837711495135
inclusion_232.jpg,22.18337074148296,2.541230460921843,0.42292131864005633,0.029378687525035075,0.9969770149642796,0.0008631072806936515
inclusion_235.JPG,51.35576352705411,2.518529058116232,0.7149190446012608,0.10213890332713185,0.9952814211059706,0.010432355572869187
inclusion_236.jpg,23.14006412825652,2.6840320641282567,0.40329086346097354,0.02883077706148505,0.9963739594302066,0.0008312137059690527
inclusion_237.jpg,19.841462925851705,2.3957074148296593,0.43602688058759503,0.029955745984419455,0.9972129712713133,0.0008973467174830623
inclusion_239.jpg,18.858036072144287,2.5399038076152305,0.4150406851531936,0.03300694940465066,0.9972857575848987,0.0010894587090011687
inclusion_24.JPG,58.39099398797595,4.455795591182365,0.28186791279791534,0.03423290732919217,0.9872752245289644,0.0011718919442090595
inclusion_242.jpg,18.05173146292585,2.4262404809619236,0.4204467658759485,0.0338059016235685,0.9974804560676307,0.0011428389845823913
inclusion_243.jpg,116.56523446893786,4.359382765531062,0.5856436539922617,0.06456386556718054,0.9899190746146926,0.00416849273697696
inclusion_247.jpg,28.50869739478958,3.1730741482965934,0.3736483938762379,0.030616598814817066,0.9974352868991296,0.0009373761229874579
inclusion_249.jpg,73.1814629258517,4.415442885771543,0.4690025596072351,0.05742326461942871,0.9923779472171461,0.0032974313195529336
inclusion_254.jpg,24.366068136272542,2.308,0.5665227561960919,0.17033113668885783,0.997335051482953,0.029012696125718367
inclusion_26.JPG,266.386004008016,10.251382765531064,0.1735002095823929,0.020565033008684,0.9474455898651953,0.00042292058264826256
inclusion_261.jpg,74.78009218436874,4.473903807615231,0.36354487931667884,0.0356810833112763,0.9873303141999384,0.00127313970626624
inclusion_268.JPG,62.59591583166333,2.7490621242484976,0.6280941700239906,0.07832113846285402,0.9947212163165063,0.006134200730117552
inclusion_27.JPG,232.5681803607214,9.227418837675351,0.20833708645508156,0.023857387599494576,0.9646082746227337,0.0005691749430725176
inclusion_276.jpg,79.47971543086173,4.058881763527054,0.42960293136745314,0.040293054025352174,0.9882800200965692,0.001623530202689949
inclusion_278.jpg,74.19575951903809,4.173082164328656,0.49146469020088357,0.05592807673494602,0.9922023973886454,0.0031279497672700106
inclusion_279.JPG,296.6347735470942,8.430821643286574,0.5159599300699502,0.04697524466942735,0.9591846538421606,0.0022066736117525632
inclusion_28.JPG,232.04835671342693,8.664340681362726,0.2509060504480769,0.026112616480984324,0.9706363492508917,0.0006818687394829742
inclusion_285.jpg,83.57896993987976,4.159010020040081,0.4676555246787287,0.0569931340112861,0.9893613699974899,0.003248217324428416
inclusion_295.jpg,65.19941482965932,3.4093466933867735,0.38652693023455886,0.0437553180002362,0.9880837652533039,0.001914527853301794
inclusion_303.JPG,77.0163006012024,3.3814549098196394,0.61805733947617,0.08460619476099236,0.9924029787745544,0.007158208191934972
inclusion_304.JPG,52.182376753507015,2.710272545090181,0.6391869180351966,0.08923460836502237,0.9950378677014065,0.00796281533005892
inclusion_310.JPG,98.47404008016034,3.8792745490981972,0.6603193265660374,0.1510328870948473,0.9903304344895199,0.02281093298420489
inclusion_311.JPG,577.429358717435,15.485783567134272,0.23975335249297564,0.03544064498723431,0.9145960164227219,0.0012560393171111763
inclusion_317.JPG,111.19941482965932,6.037755511022043,0.3173918555057538,0.035537486463236574,0.9604715317000801,0.0012629129441247226
inclusion_318.JPG,173.45419238476953,7.90922244488978,0.2435876018603112,0.028955481240967286,0.9121665704954498,0.0008384198938960084
inclusion_320.JPG,71.7411743486974,6.0863126252505015,0.1705501232478493,0.032051781691061224,0.7941814293099128,0.0010273167095714475
inclusion_325.JPG,490.0838557114228,13.317899799599198,0.3204786966337444,0.052136195592234806,0.9412811408262918,0.002718182890831764
inclusion_326.JPG,34.7667615230461,1.6199879759519038,0.8047780381514673,0.1421894229564024,0.9975791860643627,0.020217832000674698
inclusion_33.JPG,58.487983967935854,3.601466933867735,0.5434940179004383,0.06452075252440283,0.9919489211089403,0.004162927506315234
inclusion_331.JPG,97.05719438877756,6.489619238476954,0.19703400775626564,0.026943731195667286,0.9031605170018013,0.0007259646507443746
inclusion_336.JPG,311.3196753507014,10.369070140280561,0.2927825151958882,0.03266762215796664,0.9247056636547364,0.0010671735374556729
inclusion_339.JPG,40.43178757515031,2.0130060120240483,0.7056736331937057,0.1186139798326577,0.9963187922189639,0.014069276211742128
inclusion_340.JPG,0.3625170340681362,0.28615631262525043,0.8644292842502908,0.0839469977385944,0.9998653790989662,0.007047098429323575
inclusion_344.JPG,90.9196392785571,6.775783567134269,0.16512822795646187,0.024710279912247717,0.8861848908256422,0.0006105979333416331
inclusion_345.JPG,55.59723847695393,3.9479879759519045,0.3500970412686625,0.04538080740856745,0.9878935240409116,0.0020594176810534905
inclusion_350.JPG,93.30747895791585,4.777386773547095,0.40955154078929135,0.031071454801355487,0.9873792134568433,0.0009654353034726771
inclusion_353.JPG,40.22959519038076,2.7875591182364725,0.5383287654954024,0.04485979128230617,0.9947156741178798,0.0020124008738920725
inclusion_354.JPG,40.12947895791583,2.4725250501002,0.6294618590118399,0.04665343840583551,0.9942546970418348,0.002176543315087088
inclusion_355.JPG,40.18883366733468,2.8404408817635276,0.5382729839292864,0.03934209034980318,0.993865108441968,0.0015478000730920764
inclusion_356.JPG,45.2888496993988,3.404328657314629,0.41208028889375686,0.05273322764651225,0.9901594115352794,0.0027807932980188836
inclusion_358.JPG,65.94691783567134,4.666701402805611,0.4092137400150374,0.03808112729865438,0.9925910961125788,0.0014501722563363198
inclusion_36.JPG,294.1889539078157,10.786581162324648,0.24273679880735438,0.024211640450806784,0.9673118339620205,0.0005862035333191433
inclusion_360.JPG,478.82722244488974,13.485907815631263,0.271192113157981,0.02658298708173976,0.9386537695768561,0.000706655202187943
inclusion_37.JPG,352.4971102204409,12.064765531062124,0.23233905578054093,0.023908438159092868,0.9604976328791829,0.000571613415207168
inclusion_41.JPG,483.9319238476955,14.758561122244492,0.1635876878093451,0.018075321799725225,0.9443977231266658,0.0003267172581636219
inclusion_42.JPG,506.92052905811624,15.431679358717435,0.15529795152400921,0.01636964891991953,0.9368306826033315,0.00026796540576142267
inclusion_43.JPG,463.5200721442885,14.242949899799598,0.16017632896101863,0.016132762909440296,0.9286893587771863,0.0002602660390922125
inclusion_46.JPG,69.00747895791582,4.628480961923848,0.28765860035678253,0.03444965543985395,0.9857811391665942,0.0011867787599246589
inclusion_47.JPG,377.6385771543086,12.148404809619239,0.2009366642374551,0.019088945013689355,0.9326750418424158,0.00036438782173565563
inclusion_50.JPG,35.52783166332666,2.830981963927856,0.46750607198210037,0.03279994711546019,0.9953017601813028,0.0010758365307769852
inclusion_51.JPG,31.581919839679365,2.8553466933867737,0.4287517308497113,0.03153301130378021,0.9941838452731532,0.0009943308018843303
inclusion_53.JPG,38.97349498997996,3.2565811623246494,0.40018572544668435,0.02942622372920578,0.992709712167562,0.0008659026429612734
inclusion_60.JPG,92.74084168336674,4.972120240480962,0.3459206298102071,0.0306552280214676,0.9845516402135603,0.0009397430050481725
inclusion_63.JPG,255.83442885771544,8.400841683366734,0.38966916876097574,0.035451831293161526,0.9736825990920609,0.0012568323420387869
inclusion_64.JPG,337.2096112224449,9.744809619238477,0.3854869327587548,0.03760870282867663,0.9621584902897223,0.0014144145284557092
inclusion_65.JPG,371.9519038076153,10.344000000000001,0.37253710787195926,0.031956888426452466,0.9619213955814395,0.0010212427179007316
inclusion_67.JPG,51.03154308617234,3.8197835671342686,0.40138687336318696,0.0284513284478851,0.9953440425084642,0.0008094780904494359
inclusion_72.JPG,181.02197194388776,6.641851703406814,0.4060247778431539,0.03281837416063538,0.9827604200129529,0.0010770456825474597
inclusion_73.JPG,157.3349258517034,6.242965931863727,0.4145849583755272,0.03536789283833461,0.9844122987448858,0.0012508878438239202
inclusion_77.JPG,197.60214829659319,7.033547094188377,0.40844165614399,0.033374554079366306,0.982116355293142,0.001113860859996546
inclusion_82.JPG,307.06018837675356,9.139835671342686,0.40156828580931403,0.03902913280791826,0.9715891152820431,0.0015232732077381215
inclusion_96.JPG,109.38622845691387,5.133354709418838,0.43572808977273536,0.04089087259514676,0.9902824618676583,0.001672063461592524
Porosity_100.jpg,49.07323046092184,3.8013026052104215,0.347592872757606,0.03826558698843765,0.9911640055914736,0.0014642551475696885
Porosity_104.jpg,40.7855751503006,3.4993627254509017,0.35596730726552994,0.03991020539512099,0.9918795181804206,0.0015928244946807443
Porosity_106.jpg,40.046533066132255,3.417571142284569,0.3560251314585653,0.04246371902062416,0.9912712895342247,0.001803167433062518
Porosity_108.jpg,149.41888176352708,6.556749498997997,0.33600735517065766,0.040024089336272016,0.9619133588665645,0.0016019277271978832
Porosity_109.jpg,159.29327454909821,6.39664128256513,0.4070983375305582,0.04649339713728771,0.9610440313258041,0.002161635977365553
Porosity_11.JPG,35.24090981963928,3.8423046092184365,0.3010987977640727,0.030330193055115875,0.9910025852934076,0.0009199206107605993
Porosity_111.jpg,159.90786773547094,6.500148296593187,0.40496784005141057,0.04369139545028779,0.9652209329694028,0.0019089380363934282
Porosity_113.JPG,131.42776753507013,5.537899799599198,0.5097182810598087,0.05960776501646772,0.9859882115373371,0.003553085650258433
Porosity_116.jpg,65.75182765531062,4.383474949899799,0.3254852243219616,0.051294565142155545,0.9511943964848932,0.002631132413122839
Porosity_117.jpg,77.69664529058116,4.773503006012024,0.3274259143036696,0.04917617495850469,0.9507943940515394,0.0024182961835494637
Porosity_120.jpg,62.176268537074144,3.9324448897795596,0.41328665894534794,0.04833098543456041,0.9859212869149203,0.0023358841530756905
Porosity_122.jpg,35.10784368737475,2.8049979959919846,0.5109136817653153,0.04093836242786254,0.9962104840885988,0.0016759495182750274
Porosity_129.jpg,9.315258517034069,1.418320641282565,0.6179886285516455,0.06178385886202534,0.9986356579668373,0.0038172452158826667
Porosity_13.JPG,83.94004408817635,4.871058116232465,0.2944995785149396,0.04221604682653508,0.9793542497256603,0.0017821946096602023
Porosity_134.jpg,172.74689378757512,8.482236472945889,0.19864557111767578,0.015055765060000153,0.9753599975773534,0.00022667606154192142
Porosity_140.jpg,150.38028056112228,7.322244488977957,0.24652143338416782,0.02758070110627649,0.9701568690918204,0.0007606950735137613
Porosity_146.JPG,17.764665330661323,1.9659959919839678,0.5853867373032018,0.06558528285822257,0.9979288000207855,0.004301429327593063
Porosity_151.jpg,134.30045290581162,7.134753507014028,0.20704070876824435,0.025559018617250885,0.9637155565002974,0.0006532634326769773
Porosity_152.jpg,122.10833667334668,6.785819639278556,0.2087371822073685,0.02690611298400362,0.9626459789896475,0.0007239389159079682
Porosity_154.jpg,47.95884168336673,4.170400801603207,0.29201712991744755,0.04141696617193492,0.9893325542757543,0.0017153650868872012
Porosity_155.jpg,44.557174348697394,4.081559118236473,0.2848058372599248,0.04432350167701606,0.9861305269585546,0.0019645728009124457
Porosity_163.jpg,63.13286573146292,4.7976352705410825,0.2543361433069104,0.03335703506588066,0.9837872294679019,0.001112691788386392
Porosity_165.jpg,58.813186372745484,4.764569138276554,0.23856820531232817,0.0354201040760178,0.9821149779012652,0.0012545837727559327
Porosity_170.jpg,136.62743086172344,6.350236472945891,0.3515836121921719,0.0359240305888845,0.9788441873653351,0.0012905359737511092
Porosity_178.jpg,121.6545851703407,5.169799599198396,0.49457308904553954,0.07513243004622187,0.9892734677096003,0.0056448820446504235
Porosity_18.JPG,222.0207374749499,8.979190380761523,0.2563410419092559,0.02181320389565266,0.9691032191577493,0.0004758158641933164
Porosity_185.jpg,56.45724649298598,3.064533066132264,0.5756876889771683,0.08094768486268011,0.9934268708744501,0.006552527684627772
Porosity_19.JPG,258.1179158316633,9.58984368737475,0.2515985187466568,0.021525257664502483,0.9625825041778823,0.00046333671752322287
Porosity_191.jpg,87.36727855711422,4.018396793587175,0.5420277760652591,0.09634552247491866,0.993072606945841,0.009282459700965058
Porosity_195.jpg,75.42231663326653,3.669210420841684,0.5952098669087743,0.06671505351770331,0.9935144730554214,0.004450898365870017
Porosity_197.jpg,73.85456513026053,3.4570340681362732,0.6166840406357068,0.07124014962814498,0.9920930923547662,0.005075158919040487
Porosity_199.jpg,55.228957915831664,3.8993867735470946,0.42296875662189437,0.029339797743535994,0.9888399624901419,0.0008608237316315998
Porosity_202.jpg,53.997338677354705,3.836521042084169,0.4239800387817513,0.034367005337375744,0.9902566160968899,0.001181091055859213
Porosity_203.jpg,84.01015631262524,3.7416593186372746,0.567189593721727,0.10516779306295315,0.9922230967854077,0.011060264697732136
Porosity_204.jpg,45.13914228456915,3.5469258517034072,0.442748222091374,0.02940582444406031,0.9918468813717433,0.0008647025112348949
Porosity_21.JPG,202.03222044088176,8.59506613226453,0.2531069162222612,0.02100670008994466,0.967401455607462,0.0004412814486688809
Porosity_211.jpg,47.671142284569136,3.5266853707414825,0.46880263418814905,0.03267720477102874,0.9911008443993171,0.0010677997116477437
Porosity_216.jpg,57.51415230460921,4.002577154308616,0.42937933117629534,0.03493612814935382,0.9905826084231267,0.0012205330500680723
Porosity_221.jpg,26.035719438877756,2.286949899799599,0.6154156529993897,0.147995332111638,0.998550369059357,0.02190261832683403
Porosity_222.jpg,22.612316633266534,1.7023046092184368,0.6946528442906437,0.15677653207195905,0.9986638025060789,0.024578881008510002
Porosity_227.jpg,14.569675350701399,1.6239839679358712,0.6682482884422398,0.14200589665234825,0.999107637763553,0.02016567468403741
Porosity_228.jpg,113.01805611222447,4.691162324649299,0.5152081806150797,0.07881736516465003,0.9911975812045869,0.006212177051497788
Porosity_232.jpg,32.575366733466936,2.920857715430862,0.5053483871392122,0.07352405502638863,0.9960557093494254,0.005405786667523423
Porosity_234.jpg,21.004669338677356,1.574184368737475,0.7184832591560167,0.16841519315797077,0.9988792776782506,0.0283636772864366
Porosity_235.JPG,51.35576352705411,2.518529058116232,0.7149190446012608,0.10213890332713185,0.9952814211059706,0.010432355572869187
Porosity_236.jpg,73.30834468937876,4.067575150300601,0.3198711412180206,0.04204874222260544,0.9800414392029101,0.0017680967225031218
Porosity_238.jpg,70.71825651302605,3.962184368737476,0.3328368362011905,0.04341945517107582,0.9822151669366511,0.0018852490873530632
Porosity_24.JPG,58.39099398797595,4.455795591182365,0.28186791279791534,0.03423290732919217,0.9872752245289644,0.0011718919442090595
Porosity_243.jpg,57.92064128256512,3.402605210420842,0.38983886962841324,0.050219847352817475,0.9888584174429565,0.002522033068140288
Porosity_250.jpg,60.31055310621243,4.2740240480961935,0.34061804696281306,0.033677520646359295,0.992577469931505,0.0011341753968859567
Porosity_251.jpg,59.025935871743485,4.142440881763527,0.35200240217984125,0.035578986518302505,0.992600977962185,0.0012658642816695514
Porosity_252.jpg,106.22741883767532,4.10930260521042,0.5777081543022944,0.07816620511876077,0.9917397636120199,0.006109955622668181
Porosity_257.JPG,39.74317034068136,2.1239158316633264,0.6575034167579841,0.08699093473006218,0.9965825265767853,0.007567422725209939
Porosity_26.JPG,100.30350701402806,5.851226452905811,0.30533715815535584,0.03173383299384585,0.9869833319642867,0.0010070361564812995
Porosity_262.jpg,60.60966733466935,4.545715430861725,0.27896844774671953,0.031716667735766244,0.9905496188103168,0.0010059470122609953
Porosity_264.jpg,66.61281763527056,3.29737875751503,0.6059574179642411,0.07623265268684642,0.994501928655202,0.005811417335673353
Porosity_265.jpg,17.99393587174349,2.482104208416834,0.399422674140672,0.04656410564883389,0.9964954760420136,0.0021682159348757643
Porosity_267.jpg,20.64224048096192,2.4599799599198398,0.43651214719327064,0.05311215431651044,0.9967282326302451,0.0028209009361408184
Porosity_27.JPG,136.1962845691383,6.919979959919839,0.27065503680692515,0.023092576106112143,0.9817934237389763,0.0005332670712165815
Porosity_270.jpg,29.98373146292586,2.925182364729459,0.41725720907317787,0.04363478826588997,0.9953241202666527,0.0019039947470090488
Porosity_275.jpg,31.771118236472944,2.9900040080160317,0.39519476990817337,0.048243899775689825,0.9943039771220471,0.0023274738655668045
Porosity_276.JPG,296.6347735470942,8.430821643286574,0.5159599300699502,0.04697524466942735,0.9591846538421606,0.0022066736117525632
Porosity_279.JPG,214.14056913827656,5.522012024048096,0.6318541927494621,0.07422143763043464,0.9763285405571506,0.005508821803928498
Porosity_282.JPG,37.462709418837676,1.844488977955912,0.7887091977440638,0.09998001085352413,0.9957081850626354,0.009996002570270803
Porosity_283.JPG,77.0163006012024,3.3814549098196394,0.61805733947617,0.08460619476099236,0.9924029787745544,0.007158208191934972
Porosity_286.JPG,137.1022725450902,4.962569138276552,0.6183910596250654,0.07540908559743849,0.9862344109980785,0.005686530190641805
Porosity_288.JPG,109.19064929859721,4.51588376753507,0.600785485386192,0.08893027473635552,0.9834364997445298,0.007908593764683674
Porosity_29.JPG,127.44137074148298,6.6347174348697395,0.24788385318024256,0.016996000844984444,0.9790844940527238,0.0002888640447227119
Porosity_290.JPG,98.47404008016034,3.8792745490981972,0.6603193265660374,0.1510328870948473,0.9903304344895199,0.02281093298420489
Porosity_299.JPG,206.88276953907817,9.984829659318638,0.12727607139253894,0.02224970384268213,0.8019135844041936,0.0004950493210870641
Porosity_3.JPG,72.24491382765532,4.838757515030061,0.3731869532624826,0.03424093932613474,0.9783058503760809,0.0011724419259360407
Porosity_302.JPG,415.26699799599197,11.59995991983968,0.2501756982430067,0.025691392926256124,0.8979068319133214,0.0006600476704912831
Porosity_303.JPG,60.984248496993985,3.8174509018036074,0.39531397910433264,0.05271692735184746,0.9857489476461864,0.0027790744294199626
Porosity_305.JPG,490.0838557114228,13.317899799599198,0.3204786966337444,0.052136195592234806,0.9412811408262918,0.002718182890831764
Porosity_307.JPG,1.2812985971943887,0.37229659318637276,0.8744905727256321,0.13643552790415273,0.9998979788322913,0.01861465327448484
Porosity_309.JPG,22.561194388777558,2.801402805611223,0.36746847262245363,0.05695354466734887,0.909417910719282,0.0032437062501757034
Porosity_310.JPG,11.883198396793588,1.522733466933868,0.5975964663199909,0.059511388346688995,0.9960127144714125,0.0035416053429504304
Porosity_313.JPG,311.3196753507014,10.369070140280561,0.2927825151958882,0.03266762215796664,0.9247056636547364,0.0010671735374556729
Porosity_314.JPG,51.27966733466934,3.595170340681363,0.3928807316784693,0.050535598815126585,0.9881825687932747,0.002553846747603424
Porosity_318.JPG,0.3625170340681362,0.28615631262525043,0.8644292842502908,0.0839469977385944,0.9998653790989662,0.007047098429323575
Porosity_325.JPG,55.59723847695393,3.9479879759519045,0.3500970412686625,0.04538080740856745,0.9878935240409116,0.0020594176810534905
Porosity_326.JPG,104.66340280561123,5.791779559118237,0.29908651948517406,0.030087238669497376,0.9767564193700304,0.0009052419307552982
Porosity_327.JPG,48.71307815631263,3.994480961923847,0.3622370750677473,0.0416326504708814,0.9470571342016735,0.001733277585230581
Porosity_33.JPG,269.13286172344687,10.098585170340682,0.20099616149785268,0.016393337031554142,0.9643572955982586,0.0002687414990301244
Porosity_331.JPG,41.744817635270536,3.2996793587174342,0.4725654052672485,0.04421520741020043,0.9867166557933407,0.001954984566327043
Porosity_332.JPG,81.4170140280561,4.537511022044089,0.4323344146563235,0.04192139654567109,0.9726695876866888,0.0017574034883394043
Porosity_333.JPG,88.42864529058117,5.442873747494992,0.37359191428140737,0.032477982358437046,0.9834832485073073,0.001054819338074948
Porosity_334.JPG,37.225162324649304,3.1287775551102204,0.4721334691593997,0.04603451467605228,0.9860606907367722,0.002119176541459673
Porosity_335.JPG,9.343102204408817,1.21623246492986,0.692551418765398,0.0648942099490061,0.9944914774069082,0.004211258484905683
Porosity_340.JPG,8.928180360721443,1.6177194388777556,0.58351323668471,0.06510329875110067,0.9938590421494238,0.004238439508275067
Porosity_342.JPG,20.617895791583166,2.192701402805611,0.5595020851586282,0.06491849432927645,0.9868073763189112,0.004214410905980299
Porosity_344.JPG,12.99488977955912,1.9323486973947896,0.5567798862405906,0.06616391014268623,0.9897595191421719,0.004377663005369457
Porosity_346.JPG,33.27264128256514,2.8524408817635276,0.5323990013613005,0.061367516165092846,0.9811885769793222,0.003765972040272932
Porosity_35.JPG,48.02620040080159,3.7214468937875744,0.34127850663173115,0.04227191796611482,0.9891396393308711,0.0017869150485339408
Porosity_36.JPG,186.96562725450903,7.634669338677354,0.2605176913031005,0.021245276218476217,0.9776060842085873,0.00045136176159935113
Porosity_39.JPG,194.37324248496995,8.583519038076155,0.216103292910962,0.01975951619262846,0.9791673845577188,0.0003904384801667463
Porosity_4.JPG,78.55866933867738,5.141442885771544,0.3330797389750564,0.024662513849955353,0.983752730072753,0.0006082395893992396
Porosity_41.JPG,135.1273426853707,6.24922645290581,0.31248741690299703,0.029163720618447193,0.967747744914257,0.000850522600310842
Porosity_45.JPG,187.1305611222445,7.301166332665333,0.27723224075811786,0.027198423814902003,0.9616661350392752,0.0007397542580150284
Porosity_47.JPG,15.414905811623248,2.357174348697395,0.4217971149769642,0.04059334219356734,0.9963179642415256,0.0016478194304440546
Porosity_50.JPG,66.22816833667335,4.298725450901804,0.4447868159964559,0.0438040325300137,0.9693186347876763,0.0019187932658904984
Porosity_51.JPG,86.35656513026052,4.8288456913827655,0.43828885944841817,0.0469388003137669,0.9646630441770649,0.0022032509748956836
Porosity_54.JPG,42.69548697394791,2.931599198396794,0.5139109347047186,0.040196400478691226,0.9932823266412233,0.001615750611443328
Porosity_55.JPG,60.63860120240481,3.7760280561122244,0.43950980232837034,0.03275562694656084,0.9912739289242583,0.0010729310966622627
Porosity_56.JPG,59.073631262525055,3.7281963927855712,0.44286728925589697,0.03300320239960119,0.9900035538686115,0.0010892113686290417
Porosity_59.JPG,44.08403206412825,3.1455871743486967,0.3993504678240148,0.03337335915488157,0.9915175792036484,0.0011137811012807174
Porosity_74.JPG,10.770569138276553,1.5411182364729463,0.5789701813125046,0.09895262174858366,0.9986669841667515,0.009791621350918272
Porosity_76.JPG,19.29671743486974,2.051667334669339,0.5195872711498178,0.08578101768133675,0.9982396495996413,0.007358382994445808
Porosity_78.JPG,16.507342685370745,1.9342605210420845,0.5133837756378413,0.0355665775952874,0.9976057262563865,0.0012649814418415996
Porosity_81.JPG,30.84056112224448,2.5643366733466935,0.4657719174434854,0.03324852338634393,0.9955100491854133,0.0011054643073722592
Porosity_84.JPG,33.478793587174344,3.0838997995991977,0.3868726819845557,0.02838335535105908,0.994893698060511,0.0008056148609844941
Porosity_85.JPG,31.807855711422846,3.216817635270541,0.36309154150098905,0.02719086034264359,0.9943772483316264,0.0007393428861731479
Porosity_88.jpg,59.7884128256513,3.187074148296593,0.5951056275588553,0.06506445437687577,0.9946593052715148,0.004233383223360549
Porosity_89.jpg,32.80264128256513,2.9808937875751504,0.4129336118470884,0.05085275626026367,0.9943863417071799,0.0025860028192657863
Porosity_9.JPG,8.816829659318637,1.5854709418837676,0.553635011077637,0.05322128124246211,0.9977285436371566,0.0028325047770892493
Porosity_93.jpg,40.96094589178356,3.441635270541082,0.3715978083793779,0.04571574817067632,0.9931129164232304,0.0020899296308046953
Porosity_94.jpg,46.41402805611223,3.6456432865731467,0.36033526788176906,0.04463800168660686,0.9920351277287802,0.0019925511945735165
Scabs_1.JPG,116.371751503006,5.446517034068137,0.43172451393809347,0.03132709520572468,0.9781255436426526,0.0009813868940285382
Scabs_10.JPG,27.06656913827656,2.561462925851704,0.5006868485966373,0.08360666490999279,0.9974230796557344,0.00699007441737182
Scabs_100.jpg,98.61750300601203,4.77380761523046,0.3439990486857214,0.03007231362584291,0.9890591159592976,0.000904344046811057
Scabs_102.jpg,19.907218436873748,2.5344809619238475,0.3999576870323946,0.04625236729938551,0.9960594783762015,0.002139281480797266
Scabs_105.jpg,51.456340681362725,2.578569138276553,0.6615589430601801,0.07675995237618391,0.9909319011488629,0.005892090288794021
Scabs_106.jpg,51.30961122244489,2.6530741482965934,0.6445737790074195,0.07295130543235867,0.9914990080069209,0.0053218929642852835
Scabs_108.jpg,40.18248096192385,2.921655310621243,0.457615519865601,0.052575935742129834,0.9954490874582037,0.002764229019160565
Scabs_110.jpg,41.571170340681356,3.052837675350701,0.4416930511483701,0.047030888768717825,0.9952975197812539,0.0022119044983755086
Scabs_112.JPG,105.41961523046092,5.3641523046092185,0.43099322600359663,0.032957328003566405,0.9814686628061307,0.0010861854691346623
Scabs_113.JPG,29.668941883767534,1.630609218436874,0.7927540061904631,0.22800445692437682,0.9974300321547852,0.05198603237738001
Scabs_115.jpg,45.08239679358717,3.209410821643287,0.4347925527905523,0.04368680222455835,0.9947580070313057,0.001908536688607676
Scabs_117.jpg,41.6267254509018,3.1364569138276552,0.42774005791085157,0.03826328931127639,0.9949909775099097,0.0014640793089184382
Scabs_119.jpg,91.56084569138274,4.513086172344689,0.36362214197746884,0.03518956397041688,0.9895185005581336,0.0012383054124280618
Scabs_12.JPG,26.12425651302605,2.853819639278557,0.4243977216961512,0.02971919293644191,0.9956951291956276,0.0008832304287934587
Scabs_120.jpg,86.30359919839678,4.271895791583166,0.3789771640284771,0.042363975152685876,0.987627472915912,0.0017947063907373865
Scabs_122.jpg,96.16612825651305,4.563755511022045,0.35790995834527867,0.03788024763635161,0.9889251236440869,0.0014349131609913217
Scabs_124.JPG,10.982440881763527,1.2505290581162325,0.7432703103028951,0.0857714177887572,0.998276846921729,0.007356736109493536
Scabs_126.JPG,31.564036072144294,1.7437795591182368,0.7480596125256092,0.08248496317221393,0.9955641206254486,0.006803769149521488
Scabs_127.JPG,157.6309579158317,6.4738997995992005,0.4110930031932903,0.033295747126016136,0.9759645699021815,0.001108606776679612
Scabs_128.JPG,19.29995591182364,2.335891783567134,0.5279405007470978,0.03997622746902928,0.9978310385924788,0.0015980987626555711
Scabs_13.JPG,40.30567134268537,1.8794589178356713,0.798729053174648,0.3208966565204558,0.996196135283283,0.10297466416600737
Scabs_130.JPG,90.26730260521043,4.597915831663327,0.4863496225225945,0.04244282071858653,0.9901884722920967,0.001801393030550078
Scabs_132.JPG,143.34715831663323,5.798813627254508,0.5107470371395371,0.06658213567045286,0.9650892084255834,0.004433180790438591
Scabs_133.JPG,48.15485370741483,3.38524248496994,0.5119167975530777,0.045587397319151256,0.9950099232910142,0.0020782107943341593
Scabs_134.JPG,28.75054108216433,2.5343006012024047,0.5590213132845426,0.052772732593416874,0.9959740398515465,0.0027849613053762836
Scabs_140.JPG,30.19535470941884,2.350881763527054,0.6270338671892861,0.13753531953874984,0.9972668991127499,0.01891596412062602
Scabs_141.JPG,44.41634468937877,2.570308617234469,0.6684728041334604,0.13832013573576352,0.9960800391287872,0.019132459949960042
Scabs_143.JPG,52.966845691382765,3.7432865731462925,0.4853063625458391,0.0509476604543,0.9899669215120124,0.002595664105766644
Scabs_145.JPG,49.59045691382766,2.921759519038076,0.5930478279162064,0.1073239392775743,0.9952401147340074,0.011518427942056457
Scabs_146.JPG,55.49250501002004,2.7633907815631265,0.6443415623510795,0.06838588511245082,0.9932674628967547,0.004676629282613322
Scabs_147.JPG,72.01818837675351,3.0315511022044093,0.6446140363332126,0.06430044468397932,0.9914073912368758,0.0041345471865574844
Scabs_148.JPG,44.283747494989974,2.471755511022044,0.6563280643552075,0.0665844855268602,0.9948012317854167,0.004433493712876655
Scabs_149.JPG,229.7580200400802,7.038476953907817,0.3989626353381386,0.03185043785830103,0.9662863355126882,0.0010144503917654953
Scabs_151.JPG,224.4352865731463,7.452529058116232,0.4106889959787509,0.033370401863737076,0.9708050381634488,0.001113583720547307
Scabs_153.JPG,52.07948296593187,3.200260521042084,0.5608701482407819,0.05684214020863728,0.992598994262304,0.0032310289034983793
Scabs_157.JPG,69.46063326653307,3.6000881763527053,0.41362305874633026,0.044751036394843596,0.9923378707950161,0.0020026552584126163
Scabs_159.JPG,60.45384368737475,3.360384769539078,0.4485241339134605,0.04856231626528903,0.9942245744825913,0.0023582985610499556
Scabs_162.JPG,121.5196753507014,6.242376753507013,0.3057985410523274,0.03603972446497179,0.9691126829765967,0.0012988617395110862
Scabs_17.JPG,43.553274549098205,3.196833667334669,0.415715251498861,0.03610974682280626,0.9927946978173113,0.0013039138156071667
Scabs_170.JPG,27.115298597194386,2.5907935871743484,0.5459481759685906,0.04677257556093222,0.9959469792168234,0.002187673824603114
Scabs_171.JPG,11.255386773547094,1.4470100200400804,0.6649280443598988,0.057385647663687596,0.9985944971192688,0.003293112557780894
Scabs_172.JPG,13.316613226452906,1.6138396793587175,0.6447599850645445,0.056834684522160187,0.998244545326175,0.0032301813647334747
Scabs_173.JPG,11.507270541082162,1.517490981963928,0.6532158341362557,0.05916759801954943,0.9984225812669018,0.0035008046554029903
Scabs_174.JPG,17.794012024048097,2.0584689378757517,0.581895572687057,0.053474951026321854,0.9972848456367143,0.002859570387267521
Scabs_177.JPG,14.58139078156313,1.8413907815631265,0.6005754115331662,0.06078050613993603,0.997695144431311,0.003694269926626802
Scabs_178.JPG,15.254985971943885,1.8788577154308614,0.5991707040167422,0.06370462031503941,0.9975113881135859,0.004058278649483333
Scabs_179.JPG,17.138981963927858,2.0005450901803608,0.5890340226705497,0.06292215713596552,0.997199679664373,0.003959197858643138
Scabs_18.JPG,53.6789739478958,3.8728977955911823,0.34588025129395933,0.03187165150206683,0.9902375888374475,0.001015802169469199
Scabs_180.JPG,382.1320721442886,9.507991983967935,0.2971881038246646,0.032273366270051874,0.9479300116922522,0.0010415701704009222
Scabs_181.JPG,299.89745490981966,8.615891783567136,0.2690118215925404,0.030159217950667658,0.9584568205334477,0.0009095784273958742
Scabs_182.JPG,298.52740280561125,8.783362725450905,0.261700943850158,0.029151434567182968,0.9598734364380374,0.00084980613732475
Scabs_183.JPG,316.6343927855712,9.221951903807618,0.25315407859897304,0.027301508455878587,0.9593508266944593,0.0007453723639664101
Scabs_184.JPG,233.9751863727455,7.880517034068136,0.26776017898675203,0.02788594486799828,0.9708845852237201,0.0007776259211810395
Scabs_188.JPG,169.49182765531066,6.301078156312626,0.31119550966353426,0.030903629903743436,0.9788032146209635,0.0009550343412275456
Scabs_189.JPG,180.1323486973948,6.630216432865733,0.2986659493274749,0.029636489480857228,0.9780001110639225,0.0008783215087489612
Scabs_191.JPG,168.79878957915832,6.559366733466934,0.29436419062106867,0.029498960148533704,0.9821384869335925,0.0008701886498447797
Scabs_192.JPG,165.93928657314632,6.657018036072145,0.29695681102366556,0.02999299412307952,0.9830587651019842,0.0008995796964670828
Scabs_193.JPG,144.11126653306616,6.224348697394791,0.3098037282802149,0.031165312475571194,0.9863910387084552,0.0009712767016999936
Scabs_200.JPG,195.87690981963925,8.105054108216434,0.2608499508059465,0.031515387379630694,0.9353352439660036,0.0009932196416881857
Scabs_201.JPG,154.1460881763527,7.130120240480962,0.2622346868680611,0.031646218457155054,0.9451765442861405,0.0010014831426379813
Scabs_203.JPG,41.88492585170341,3.717527054108216,0.35129789842236253,0.03021896534832764,0.9921154682291956,0.0009131858667234267
Scabs_204.JPG,30.58573547094189,3.1247815631262528,0.3756964982621723,0.03401307692712605,0.9938402969474709,0.0011568894020505946
Scabs_206.JPG,27.78345490981964,2.9717274549098196,0.3853653983103724,0.038396653641056815,0.9951514391278741,0.0014743030108312818
Scabs_207.JPG,14.763298597194389,2.2321082164328656,0.44990790071837194,0.0404086356601198,0.9965323441159707,0.0016328578359123052
Scabs_21.JPG,23.21003607214429,2.7967454909819645,0.395449846327887,0.0337373196642168,0.9952064921610468,0.0011382067381255495
Scabs_23.JPG,18.664957915831664,2.5437234468937877,0.43364348635011785,0.04139608999073485,0.9969079411889771,0.001713636266521018
Scabs_24.JPG,54.251935871743484,2.049298597194389,0.8153504011323944,0.21644349059128315,0.994920872861944,0.04684778461933888
Scabs_27.JPG,7.320605210420841,1.647707414829659,0.5317455590968242,0.048342639804314635,0.9986747440494472,0.002337010823249706
Scabs_29.JPG,95.8741362725451,5.669350701402806,0.2798443047149886,0.025084984287839167,0.9776684294491585,0.0006292564367211379
Scabs_3.JPG,6.620196392785573,1.141174348697395,0.6661707417804881,0.10923339861852475,0.9992725145281511,0.011931935373753526
Scabs_30.JPG,41.93836072144288,4.026505010020039,0.301731479756146,0.02817603029487971,0.9907179780738943,0.0007938886831779791
Scabs_31.JPG,16.085739478957915,2.544961923847695,0.3853873101739897,0.03347406461659258,0.9965953794857619,0.0011205130019558153
Scabs_33.JPG,294.47878156312623,9.970869739478958,0.24463302181550153,0.01958911285475623,0.9483896401178785,0.0003837333424363758
Scabs_35.JPG,109.53880961923846,5.144925851703405,0.44824128605082514,0.1293484336863778,0.9851002531829982,0.016731017297119278
Scabs_36.JPG,21.81501402805611,2.6841683366733466,0.42683610038062186,0.03184862865569575,0.9944332638139004,0.0010143351472484048
Scabs_37.JPG,30.34938276553106,3.05809619238477,0.40484531426393133,0.031192432600467904,0.9924460675611239,0.0009729678515347328
Scabs_38.JPG,26.07800801603206,2.86664128256513,0.4024525206512137,0.031263640209287,0.993543880240991,0.0009774151991357467
Scabs_4.JPG,7.461410821643286,1.4628777555110222,0.5455007638986809,0.040719171153081914,0.9989034360843777,0.0016580508993939785
Scabs_41.JPG,37.45033266533067,3.4484889779559125,0.37381963518221945,0.0298068000889873,0.9907847326708292,0.0008884453315448535
Scabs_42.JPG,39.79105010020041,3.4929739478957917,0.3856184441876733,0.03133329011094158,0.9904722536424124,0.0009817750691764294
Scabs_43.JPG,57.5617875751503,4.168456913827655,0.35373394682487447,0.028533464876121795,0.9859772334450089,0.0008141586178368762
Scabs_44.JPG,51.46020841683367,3.9913827655310623,0.35081953713926106,0.027193974533981157,0.9880449923545008,0.0007395122509548157
Scabs_45.JPG,28.116188376753506,2.879370741482966,0.42649834598545655,0.035751950984369486,0.9933388347673503,0.0012782019991887585
Scabs_48.JPG,22.854821643286574,2.7778677354709416,0.4072938330995509,0.03141637494211508,0.9959147873484806,0.000986988614503556
Scabs_53.JPG,88.99259719438876,5.794104208416833,0.2681140691909429,0.026246555797631577,0.9837616724857988,0.0006888816912381877
Scabs_54.JPG,137.9790901803607,7.145022044088176,0.24373885720136437,0.025648723724322656,0.975423174539964,0.0006578570286866319
Scabs_55.JPG,98.01169138276553,6.4140160320641275,0.22900024371394279,0.023931433118609454,0.9795951963932369,0.0005727134911104775
Scabs_59.JPG,57.47952304609218,4.511386773547094,0.2871858967422098,0.024118522294248497,0.989390877541816,0.0005817031176581618
Scabs_6.JPG,15.42442885771543,1.5670981963927857,0.6272702831868664,0.07117380469708172,0.9985513582290633,0.005065710475058331
Scabs_60.JPG,50.23907414829659,4.211242484969941,0.3227020230816086,0.024557932564431176,0.9909548728176146,0.0006030920518391492
Scabs_61.JPG,34.69319438877756,3.5306933867735477,0.34707881504522314,0.025723404740265635,0.993821768394219,0.0006616935514315205
Scabs_63.JPG,38.71392384769538,3.1407615230460917,0.48206999641021336,0.044974862022053544,0.9930097550713379,0.002022738213902754
Scabs_64.jpg,93.33274549098199,4.4452745490981975,0.3612590486921597,0.03147624993901996,0.9901805671326034,0.000990754310223654
Scabs_66.jpg,89.71110621242485,4.592677354709419,0.3423328984466761,0.03215679532703588,0.9883681542619721,0.0010340594857048764
Scabs_68.JPG,53.85996392785571,2.2458316633266535,0.7332456610703386,0.17831085244977393,0.9939811340781907,0.031794760101365054
Scabs_7.JPG,12.388120240480962,1.785955911823647,0.5633238408227288,0.0632603339854,0.9989780684120324,0.0040018698559443535
Scabs_71.jpg,86.25761122244488,4.460496993987976,0.3543313399047134,0.0317226623712837,0.9883747343439557,0.0010063273079224584
Scabs_72.jpg,82.9699358717435,4.445671342685371,0.3504029698807713,0.03134206776116304,0.9885391691967104,0.0009823252115453353
Scabs_73.jpg,81.74007615230462,4.41543486973948,0.3534979591249836,0.034945236148002226,0.9888532092953828,0.0012211695294396415
Scabs_75.jpg,81.31810420841683,4.335939879759519,0.36957829462874076,0.038260100546576734,0.988803616121756,0.0014638352938341611
Scabs_77.jpg,84.51038877755511,4.478236472945892,0.3632011748966962,0.03995156916823796,0.9881347982166158,0.0015961278790045017
Scabs_78.jpg,74.96386773547093,4.266240480961923,0.3644701951697503,0.04116462763303456,0.9889318388985835,0.0016945265681663922
Scabs_79.JPG,125.0201402805611,5.847859719438876,0.4215546933402088,0.0653855180511663,0.975583538467393,0.004275265970819393
Scabs_80.jpg,75.12732665330662,4.235006012024048,0.36724892335275394,0.03997955158228647,0.988297874474948,0.0015983645447207044
Scabs_81.jpg,74.17953507014028,4.182380761523046,0.37118455458105676,0.04441105580984388,0.9877223448364505,0.0019723418781450674
Scabs_82.jpg,64.80390380761523,3.801386773547094,0.38710284173839693,0.046875525193743786,0.9887248180622833,0.0021973148621893084
Scabs_83.jpg,73.41180761523044,3.8514869739478947,0.37567217747957765,0.04214628729666993,0.9876284859520864,0.0017763095328934412
Scabs_85.jpg,69.07215631262524,4.688412825651302,0.2528369560882895,0.04125611425699822,0.9792991329421736,0.0017020669635864915
Scabs_87.jpg,74.03597194388776,4.791899799599198,0.25689568951974906,0.03961478389550976,0.9786612726595901,0.0015693311030879392
Scabs_89.jpg,68.98124248496993,4.509723446893788,0.2753176809642691,0.04363118124906598,0.9807655781428019,0.0019036799771888467
Scabs_9.JPG,26.15629659318638,2.636561122244489,0.5093910655529209,0.08325197507476917,0.9974019658039508,0.006930891353849986
Scabs_91.jpg,71.20880160320641,4.703326653306614,0.26055623759692276,0.041267506933245046,0.9804271824416128,0.001703007128485428
Scabs_92.jpg,89.80215631262526,5.4366252505010015,0.23641535795249005,0.036997632138235675,0.9800598350389355,0.0013688247838362095
Scabs_95.jpg,124.62367134268538,6.113242484969941,0.2733274228698017,0.029296788596722273,0.9821648915512702,0.0008583018220810362
Scabs_97.jpg,102.17008016032064,5.483114228456913,0.289906323765598,0.030332807660442173,0.9839941427328148,0.0009200792205653793
Scabs_98.jpg,92.76945490981963,5.116092184368737,0.3185724351148908,0.03156333848578327,0.9854241117910676,0.0009962443363681272
Scabs_99.jpg,28.173619238476956,2.8867254509018037,0.3736433288068119,0.044058522911587024,0.9940803269418995,0.0019411534411508387
Shrink_100.jpg,76.4307655310621,5.739519038076152,0.25421796880973424,0.01988718326542745,0.9872061690098728,0.00039550005823269765
Shrink_103.JPG,261.55567535070134,10.275507014028054,0.20063525066786908,0.02066119766167741,0.9574249673236674,0.0004268850888149041
Shrink_104.JPG,242.7660120240481,10.091190380761526,0.19000878528211387,0.019133019664343075,0.9610379251149715,0.00036607244147613874
Shrink_107.JPG,248.72057715430861,10.495839679358717,0.18382024044285536,0.02013013373646222,0.954126175404826,0.00040522228424785437
Shrink_108.JPG,258.7111823647294,10.698300601202403,0.18128334834123283,0.02013814343739601,0.951192386397929,0.000405544821105136
Shrink_11.JPG,68.45367134268537,2.6680440881763525,0.7059542575652354,0.12323622353226676,0.9930155523531343,0.015187166790494819
Shrink_111.JPG,29.121198396793588,3.351587174348697,0.3601711987686667,0.034605331696305384,0.9904145256771384,0.001197528981811318
Shrink_112.JPG,345.9465050100201,12.975931863727457,0.1507126717583671,0.020765393361058978,0.9015730399843985,0.0004312015614395123
Shrink_114.JPG,279.4068096192385,11.124869739478958,0.162888275461674,0.01819685736519924,0.9335181964453965,0.00033112561796940583
Shrink_117.JPG,16.216436873747497,2.0699679358717438,0.5032390705240968,0.03864274516605749,0.9984589694304953,0.0014932617539688596
Shrink_118.JPG,19.078088176352704,2.16448496993988,0.5053325358580205,0.04049461415853088,0.9982361162427918,0.0016398137758482899
Shrink_119.JPG,32.338581162324644,2.7785971943887775,0.4674054816148536,0.039464897346601836,0.9969848056557378,0.0015574781225778209
Shrink_120.JPG,36.62703406813626,2.8908577154308612,0.4726109661925245,0.04159517609124343,0.996477032682357,0.0017301586740615486
Shrink_121.JPG,20.39976352705411,1.7758436873747494,0.6214245566431307,0.07461261833690798,0.9977539370829358,0.005567042815089096
Shrink_122.JPG,29.323655310621245,2.042108216432866,0.5885814282628614,0.06872484748786477,0.9905366817863478,0.004723104662230272
Shrink_123.JPG,18.023739478957918,1.759555110220441,0.5955211872177405,0.06489902815827159,0.996352023415775,0.004211883855888128
Shrink_125.JPG,33.220224448897795,2.1898436873747493,0.5816264265134584,0.06369069168104877,0.9927360155492273,0.004056504206810414
Shrink_128.JPG,38.57234869739479,2.42438877755511,0.5503702300025152,0.057393546297032146,0.9942271087913004,0.003294019156549572
Shrink_13.JPG,365.74668537074155,12.302020040080162,0.16999272750792033,0.017264791333435486,0.94535255141119,0.0002980730197870691
Shrink_131.JPG,27.906661322645288,1.8788617234468936,0.6239232589018632,0.06839182507567536,0.9930310751844705,0.0046774417371817775
Shrink_132.JPG,22.06707014028056,1.6118476953907817,0.6796109070295907,0.08074292321260776,0.995820909604549,0.006519419648917073
Shrink_133.JPG,16.112817635270538,1.3453386773547091,0.7508575091479305,0.06191130801558435,0.9972112989309988,0.0038330100602005594
Shrink_134.JPG,11.611202404809617,1.2364208416833666,0.7332545225373627,0.0609113407912039,0.997801515919526,0.0037101914369821807
Shrink_135.JPG,530.8519078156313,14.885110220440886,0.1416547926855904,0.017817437708651063,0.9053381490290515,0.0003174610865016608
Shrink_136.JPG,13.316893787575152,1.338312625250501,0.7277039832996206,0.061021221419241774,0.9974325906725164,0.003723589463496131
Shrink_137.JPG,11.744292585170342,1.2642765531062128,0.727938289823594,0.06044437950681436,0.9977750984956866,0.0036535230139638003
Shrink_14.JPG,52.62726653306613,2.3930220440881764,0.7114605317010434,0.12920498874559966,0.9932122457520152,0.016693929116750533
Shrink_142.JPG,45.545274549098195,2.559118236472946,0.6767578768292911,0.07950746055175212,0.9940364307212928,0.006321436283388419
Shrink_143.JPG,28.031326653306618,2.041290581162325,0.6904673537276381,0.08477901869043077,0.9962896868940372,0.00718748201011241
Shrink_145.JPG,31.185763527054107,2.129547094188377,0.6876520856639885,0.08509930254478741,0.9957988714415665,0.007241891293609262
Shrink_146.JPG,396.26108216432874,12.838036072144293,0.15391537053770396,0.019069576513352386,0.9249262090546834,0.0003636487483986009
Shrink_147.JPG,30.953442885771544,2.1128016032064125,0.6884839923734241,0.0842875504155602,0.9958276033743736,0.007104391155055602
Shrink_148.JPG,73.43069739478958,3.3326052104208412,0.5608343548610679,0.07451233422363046,0.9895478544702795,0.005552087951454012
Shrink_149.JPG,63.1970501002004,3.074292585170341,0.6027331550212823,0.08840574329469869,0.9903873157906682,0.007815575447488163
Shrink_150.JPG,69.79541082164327,3.15334268537074,0.6125455573275778,0.08806650764186041,0.9899982954162345,0.007755709768233859
Shrink_153.JPG,5.5800360721442885,1.1948577154308617,0.6449205639147912,0.07100668349251373,0.9981781426869974,0.005041949100606021
Shrink_154.JPG,33.052228456913824,2.4373507014028055,0.5923253528903993,0.06848782758841905,0.9905423691326727,0.004690582527781014
Shrink_157.JPG,483.16187575150303,14.380160320641282,0.14176617717273024,0.017882172386729688,0.9103103011964481,0.0003197720892687178
Shrink_16.JPG,59.950432865731464,2.860557114228457,0.6462228322064859,0.09957360328054421,0.9949975233621942,0.009914902470271205
Shrink_160.JPG,106.18608817635268,4.783370741482966,0.42660252649850966,0.05622983230446083,0.9860359318652758,0.0031617940409877873
Shrink_161.JPG,99.90537074148295,4.716529058116233,0.4094008659397427,0.04981220156424537,0.9873316807451064,0.002481255424677009
Shrink_162.JPG,123.70473346693382,5.269975951903806,0.3721298452654369,0.037314574046010435,0.9843735087519536,0.0013923774362351955
Shrink_163.JPG,120.92850100200403,4.866617234468937,0.4561975573744629,0.05965928484445262,0.9838184679282412,0.0035592302681515336
Shrink_164.JPG,134.2925611222445,5.2086492985971935,0.44784755895784517,0.061206496025194145,0.9823541941617016,0.003746235155682106
Shrink_166.JPG,77.41886973947896,4.118605210420842,0.4405018827055418,0.04552167213145889,0.9894417518171221,0.002072222633644041
Shrink_168.JPG,356.78150300601203,12.141310621242487,0.15275054024311238,0.01799296206154668,0.9378941250964864,0.0003237466837482581
Shrink_169.JPG,51.27422044088175,3.3616993987975947,0.46390135767750534,0.04348996591205361,0.9932478983676345,0.0018913771350315852
Shrink_170.JPG,39.51884168336672,3.089350701402805,0.4628428607516011,0.03757555719218571,0.9945006632307783,0.0014119224983032191
Shrink_173.JPG,10.538817635270542,1.5708817635270544,0.5982193900251996,0.05981354201679705,0.9990505083752653,0.003577659808595146
Shrink_177.JPG,14.53048897795591,1.8048056112224449,0.5854418739571301,0.06468547976419535,0.9986447134316032,0.004184211292324127
Shrink_179.JPG,163.81970741482965,7.580428857715431,0.2346705589723635,0.026044799500047348,0.9692769414045768,0.0006783315809976667
Shrink_18.JPG,70.06268136272544,3.0663046092184367,0.6461937481474807,0.10153778061334592,0.9940279658298526,0.010309920891883968
Shrink_181.JPG,109.49537074148297,4.937719438877755,0.3937851980403995,0.04652192512041576,0.9890574139418423,0.002164289516909571
Shrink_182.JPG,110.1550501002004,5.014561122244489,0.40016749161638426,0.04808859567594172,0.9887855759669922,0.0023125130340842003
Shrink_183.JPG,102.565374749499,4.884212424849699,0.4063191480426918,0.049490081060968076,0.9893999728671812,0.002449268123421191
Shrink_184.JPG,92.27698196392787,4.752685370741483,0.4099189170880373,0.04944714605445608,0.9903830293376972,0.0024450202529307115
Shrink_185.JPG,76.82410821643286,4.371050100200401,0.4156867796858814,0.0479616394440098,0.991991339855006,0.0023003188581571968
Shrink_186.JPG,75.6817755511022,4.351643286573147,0.40422685775086825,0.04342356477174616,0.9920735700947135,0.001885605977486034
Shrink_188.JPG,65.44220440881763,3.659839679358717,0.42508606443820623,0.039009122827981906,0.992404567240618,0.001521711663808579
Shrink_189.JPG,79.5634629258517,4.2538677354709415,0.40331316048778854,0.03438911330656245,0.9902851005509867,0.0011826111140115904
Shrink_2.JPG,287.98313026052097,10.4556753507014,0.1849655546717413,0.021095908829150592,0.9520571338116266,0.0004450373693278339
Shrink_22.JPG,34.294208416833676,2.1776232464929866,0.6649592875830244,0.08236618827606769,0.9972431727092484,0.0067841889711286315
Shrink_23.JPG,23.868905811623243,1.8203046092184367,0.6793417648165245,0.08258612186213135,0.9980904626017996,0.006820467524226811
Shrink_25.JPG,23.585987975951905,1.9739238476953904,0.625163023439903,0.06259521415168609,0.9979388971680279,0.003918160834695443
Shrink_26.JPG,21.377675350701406,1.8312064128256518,0.6535050185164017,0.0669106316093261,0.9982233432707358,0.004477032622358949
Shrink_27.JPG,27.94291382765531,2.061511022044088,0.6469879200993882,0.062470823949780575,0.9977248723931194,0.0039026038449644783
Shrink_28.JPG,25.811511022044087,2.0234068136272545,0.6418280370876657,0.06026933136882611,0.997879801012771,0.003632392303645367
Shrink_29.JPG,16.676032064128258,1.6767855711422845,0.650690836501319,0.05864449161585374,0.9986161582092155,0.00343917639688194
Shrink_30.JPG,7.123691382765531,1.0235310621242486,0.7247393523581146,0.0670717796095009,0.9994255850435207,0.004498623619985462
Shrink_32.jpg,38.913486973947904,2.786817635270541,0.5989114564816471,0.07287978087227019,0.9958181491209284,0.005311462459990121
Shrink_34.jpg,113.12531863727453,6.010096192384769,0.3567090035207873,0.0349981396596939,0.9769812006584242,0.0012248697796394391
Shrink_36.jpg,95.7666533066132,5.469042084168335,0.37525122493162,0.04177894641482329,0.9833929531241931,0.001745480363532676
Shrink_38.jpg,70.19240881763527,4.277458917835671,0.4333500533733085,0.0566777906974641,0.9927655235559484,0.003212371958345548
Shrink_39.jpg,60.729655310621254,4.033815631262526,0.41127058776638964,0.04725210491215012,0.9944291486024525,0.002232761418628842
Shrink_40.jpg,59.17357915831664,4.065490981963929,0.3909343710268428,0.0334908874713151,0.993706321241903,0.0011216395436162909
Shrink_41.jpg,62.43606412825652,4.855390781563126,0.309211278168573,0.022178231315444167,0.9909940681950943,0.0004918739442813483
Shrink_42.jpg,48.48013627254508,4.222533066132264,0.35508050311894196,0.030813452085776627,0.9925438048425246,0.000949468829442452
Shrink_43.jpg,55.169751503006005,4.3510020040080155,0.33437315987958294,0.030277263547104978,0.9912447252707254,0.0009167126879008518
Shrink_45.jpg,40.28719438877756,3.647490981963928,0.3722456915819739,0.04025207309738212,0.9899993408806477,0.0016202293886369936
Shrink_46.JPG,315.25549899799597,11.16877354709419,0.19128175413495016,0.019621852520006422,0.951293495962756,0.00038501709631688234
Shrink_5.JPG,83.92492985971946,3.3961923847695403,0.6180457633001298,0.06963876633654849,0.9856743591389705,0.004849557776876399
Shrink_50.jpg,98.9684488977956,5.6700200400801615,0.4028167009479834,0.07905392690653602,0.9883094371629685,0.00624952335934394
Shrink_53.jpg,68.4456392785571,3.132300601202404,0.4988724308892317,0.07031681071879733,0.9830432913793452,0.004944453869663172
Shrink_56.jpg,78.63082965931862,4.055022044088176,0.431011208570502,0.038509275106392245,0.9933963136006012,0.0014829642692198016
Shrink_57.JPG,261.0675871743487,10.107507014028059,0.20507386758188653,0.020653786706209622,0.9596918587461309,0.00042657890530560126
Shrink_60.jpg,46.32896993987976,2.2138917835671346,0.5928272926310313,0.09634489871641712,0.9768530517825805,0.009282339508676673
Shrink_63.jpg,49.73414428857715,3.5832745490981965,0.35553936459417945,0.04166095098299947,0.9898874246272624,0.0017356348368078843
Shrink_65.jpg,61.67114228456914,3.9737154308617235,0.3323188027201577,0.03889681463702229,0.9899588987938017,0.0015129621889068718
Shrink_67.jpg,65.16070541082163,4.255094188376752,0.3056386374127911,0.03674254015403474,0.9904266341964574,0.001350014256970855
Shrink_68.JPG,250.97569939879762,9.915106212424849,0.20743568011627886,0.020913929430096376,0.9600268247288509,0.0004373924442070514
Shrink_70.jpg,65.74270941883768,4.372673346693387,0.29424991404113254,0.03532435955925561,0.9904086679757615,0.0012478103782715732
Shrink_71.jpg,61.324625250501,4.276649298597194,0.29322735398257693,0.03515332864799685,0.99132224144921,0.0012357565150340761
Shrink_72.jpg,45.91311823647295,3.621687374749499,0.3336905197807785,0.03965976763784269,0.9942800679591722,0.0015728971690876742
Shrink_73.jpg,38.64856513026053,3.0802444889779563,0.3922612424767225,0.047233578901662056,0.9956525944853776,0.002231010975859535
Shrink_74.jpg,73.71513426853707,5.253707414829658,0.2524998014867004,0.024740391336964953,0.9866441058024596,0.0006120869635061705
Shrink_75.jpg,77.82593587174347,5.365006012024048,0.2524403244395825,0.02602048304488996,0.9860979616772105,0.0006770655378894059
Shrink_77.jpg,61.55117434869739,4.569410821643286,0.30611773194584196,0.02954205995342814,0.9900957624437995,0.0008727333062919426
Shrink_79.JPG,215.49159519038076,9.211619238476953,0.2122569643838381,0.021070727713185116,0.9652034538984543,0.0004439755663631873
Shrink_8.JPG,37.711438877755505,1.9584609218436868,0.6930093839525104,0.10386095247689496,0.9966836070124097,0.010787097449407833
Shrink_82.jpg,50.28256913827656,3.8017354709418836,0.35682056038578613,0.03610166583112232,0.991713335286384,0.001303330275782025
Shrink_83.jpg,60.872088176352705,4.4780761523046095,0.2921348379131097,0.029923456607959788,0.9900786654090492,0.0008954132553684523
Shrink_84.jpg,80.00980360721442,5.276681362725451,0.24767979668239312,0.02907743784408696,0.9858456788211979,0.0008454973915767406
Shrink_85.jpg,78.0865891783567,5.359511022044089,0.23389528475969854,0.027835921950767024,0.9855361761555563,0.0007748385508491934
Shrink_86.jpg,70.31237274549098,5.134673346693387,0.24379002314119785,0.030444686370483035,0.9861391918167177,0.0009268789281970754
Shrink_87.jpg,61.98239278557116,4.94720240480962,0.254540268785169,0.025325592133753426,0.9911350072317138,0.0006413856169252334
Shrink_88.jpg,73.03713426853707,5.535547094188376,0.2246008982951604,0.022130792140255116,0.9891367352024723,0.0004897719607551776
Shrink_89.jpg,77.87450501002006,5.733855711422846,0.2170557493265416,0.019819771392699848,0.9879590627298303,0.00039282333805888323
Shrink_9.JPG,53.50866933867736,2.422681362725451,0.6814364894677619,0.10014868866002154,0.9949760594890786,0.010029759840321926
Shrink_90.JPG,269.22907414829655,10.358220440881762,0.20344391074306845,0.020573006913414085,0.9573794556902817,0.00042324861345938375
Shrink_91.jpg,77.38574348697394,5.725310621242485,0.2151757788806354,0.020415671120752647,0.988646195086929,0.0004167996273107337
Shrink_92.jpg,65.71655711422846,4.16646492985972,0.3925891974681527,0.03805926489762529,0.9936391089796979,0.0014485076445476127
Shrink_93.jpg,76.33737474949899,5.648124248496993,0.2226087176483189,0.020012289748977355,0.9887884108218538,0.0004004917409970241
Shrink_95.jpg,83.60762324649299,5.87829258517034,0.2195655558899765,0.01853933583126335,0.986654544362063,0.0003437069730643652
Shrink_96.jpg,72.50490981963928,5.180124248496993,0.25203039407254,0.02058656716803618,0.9893862197763812,0.0004238067477640652
Shrink_97.jpg,69.29679358717436,5.034573146292586,0.25940690240759917,0.0215503323787648,0.9902795134860489,0.00046441682563523845
Shrink_98.jpg,68.85371543086173,4.642885771543087,0.35498091046214264,0.043347583090494336,0.9935994290574462,0.0018790129597873106
Shrink_99.jpg,47.75830060120241,3.6111022044088177,0.41213661905403476,0.045639446540088766,0.9961517316524584,0.0020829590804856205
Shrink_Surface_Roughness_100.jpg,111.42138677354708,6.01466132264529,0.3237088556964928,0.04004469101898663,0.9879721903281933,0.0016035772788061085
Shrink_Surface_Roughness_101.JPG,54.784905811623254,4.164977955911823,0.38535081716188613,0.05545757756579552,0.992876161327285,0.003075542909466227
Shrink_Surface_Roughness_110.jpg,90.3308617234469,5.536905811623246,0.293225698236648,0.03557328803260273,0.9821872045506416,0.0012654588214505162
Shrink_Surface_Roughness_116.jpg,90.90100601202406,5.800204408817635,0.2480124878624083,0.029785114125714433,0.9770730217916916,0.0008871530234818335
Shrink_Surface_Roughness_117.jpg,79.09446092184368,5.1975951903807625,0.2876785687166754,0.03578597318733067,0.9800974871922463,0.0012806358769643495
Shrink_Surface_Roughness_12.JPG,98.82416432865732,5.074472945891784,0.36705036753720566,0.028568650624817712,0.9836826557236396,0.0008161677985228976
Shrink_Surface_Roughness_124.JPG,40.999138276553104,3.6684529058116238,0.3819697293529353,0.05068594622098604,0.9949877931793938,0.002569065144316689
Shrink_Surface_Roughness_125.jpg,76.91780360721442,5.042188376753507,0.4126133631951986,0.04903228818316324,0.9863512778782626,0.0024041652844767696
Shrink_Surface_Roughness_128.jpg,80.12490581162325,5.367791583166333,0.37709011450495367,0.04342242182145641,0.9839895627105417,0.001885506716840494
Shrink_Surface_Roughness_130.jpg,89.66638877755511,5.5857875751503006,0.3771908090129122,0.039921625641130234,0.9821580474084121,0.0015937361938305468
Shrink_Surface_Roughness_135.JPG,47.610857715430846,3.933927855711422,0.3717316121188512,0.051600198056170145,0.9940361647453643,0.0026625804394359853
Shrink_Surface_Roughness_137.jpg,93.2713507014028,6.033963927855711,0.32932504757827047,0.0318886362352373,0.9822592333253469,0.0010168851209432894
Shrink_Surface_Roughness_139.jpg,89.71050100200401,5.9672625250501,0.3195896958449328,0.028635546478290808,0.9835605549449862,0.000819994522110353
Shrink_Surface_Roughness_159.jpg,37.87381162324649,3.5456032064128253,0.312721909798068,0.05136055884031579,0.9888461285888376,0.0026379070043895405
Shrink_Surface_Roughness_162.jpg,80.59900601202403,5.231743486973947,0.36715629899795543,0.06384094959124173,0.9841708388799822,0.004075666844711468
Shrink_Surface_Roughness_165.jpg,43.36957915831663,3.6106452905811626,0.32455712359925426,0.05101682647389522,0.9839921677259001,0.0026027165834675366
Shrink_Surface_Roughness_168.JPG,48.375114228456916,3.7273306613226467,0.36207854367745956,0.04413275647379308,0.9956450599525013,0.0019477001939751252
Shrink_Surface_Roughness_171.jpg,24.278196392785567,2.5776753507014027,0.51272399052017,0.11168624900853964,0.9975346661524528,0.012473818217597521
Shrink_Surface_Roughness_178.jpg,33.31140681362726,2.43361122244489,0.6298005162597132,0.12776811616073483,0.9976349627846827,0.016324691507263026
Shrink_Surface_Roughness_179.JPG,60.75988376753507,4.081807615230462,0.36602323405761655,0.04310664098789243,0.9946413273975023,0.0018581824972590476
Shrink_Surface_Roughness_182.jpg,67.1096993987976,3.56174749498998,0.53468179989884,0.07626034088442608,0.9928975831911181,0.0058156395918088685
Shrink_Surface_Roughness_19.JPG,27.488941883767538,2.483723446893788,0.5052242658069249,0.04812164173053281,0.9961656142500488,0.0023156924028417563
Shrink_Surface_Roughness_2.JPG,105.59790781563126,5.876472945891784,0.24210251737906055,0.02398535402368988,0.9784761436001259,0.0005752972076417364
Shrink_Surface_Roughness_201.JPG,77.94128657314629,4.5382565130260515,0.39258098801487307,0.04064343237012495,0.9927987273050559,0.0016518885948249207
Shrink_Surface_Roughness_202.jpg,69.84390380761523,4.677611222444891,0.26971790772794696,0.03204914880562201,0.9847957893761713,0.001027147939164903
Shrink_Surface_Roughness_206.jpg,64.3393386773547,4.750416833667336,0.2554354935774527,0.0294738204776684,0.9773866549802731,0.0008687060935498251
Shrink_Surface_Roughness_207.jpg,55.62654108216433,4.484488977955912,0.26559486536395954,0.030082085094740595,0.9805723689898524,0.0009049318436472142
Shrink_Surface_Roughness_209.jpg,65.70512625250501,4.848517034068135,0.25484753374687663,0.030819042657222004,0.9779657673617795,0.0009498133903076695
Shrink_Surface_Roughness_214.jpg,67.82078557114228,4.911078156312626,0.25184713580753265,0.027056341182991633,0.9830162207630752,0.000732045598210449
Shrink_Surface_Roughness_218.jpg,72.84347094188377,4.778805611222444,0.27247416081189535,0.02781558953639025,0.9832876880858847,0.0007737070212569428
Shrink_Surface_Roughness_219.jpg,73.06715831663327,4.802172344689378,0.27226652533523865,0.02782709246240695,0.9830708373052993,0.0007743470749113458
Shrink_Surface_Roughness_220.jpg,76.72750701402805,4.933623246492987,0.2650553552482424,0.028190426990290236,0.9841334093348669,0.0007947001738948841
Shrink_Surface_Roughness_221.jpg,69.05820440881762,4.510573146292585,0.29482202988773787,0.031157350446168464,0.9857692113787895,0.0009707804868253541
Shrink_Surface_Roughness_222.jpg,188.1573627254509,8.015791583166333,0.31398629218480545,0.03711555798204706,0.9679033705318445,0.0013775646443186975
Shrink_Surface_Roughness_226.jpg,65.99436072144287,4.400284569138276,0.29996343056767943,0.031179306535384744,0.9901958475934546,0.0009721491560274857
Shrink_Surface_Roughness_228.jpg,70.96371543086173,4.658160320641282,0.2835018470814228,0.028139719541748983,0.9895146208006596,0.0007918438158882896
Shrink_Surface_Roughness_229.jpg,73.15663326653306,4.7982364729458915,0.2725030475367365,0.02831264468347127,0.9890859208658427,0.000801605848972494
Shrink_Surface_Roughness_231.jpg,65.50485771543086,4.4424448897795585,0.29065728428179083,0.030477338156272814,0.9845147623041807,0.0009288681410918029
Shrink_Surface_Roughness_236.jpg,76.75412825651304,4.5523246492985985,0.37637189776846264,0.0376899771207672,0.9938452376003623,0.001420534375363955
Shrink_Surface_Roughness_240.jpg,43.14527454909819,3.567270541082164,0.46036415016854126,0.06117920497115935,0.9850640474199125,0.003742895120903129
Shrink_Surface_Roughness_242.jpg,58.15204008016032,3.4586693386773546,0.508590847195369,0.06514342515326804,0.9914395110485686,0.004243665840699435
Shrink_Surface_Roughness_243.jpg,68.5671863727455,3.9029539078156317,0.44462306803779456,0.05100184408083874,0.9897846588822069,0.0026011880996461858
Shrink_Surface_Roughness_245.jpg,62.2707254509018,3.623567134268537,0.4849429426167097,0.057240454897114566,0.9906292365448655,0.0032764696768286072
Shrink_Surface_Roughness_246.JPG,165.48291783567134,6.160513026052105,0.44015452741097866,0.0481300522930027,0.983732988813073,0.002316501933727174
Shrink_Surface_Roughness_250.jpg,46.925831663326655,3.1626412825651307,0.5149877825654945,0.06788059905310442,0.9947584410149366,0.004607775727808322
Shrink_Surface_Roughness_253.jpg,37.74533066132263,2.7552464929859717,0.5612057256525158,0.08148261254355497,0.9959685359535103,0.006639416146923102
Shrink_Surface_Roughness_254.jpg,33.84166733466934,2.594957915831663,0.5777666368346208,0.10057050122757565,0.9969641512261715,0.010114425717165795
Shrink_Surface_Roughness_255.jpg,48.26970741482966,2.528296593186373,0.6574748512511138,0.12278804716456665,0.9966945785335836,0.015076904526487845
Shrink_Surface_Roughness_256.jpg,47.52547895791584,2.940573146292585,0.571701532265859,0.0705341563825465,0.9967389661070962,0.004975067216597524
Shrink_Surface_Roughness_26.JPG,32.12779559118236,2.2660721442885774,0.588754361738729,0.04830701930552412,0.9953701355831472,0.00233356811418428
Shrink_Surface_Roughness_260.jpg,37.28640881763527,2.5868016032064127,0.5841183851534318,0.10541045379668668,0.9976374294130975,0.011111363769623416
Shrink_Surface_Roughness_266.jpg,81.22523046092184,4.389454909819638,0.31260491992567196,0.035681161423656634,0.9782636784010368,0.001273145280541042
Shrink_Surface_Roughness_272.jpg,76.52225250501002,4.295991983967936,0.3326688448169761,0.03626062493049061,0.9861162443520867,0.0013148329203497174
Shrink_Surface_Roughness_275.jpg,12.424789579158315,1.584308617234469,0.629956261115336,0.18668853882246914,0.9991508091501098,0.03485261052766857
Shrink_Surface_Roughness_276.jpg,63.93850501002004,3.7836513026052105,0.37587960910576546,0.03540420723201341,0.9922814436919125,0.0012534578897273503
Shrink_Surface_Roughness_278.jpg,49.59257314629258,3.0302324649298598,0.4533153141426227,0.05699148171293136,0.9910112390630412,0.00324802898783539
Shrink_Surface_Roughness_280.jpg,50.02379559118236,3.0490941883767535,0.4537923045671746,0.05663119015548688,0.9909375318215974,0.003207091698426914
Shrink_Surface_Roughness_286.jpg,62.540973947895786,3.987322645290581,0.40751990898324114,0.03641351739697612,0.9941198305470252,0.0013259442492198825
Shrink_Surface_Roughness_291.jpg,78.1478156312625,4.391791583166332,0.39977088260283616,0.04112907307740129,0.9916737299909049,0.0016916006522062154
Shrink_Surface_Roughness_293.jpg,77.73070541082164,4.346152304609219,0.3962176441329156,0.041462551006557005,0.9902794241903465,0.0017191431359713414
Shrink_Surface_Roughness_295.jpg,75.26573547094189,4.439603206412826,0.3336997899191301,0.04157289005505111,0.9887122181531792,0.0017283051875293678
Shrink_Surface_Roughness_296.jpg,66.81720641282564,4.301462925851704,0.31096482864356806,0.03854984088902764,0.9888452233036011,0.001486090232569347
Shrink_Surface_Roughness_299.jpg,13.089090180360724,1.5314949899799601,0.6572223122765868,0.2677897698979642,0.998487140646251,0.07171136086200462
Shrink_Surface_Roughness_30.JPG,14.770917835671339,1.2816753507014027,0.739298652833703,0.08337063372447284,0.9981192200424215,0.006950662567620208
Shrink_Surface_Roughness_306.jpg,32.76713426853708,2.7803927855711423,0.4250864610899351,0.059280987483053584,0.9947607811157243,0.003514235476965956
Shrink_Surface_Roughness_314.jpg,61.37659318637275,3.815190380761523,0.3279030837253656,0.046421733633122804,0.9891003512686691,0.0021549773535046047
Shrink_Surface_Roughness_316.jpg,63.227951903807615,3.645803607214429,0.3705624504898149,0.0543039892577352,0.9917841677865847,0.00294892324930422
Shrink_Surface_Roughness_317.jpg,65.58280561122247,3.7570981963927865,0.361585795632343,0.051756509214196174,0.9918261867842795,0.0026787362460391735
Shrink_Surface_Roughness_322.jpg,67.05823246492986,3.7599959919839683,0.37685719290743097,0.047355432314899686,0.9941062181738007,0.0022425369697310453
Shrink_Surface_Roughness_325.JPG,50.56091783567134,4.4221523046092175,0.2690245990841054,0.03442511311963324,0.9926500649909921,0.0011850884132995447
Shrink_Surface_Roughness_327.JPG,95.918749498998,4.3114549098196395,0.45511174490230566,0.06429594708354668,0.9867456361545782,0.004133968811370234
Shrink_Surface_Roughness_332.JPG,163.6491503006012,6.967050100200401,0.27175521561941723,0.024913110960668148,0.9837758508416357,0.0006206630977385634
Shrink_Surface_Roughness_333.JPG,369.3466492985972,10.094937875751505,0.30786944733439464,0.048991236896053676,0.9563115218558063,0.002400141292605251
Shrink_Surface_Roughness_336.JPG,214.5672464929859,7.230188376753506,0.3554544897399959,0.05861868788770715,0.9732442078739875,0.0034361505696764248
Shrink_Surface_Roughness_34.JPG,84.56262925851702,2.861763527054107,0.7602844607370275,0.13131991442281846,0.987643636001025,0.01724491992401636
Shrink_Surface_Roughness_344.JPG,50.662176352705416,3.426617234468938,0.3746531400148905,0.050192847403131194,0.9956880841735585,0.002519321930434014
Shrink_Surface_Roughness_346.JPG,125.71290981963931,6.329927855711424,0.24872700409159293,0.02620402505556608,0.966451678101242,0.0006866509291127348
Shrink_Surface_Roughness_350.JPG,81.96087775551102,4.358961923847695,0.40420954756145966,0.05682991492483986,0.9931612959908346,0.0032296392303645363
Shrink_Surface_Roughness_351.JPG,70.3618997995992,4.0168256513026055,0.42511021581324226,0.05937951515102667,0.9941433486215486,0.0035259268195710057
Shrink_Surface_Roughness_354.JPG,95.95361122244489,4.92217234468938,0.4468409465720293,0.05423826877805896,0.9914838053206728,0.002941789800040965
Shrink_Surface_Roughness_356.JPG,125.42995991983969,5.968701402805611,0.4230889238894289,0.04796742448528752,0.9877895185751041,0.0023008738117517606
Shrink_Surface_Roughness_358.JPG,166.66421643286574,7.084689378757515,0.38758269966792525,0.047400036569747346,0.9785695012039528,0.002246763466813386
Shrink_Surface_Roughness_36.JPG,54.16666533066131,2.307691382765531,0.7441703666057026,0.11010200490513597,0.9929533438297186,0.012122451484130584
Shrink_Surface_Roughness_363.JPG,105.38006412825652,5.283767535070141,0.32468242675464737,0.03370233353573418,0.9855088352227689,0.0011358472857538728
Shrink_Surface_Roughness_369.JPG,77.42474549098198,4.609619238476954,0.3414929550940494,0.034189912263736584,0.9922212070443309,0.0011689501006020054
Shrink_Surface_Roughness_371.JPG,158.71397995991984,6.4106372745490985,0.3145594016059889,0.03325282826087187,0.9832770938839682,0.0011057505873470388
Shrink_Surface_Roughness_377.JPG,350.3209218436874,12.182484969939882,0.18611453106804993,0.02095710811923636,0.9264700694312539,0.0004392003807213625
Shrink_Surface_Roughness_379.JPG,105.83857715430862,5.419819639278558,0.2739249408981499,0.02782580508471833,0.9832902039762813,0.0007742754286127365
Shrink_Surface_Roughness_38.JPG,68.30042084168338,2.642689378757516,0.7376163297034343,0.10046059547727967,0.9914841276504162,0.010092331243649626
Shrink_Surface_Roughness_384.JPG,5.334100200400801,0.8440641282565129,0.756250459909553,0.08318527577198155,0.9995957039473463,0.006919790105260621
Shrink_Surface_Roughness_387.JPG,33.71729058116233,1.8319679358717438,0.7153666379889555,0.09653695650032428,0.9971192715149233,0.009319383970345502
Shrink_Surface_Roughness_388.JPG,12.050276553106215,1.6812184368737477,0.582204185608867,0.09508432674554648,0.9984353218283438,0.009041029192653845
Shrink_Surface_Roughness_39.JPG,28.33900601202405,1.7296432865731461,0.7475757832662299,0.10403340803872886,0.9964183936213951,0.010822949988152655
Shrink_Surface_Roughness_46.JPG,141.28742284569142,5.5089539078156315,0.31139696579624293,0.03223830585225342,0.9790527228887891,0.001039308364223437
Shrink_Surface_Roughness_48.JPG,34.19223647294589,1.7297274549098194,0.7418463644806419,0.08861273163584923,0.9946253453194412,0.007852216207967036
Shrink_Surface_Roughness_5.JPG,33.08268537074149,2.01848496993988,0.6614111635753217,0.09152289303797363,0.9973082261934451,0.008376439950040363
Shrink_Surface_Roughness_50.JPG,59.23103406813629,2.3394989979959924,0.7213978566047569,0.08656946575157115,0.9920628119548522,0.007494272400512449
Shrink_Surface_Roughness_51.JPG,35.743450901803605,1.9063527054108216,0.7106521359039293,0.08541954892973905,0.9954318605956353,0.007296499339360082
Shrink_Surface_Roughness_52.JPG,29.508741482965934,1.7050541082164332,0.6919379441908526,0.07757173611230406,0.9958890384798317,0.006017374243476936
Shrink_Surface_Roughness_54.JPG,139.26570741482965,5.3248737474949905,0.44049414022816263,0.048076883899801554,0.9816281751406486,0.0023113867655149977
Shrink_Surface_Roughness_55.JPG,83.6229739478958,3.73287374749499,0.5245718081001525,0.06168707957069048,0.9859738616435422,0.0038052957859606986
Shrink_Surface_Roughness_58.JPG,276.2412745490982,8.088825651302605,0.3872789188661772,0.05028828909829458,0.9610401302734617,0.0025289120204336534
Shrink_Surface_Roughness_62.JPG,194.78328256513026,8.101054108216433,0.24789639910736416,0.023626630861651593,0.9759420094601935,0.0005582176858727476
Shrink_Surface_Roughness_63.JPG,129.64480961923846,6.232553106212425,0.31908638177213833,0.02921235384253755,0.9825759344559704,0.0008533616170216184
Shrink_Surface_Roughness_65.jpg,94.2922004008016,3.6581082164328658,0.6806292788266176,0.12513738263473692,0.9934478679937104,0.015659364532672557
Shrink_Surface_Roughness_67.jpg,65.79530260521042,3.4909739478957915,0.450012090636951,0.0680738875078033,0.9943966954477158,0.004634054160425057
Shrink_Surface_Roughness_69.jpg,57.19138276553106,3.5820761523046087,0.41521267222889624,0.05387512295464409,0.9952307484540779,0.0029025288733780185
Shrink_Surface_Roughness_7.JPG,28.84956713426854,1.7263366733466934,0.7258121116078168,0.1133558977733482,0.9972378507536127,0.012849559560001769
Shrink_Surface_Roughness_70.jpg,56.149947895791584,3.532825651302605,0.4242588798691651,0.05210126120846185,0.9952967274489808,0.002714541419512371
Shrink_Surface_Roughness_71.jpg,60.17151503006012,3.7339198396793587,0.4242281728444966,0.04683770724744657,0.994766400965862,0.002193770820197509
Shrink_Surface_Roughness_82.jpg,49.951206412825655,3.680080160320641,0.378891176745979,0.043287297737570805,0.9922548194597633,0.0018737901454211029
Shrink_Surface_Roughness_84.jpg,61.42683767535072,3.54906613226453,0.38425942839851857,0.04245916078086714,0.9890193026586447,0.001802780334215526
Shrink_Surface_Roughness_85.jpg,70.33448496993988,3.7768416833667335,0.3618592477831817,0.04062001237913526,0.9874867290636465,0.0016499854056811016
Shrink_Surface_Roughness_87.jpg,63.005639278557126,3.652156312625251,0.35679802709486735,0.040477413979721745,0.9880245845515647,0.0016384210424857735
Shrink_Surface_Roughness_90.JPG,22.105599198396792,2.527659318637274,0.49409630123153325,0.07396421231918293,0.9968310329395117,0.005470704703997173
Shrink_Surface_Roughness_96.jpg,47.861406813627255,3.797759519038076,0.32202434081632697,0.047204789241568006,0.9911256546105347,0.002228292127340854
Shrink_Surface_Roughness_99.jpg,48.033042084168336,3.773474949899799,0.32632135894633446,0.04800737231253375,0.990399360138141,0.0023047077963542317
Veining_1.JPG,409.10143086172354,14.665623246492986,0.10347865768489593,0.014868646957363722,0.8092828909992095,0.00022107666234272148
Veining_10.JPG,264.0359078156313,9.390304609218438,0.25553142161686143,0.023450374679525914,0.9600461142349238,0.0005499200726101502
Veining_100.JPG,191.99535871743484,8.351663326653307,0.30042752786317006,0.030422594545806883,0.9708494056747519,0.0009255342588985586
Veining_102.JPG,69.15011222444892,3.3183767535070148,0.68746295634623,0.1637205549182219,0.9930853108357611,0.026804420102730514
Veining_103.JPG,11.81004008016032,1.501486973947896,0.7006820223676683,0.13308658059921225,0.9988279651072424,0.01771203793559062
Veining_105.JPG,382.84727855711424,13.516537074148296,0.14614717899516155,0.021922282351711894,0.9247577306989342,0.0004805864635081787
Veining_106.JPG,207.279002004008,5.651354709418838,0.6910242155312935,0.243608973089564,0.9660354226281739,0.059345331769751916
Veining_107.JPG,436.54395591182356,14.462897795591177,0.16728728067708207,0.02962229097436234,0.8792501450760795,0.0008774801225697884
Veining_108.JPG,178.1136873747495,5.857446893787576,0.6138096124349008,0.16481294021961468,0.9794216206864219,0.027163305263834283
Veining_109.JPG,307.6560320641283,11.454509018036068,0.2343491542775097,0.04517866250495652,0.9169822842315811,0.0020411115457367643
Veining_11.JPG,67.28267334669337,3.1857835671342682,0.5332175091355066,0.06067599243463164,0.993033021257871,0.0036815760579274764
Veining_110.JPG,243.08008016032062,9.671639278557114,0.2885102316593534,0.050559851514282,0.9254587231389223,0.002556298585146244
Veining_114.JPG,179.9067935871744,6.196244488977958,0.5997079446361273,0.18830196575369465,0.9777714952538039,0.03545763030670559
Veining_115.JPG,297.2483887775551,11.12567134268537,0.21505030309394563,0.028147344794560276,0.951544859395797,0.0007922730189838594
Veining_117.JPG,179.51925851703407,5.001855711422847,0.7056182666087586,0.22720413573326528,0.9663688534294094,0.05162171929430003
Veining_118.JPG,31.485743486973945,2.402577154308617,0.6878074480255906,0.18808979657390923,0.9971702287482982,0.03537777157521455
Veining_119.JPG,376.00617234468945,12.465346693386774,0.22281811097517665,0.022572557394053564,0.8735679411352393,0.0005095203473078422
Veining_120.JPG,320.7968977955911,10.728961923847692,0.3142886141429523,0.04127697152602072,0.9378910712785733,0.0017037883783599253
Veining_121.JPG,26.80372344689379,1.7420080160320643,0.7231107847249991,0.06669705512735925,0.9837532381491171,0.0044484971626619985
Veining_123.JPG,130.38322645290583,4.403755511022044,0.6214602550941835,0.055629345978895184,0.9433533220944859,0.003094624134039622
Veining_124.JPG,91.45766332665329,4.004428857715431,0.5880011811363309,0.05334990504794761,0.9563049542806383,0.0028462123686250258
Veining_125.JPG,92.89932665330663,3.8327214428857723,0.6070424051985495,0.05564544889085838,0.9533207895145076,0.003096415982265132
Veining_126.JPG,106.0004008016032,4.028849699398798,0.6093604065306221,0.05803625040108144,0.9472799434609489,0.0033682063606170257
Veining_127.JPG,130.7837114228457,4.598228456913827,0.5878396295248517,0.05630503732245116,0.9391263450759476,0.0031702572278826183
Veining_128.JPG,17.706488977955917,1.764228456913828,0.6300970254860333,0.06819143099215612,0.9971872441893278,0.004650071260757989
Veining_129.JPG,146.3171743486974,5.050681362725451,0.5591772279774484,0.05377272813554648,0.9415234227330134,0.002891506291139392
Veining_131.JPG,51.14463727454909,3.137559118236473,0.5777525270431787,0.05453857216311176,0.9717223963054342,0.002974455853590949
Veining_132.JPG,127.85743486973948,5.394076152304609,0.5060730521695573,0.04956436938308124,0.9319261149554,0.0024566267123425204
Veining_134.JPG,85.1529619238477,4.536889779559117,0.4980923591602642,0.053375617714828294,0.941959511457776,0.0028489565664394922
Veining_135.JPG,41.5041002004008,3.318665330661323,0.5085354503565302,0.05404497462012201,0.9707061174383876,0.002920859281689632
Veining_137.JPG,139.26467334669337,6.5556873747495,0.2813933092440773,0.021283494652663156,0.987858254479365,0.0004529871446299412
Veining_139.JPG,146.02094188376753,5.456749498997995,0.49360291726621575,0.05424154522441646,0.9798541644224492,0.002942145228332416
Veining_14.JPG,68.18181963927854,4.920048096192383,0.29649278306213905,0.028923689198791454,0.9914892872662078,0.0008365797968682855
Veining_140.JPG,229.21882965931863,8.692825651302606,0.2541224635550634,0.023092120803178334,0.9753040986301098,0.0005332460431885816
Veining_141.JPG,264.1128416833667,9.176032064128256,0.27548733869597314,0.027263870695604566,0.9701866532347755,0.0007433186453066454
Veining_143.JPG,225.83240480961928,8.382160320641283,0.2921718370340427,0.026689178777290424,0.9730897386809959,0.0007123122638061696
Veining_144.JPG,227.5579358717435,8.348613226452906,0.30726609219193035,0.027864573783761958,0.975758484877561,0.0007764344721507143
Veining_145.JPG,190.0627775551102,7.503154308617235,0.33324381882087134,0.03030938389961908,0.9796106923027514,0.0009186587523744883
Veining_147.JPG,184.05262124248497,7.508645290581161,0.30818231056585466,0.024823515360070724,0.9809754881791655,0.0006162069148316671
Veining_15.JPG,68.36354308617236,4.818509018036073,0.291216155462217,0.026314767910294214,0.9918196720758778,0.00069246701017265
Veining_151.JPG,168.74220440881766,7.0805531062124265,0.32631580435701607,0.027055173882373895,0.9798020668782523,0.0007319824338054866
Veining_153.JPG,182.4759519038076,7.377667334669338,0.3121314391842968,0.023899214655606876,0.9759133229643414,0.0005711724611547745
Veining_154.JPG,138.07146693386773,6.574064128256513,0.30919872361748435,0.022181687332180094,0.9829503321477812,0.0004920272529025988
Veining_155.JPG,156.64451703406814,7.335635270541082,0.29054383708090814,0.022962963606634225,0.9794258355116489,0.0005272976975996079
Veining_157.JPG,152.8254629258517,7.168669338677354,0.3016811377437647,0.022424675444941644,0.9773693767820756,0.0005028660688109688
Veining_158.JPG,136.6549178356713,6.779038076152303,0.32075506598872383,0.02558142332318675,0.9757610338824648,0.0006544092192400831
Veining_16.JPG,77.55802404809619,4.282280561122244,0.3689228685826787,0.030085519796935557,0.9908264626217602,0.0009051385014518014
Veining_160.JPG,118.10937074148296,6.239655310621242,0.347667793297035,0.02786572908492271,0.976966939455674,0.0007764988574343074
Veining_161.JPG,383.8957995991984,9.960665330661321,0.40331128188938603,0.04311891033819498,0.947356317723055,0.0018592404287532983
Veining_162.JPG,87.48276953907815,5.206352705410821,0.356112295874051,0.027031719675577458,0.9847372522085289,0.0007307138686190015
Veining_163.JPG,105.77617635270545,5.682388777555111,0.3411183907910762,0.024837763957642985,0.9822049950592653,0.0006169145184155889
Veining_165.JPG,13.633643286573143,2.3360480961923846,0.44203049922985255,0.03407581064097927,0.99527567255859,0.001161160870839876
Veining_166.JPG,158.01378356713428,6.580316633266533,0.3346301003395326,0.022624754374888898,0.9725168814241605,0.0005118795105240543
Veining_167.JPG,9.156252505010018,1.7662965931863728,0.52303075092964,0.04737662597289456,0.9954493524878114,0.0022445446885755475
Veining_168.JPG,123.36790781563126,5.413919839679359,0.4537591430735318,0.0360202314047749,0.9812808008367351,0.001297457070453532
Veining_17.JPG,33.30753907815632,3.4816873747495,0.3442573005480896,0.02923580596584415,0.9954742904798102,0.0008547323504724885
Veining_170.JPG,250.45598396793582,8.418789579158314,0.36380458730827825,0.03878358592863461,0.9714952438242147,0.0015041665374837846
Veining_172.JPG,404.0905531062124,13.107619238476955,0.2452062567602102,0.02734170934677887,0.9197022883794072,0.0007475690700037349
Veining_173.JPG,193.4953507014028,7.619879759519039,0.32585914558678236,0.028981033965639516,0.9805282116507454,0.0008399003297175512
Veining_174.JPG,131.51836472945894,6.2448737474949905,0.3442729190449717,0.02921269313560768,0.9874108591250386,0.00085338144023518
Veining_176.JPG,15.19688977955912,1.3025971943887775,0.7378736696167021,0.06632842135979426,0.9978178904207017,0.004399459480082411
Veining_177.JPG,8.729559118236471,1.059939879759519,0.7386829661646519,0.07114255050897259,0.9988115414280678,0.005061262492921716
Veining_179.JPG,19.084821643286578,2.3988176352705417,0.47984207798853135,0.06384879972425486,0.9976984571451532,0.004076669226228008
Veining_18.JPG,595.0034148296593,11.20566733466934,0.37146532074735694,0.030354898017540537,0.916272005182909,0.0009214198336552864
Veining_180.JPG,11.192076152304612,1.842104208416834,0.5289439140963904,0.06932268248336566,0.9986068577226475,0.004805634306689532
Veining_181.JPG,10.03922645290581,1.6242044088176353,0.5653603559712216,0.0724950619690995,0.9987922074199986,0.005255534009903575
Veining_182.JPG,269.51887374749504,8.629302605210421,0.31885916854015695,0.030545580988773077,0.9615484975278907,0.0009330325179416953
Veining_19.JPG,582.8285090180361,11.27215631262525,0.3784276703305892,0.03056760810311993,0.9199036517963433,0.0009343786651459232
Veining_20.JPG,129.3728256513026,5.492729458917835,0.4594835031966137,0.03626562107986217,0.9834910957001071,0.0013151952723081436
Veining_23.JPG,545.534993987976,10.861823647294592,0.3904755209482063,0.03448290205091906,0.913144335232163,0.001189070533853278
Veining_24.JPG,367.36746693386766,11.44806012024048,0.32342250302849923,0.039493303091439856,0.9192419861325222,0.0015597209890723328
Veining_25.JPG,578.6426492985973,11.094048096192386,0.3951445489539551,0.03531979322167266,0.9085676272656049,0.0012474877932217143
Veining_27.JPG,162.26848496993992,5.418304609218438,0.44127011069083516,0.03999447494181393,0.9743214076460286,0.0015995580258713821
Veining_28.JPG,110.64736673346694,4.3855070140280565,0.4652123329268719,0.042434785272941325,0.9823943101924256,0.0018007110011606378
Veining_29.JPG,154.39421643286576,4.763154308617235,0.4312382732409908,0.03999754581810237,0.9749530801341089,0.0015998036714711989
Veining_3.JPG,2.9713947895791577,0.9646452905811621,0.6724649169808957,0.08894985478548442,0.9996285068613942,0.007912076666358766
Veining_31.JPG,208.40582364729462,5.738168336673348,0.3604514339195119,0.03326363207767788,0.9732982870097582,0.0011064692189991208
Veining_34.JPG,237.52457314629257,5.6281082164328655,0.43823185604395015,0.03909809655176667,0.9681072331474898,0.001528661153971269
Veining_35.JPG,291.9849098196393,10.808228456913827,0.27003185489213155,0.0252552424215251,0.9429252403057622,0.0006378272697700009
Veining_36.JPG,224.22629258517034,5.486509018036073,0.4399482734924096,0.04019301466421098,0.9698048489779367,0.0016154784277974785
Veining_37.JPG,229.21751102204414,5.478841683366734,0.456516490227605,0.04159159969532555,0.968814125453512,0.0017298611652162043
Veining_39.JPG,738.4973907815631,16.52721042084168,0.21482253409974778,0.028245484565924198,0.8919852297875084,0.0007978073983638621
Veining_4.JPG,144.45362324649298,6.595346693386773,0.3187231239836359,0.027360629924458486,0.9782399111777531,0.0007486040698631732
Veining_41.JPG,602.5100961923848,14.451539078156312,0.23266644846554174,0.03156362438770959,0.9147524754247637,0.0009962623844884156
Veining_43.JPG,268.8396032064128,9.710921843687375,0.2833681081043448,0.029502603356395516,0.9658479747864922,0.0008704036048048
Veining_44.JPG,519.584136272545,13.509555110220443,0.22822387875029554,0.02678249913339459,0.9300299683981275,0.0007173022598302819
Veining_46.JPG,223.29218036072143,8.992509018036072,0.316304239025296,0.02880389492401546,0.9549272532368133,0.0008296643627937236
Veining_48.JPG,286.47613226452904,9.2903126252505,0.3391656335041948,0.032732916422077464,0.9576962873726469,0.0010714438174947087
Veining_49.JPG,122.15547895791583,6.364360721442886,0.3665191681687243,0.033832674455974245,0.9831561448401784,0.0011446498608439323
Veining_53.JPG,296.04020841683365,8.676336673346691,0.26139739439840454,0.02604035637698379,0.9559891347686419,0.0006781001602403203
Veining_54.JPG,337.38181963927866,9.276080160320642,0.25451700893851925,0.025322670665788662,0.9496537811136991,0.0006412376496479936
Veining_56.JPG,330.07256112224445,9.194332665330661,0.25351004544145356,0.025184470875179374,0.9497884042465836,0.0006342575732627581
Veining_57.JPG,203.42878957915826,8.51588376753507,0.32417784063368094,0.029488453967509147,0.9569346146762744,0.000869568917393906
Veining_58.JPG,342.18546292585165,10.227555110220441,0.2359873302556645,0.022857060420434852,0.9467369692861161,0.0005224452110634094
Veining_59.JPG,342.23491382765536,9.308757515030063,0.26520502136496354,0.026471129175700596,0.9457620172487551,0.0007007206798366274
Veining_6.JPG,93.6898236472946,5.581270541082165,0.3307932584305907,0.029864332335916986,0.9872984670940148,0.0008918783458700969
Veining_60.JPG,326.5315831663327,9.915246492985972,0.25238140020726857,0.0245551063769583,0.9480677056024326,0.0006029532491837382
Veining_61.JPG,407.0805971943888,11.287659318637278,0.23763130644887498,0.023498380857328294,0.9338952174008346,0.0005521739029160528
Veining_65.JPG,96.74974348697395,3.7709378757515033,0.5521411177440013,0.05812134999236029,0.9883675839733869,0.0033780913249344393
Veining_66.JPG,148.15158316633267,5.569923847695391,0.4664782562955962,0.04101728882138725,0.9853316605912578,0.0016824179822570993
Veining_68.JPG,398.90674148296597,12.432993987975951,0.27177080443967144,0.02453166646249436,0.9226173155348517,0.0006018026594270705
Veining_71.jpg,98.8648336673347,4.587991983967937,0.46796931843834155,0.0511439277193773,0.990006326210752,0.00261570134256489
Veining_72.jpg,108.87245691382766,4.671991983967936,0.5061112561726935,0.06811670407436285,0.9798077820070777,0.004639885373954321
Veining_75.jpg,111.67872945891783,5.035042084168336,0.4623322614325002,0.04695782081394574,0.9884596020416585,0.002205036935594636
Veining_77.jpg,74.79190380761524,4.12877755511022,0.5030759369322843,0.051290768063880436,0.9926537052319259,0.002630742888582777
Veining_78.jpg,61.79896192384769,3.7444609218436873,0.5495336635957971,0.08431526725875027,0.9946579616487221,0.007109064292914486
Veining_79.JPG,454.1940641282564,12.33239679358717,0.355233502678173,0.03815894995179832,0.9094755324784908,0.001456105461423849
Veining_85.jpg,62.31238476953908,4.11834869739479,0.4562170963884863,0.05067790476257255,0.9931772148045137,0.0025682500311243733
Veining_86.jpg,108.88723847695391,4.904416833667335,0.49040953105486157,0.053214486138775365,0.987189518536795,0.0028317815350139153
Veining_88.jpg,111.60977955911828,4.364152304609219,0.5662683803980594,0.07032912019818542,0.9894087737288548,0.004946185147850813
Veining_89.jpg,104.02778356713426,4.149082164328657,0.5876503480461898,0.07550375668684446,0.9909622308597482,0.00570081727382621
Veining_9.JPG,152.86066533066133,5.784288577154308,0.4033716947695385,0.0321135410841872,0.9759593299342604,0.0010312795209657792
Veining_92.jpg,102.83436873747496,3.8077875751503,0.6311041168161565,0.09470233945505596,0.9933868116105397,0.008968533098260649
Veining_96.JPG,346.1410100200401,12.161202404809618,0.22776960776378866,0.021598598190098683,0.9533435415462737,0.00046649944377733416
Veining_97.JPG,218.59618036072146,9.276188376753508,0.2549301500277069,0.03897305438732299,0.9722253726766517,0.0015188989682772358
Veining_98.JPG,214.3225771543086,8.660509018036072,0.3146816164020304,0.03463323452829423,0.97135972042165,0.0011994609338918316
Veining_99.JPG,235.02998797595183,9.116304609218433,0.30182575883078294,0.031724097968169364,0.966883459590126,0.0010064183918940077
Wrinkles_Folds_Coldshuts_104.JPG,27.76664929859719,2.9380400801603206,0.4335826978759542,0.03109693698552265,0.996251000402539,0.0009670194898815667
Wrinkles_Folds_Coldshuts_107.JPG,21.87296192384769,2.3470541082164322,0.49838964610311,0.043313456081093826,0.997152466107172,0.001876055477688844
Wrinkles_Folds_Coldshuts_109.JPG,34.18320240480961,3.0719799599198394,0.46867271564626156,0.03865995081243758,0.996077998050444,0.0014945917968200932
Wrinkles_Folds_Coldshuts_111.JPG,28.762829659318633,2.399503006012024,0.5193270616064787,0.04116502636150976,0.9969725413720888,0.0016945593953437937
Wrinkles_Folds_Coldshuts_112.JPG,220.2352785571142,8.579454909819638,0.2813204964018595,0.022920103648991576,0.9775856490535638,0.000525331151280517
Wrinkles_Folds_Coldshuts_116.JPG,48.264801603206415,3.2052264529058117,0.47910599500263024,0.038530480262324064,0.9936038204588444,0.0014845979092453444
Wrinkles_Folds_Coldshuts_12.JPG,137.1787334669339,5.744408817635271,0.3447337614423698,0.038756038937101916,0.9848407120650139,0.0015020305540941598
Wrinkles_Folds_Coldshuts_120.JPG,38.55956713426853,1.835615230460922,0.7625080635331701,0.14920610224096056,0.9951672677333531,0.022262460945939977
Wrinkles_Folds_Coldshuts_13.JPG,205.38640881763527,7.268260521042085,0.39649468149903194,0.03558289083128527,0.9722525303910066,0.0012661421199111652
Wrinkles_Folds_Coldshuts_135.JPG,131.9699478957916,6.1152224448897785,0.4118721865036486,0.031934342921410765,0.9735550320550848,0.001019802257822258
Wrinkles_Folds_Coldshuts_143.JPG,88.90574348697395,6.005607214428858,0.26291525308937813,0.022330216472676558,0.9833440855517619,0.0004986385677165954
Wrinkles_Folds_Coldshuts_145.JPG,57.4002885771543,4.313523046092184,0.36490777799997837,0.03310510716929154,0.9924009549500225,0.0010959481206902783
Wrinkles_Folds_Coldshuts_148.JPG,31.556376753507013,3.2987815631262523,0.39376513721852036,0.03513379828016377,0.9956619285245952,0.0012343837815912385
Wrinkles_Folds_Coldshuts_149.JPG,34.644833667334666,3.4458757515030056,0.39384868548657037,0.035021019134768565,0.9950186497102722,0.0012264717812378262
Wrinkles_Folds_Coldshuts_150.JPG,39.89591583166333,3.765679358717435,0.374263901555804,0.033313806621393244,0.9933186171562077,0.0011098097116075843
Wrinkles_Folds_Coldshuts_151.JPG,321.2987935871743,11.840541082164332,0.17878880875655523,0.017680804533516396,0.9330255224206045,0.0003126108489524139
Wrinkles_Folds_Coldshuts_154.JPG,79.1258517034068,3.371230460921844,0.5031403353431869,0.03682021316447693,0.9892154444714326,0.0013557280974775203
Wrinkles_Folds_Coldshuts_155.JPG,92.77942284569139,3.8438156312625247,0.44188952483906024,0.03354339794272479,0.9872298155172525,0.0011251595455439936
Wrinkles_Folds_Coldshuts_156.JPG,109.30226052104211,3.9735310621242492,0.4615090751011666,0.03619033154627528,0.9844333365627289,0.0013097400974293276
Wrinkles_Folds_Coldshuts_157.JPG,76.74169539078156,4.595178356713427,0.4256211806605705,0.03365829024902991,0.9806727100805492,0.0011328805024879418
Wrinkles_Folds_Coldshuts_158.JPG,123.8681002004008,4.01217234468938,0.5689451556947738,0.04351287971764779,0.9806574285325903,0.0018933707013224846
Wrinkles_Folds_Coldshuts_162.JPG,94.22597595190379,5.393711422845691,0.3114833905255434,0.03242008902580427,0.9837883652994823,0.0010510621724410744
Wrinkles_Folds_Coldshuts_170.jpg,51.31038076152304,3.9825971943887777,0.3656003389138876,0.043502686964801814,0.995070039563209,0.0018924837731575377
Wrinkles_Folds_Coldshuts_176.jpg,40.81003206412825,3.318008016032063,0.39161068156994105,0.06072322569920597,0.9923501995521065,0.0036873101393167084
Wrinkles_Folds_Coldshuts_177.jpg,45.72761923847697,3.50384368737475,0.38456441421328386,0.062445262346433474,0.992019886786348,0.0038994107895149025
Wrinkles_Folds_Coldshuts_179.JPG,154.04567134268535,6.065655310621242,0.43163519994970917,0.03723374088694154,0.9492999875670295,0.0013863514604359022
Wrinkles_Folds_Coldshuts_181.jpg,101.61395190380762,5.955811623246492,0.22353575338234796,0.03225601886795434,0.9760306943324955,0.0010404507532098264
Wrinkles_Folds_Coldshuts_184.jpg,121.06669338677354,6.446597194388778,0.21822901409676862,0.035379155385688275,0.9724222515617694,0.0012516846358046755
Wrinkles_Folds_Coldshuts_186.jpg,142.49155511022045,6.984933867735471,0.2102202018965198,0.03338898173212276,0.9715908248816375,0.0011148241011080277
Wrinkles_Folds_Coldshuts_189.jpg,61.52709018036072,4.751306613226453,0.2647073513919984,0.03689790824299261,0.987089579933219,0.0013614556327083023
Wrinkles_Folds_Coldshuts_193.jpg,70.93834468937875,5.263611222444889,0.23872387937409606,0.02945735725829772,0.9863162827553419,0.0008677358966429853
Wrinkles_Folds_Coldshuts_194.jpg,46.11262124248496,3.7316432865731453,0.3823790318188069,0.04852366290029639,0.995496112606166,0.0023545458612616
Wrinkles_Folds_Coldshuts_195.jpg,70.97115030060121,5.262917835671343,0.2367678977759191,0.029279149531959946,0.9862936824832202,0.0008572685973148702
Wrinkles_Folds_Coldshuts_198.jpg,65.44880961923847,5.072889779559119,0.24895367324562176,0.026138880913636826,0.9870698297575318,0.0006832410954172875
Wrinkles_Folds_Coldshuts_199.jpg,62.77347494989981,4.930661322645291,0.25700642453799305,0.029241718212577025,0.9878711832545536,0.000855078084023759
Wrinkles_Folds_Coldshuts_2.JPG,274.3033386773547,8.777374749498998,0.37681368979720486,0.04409869595759836,0.9728191267619619,0.001944694985160702
Wrinkles_Folds_Coldshuts_20.JPG,307.5482805611223,9.987406813627256,0.2699570695633101,0.024251871939235083,0.9553822394909759,0.0005881532925570581
Wrinkles_Folds_Coldshuts_201.JPG,184.21140280561121,7.03050501002004,0.44737779524958465,0.039427841947839,0.9295330782021752,0.0015545547206637727
Wrinkles_Folds_Coldshuts_202.jpg,61.20324649298598,4.941402805611222,0.24233020754228526,0.02720489796834346,0.9876633934449363,0.0007401064734679781
Wrinkles_Folds_Coldshuts_204.jpg,55.4708376753507,4.706613226452905,0.2471158933320988,0.028749198520945318,0.988397408194859,0.0008265164155967245
Wrinkles_Folds_Coldshuts_210.jpg,153.5555390781563,6.832044088176353,0.22985193205498458,0.037574789470545385,0.9655134375003178,0.001411864803755808
Wrinkles_Folds_Coldshuts_211.jpg,139.87902204408815,7.123422845691382,0.19499176426413453,0.031447900628403164,0.9735115818113772,0.00098897045393392
Wrinkles_Folds_Coldshuts_215.jpg,177.36597595190378,7.434617234468936,0.21812030461075915,0.03057630320410311,0.9718174996991897,0.000934910317629246
Wrinkles_Folds_Coldshuts_216.jpg,187.55953106212428,7.741575150300604,0.21253203424131734,0.02827483395309973,0.9709634182826767,0.0007994662350753614
Wrinkles_Folds_Coldshuts_218.jpg,68.40216432865732,4.813322645290581,0.2699004604906887,0.0334509842833466,0.9870571726089297,0.001118968349524701
Wrinkles_Folds_Coldshuts_221.jpg,103.17808416833668,5.332048096192385,0.2729545087033932,0.026340697981472014,0.9863655482132277,0.0006938323701511239
Wrinkles_Folds_Coldshuts_222.jpg,135.4725571142284,6.433326653306612,0.2312810264452028,0.03868415828932826,0.9735512178250291,0.001496464102553804
Wrinkles_Folds_Coldshuts_231.jpg,59.81565531062124,4.271102204408818,0.3215623694493957,0.045058972767511536,0.9899591005201328,0.002030311026863346
Wrinkles_Folds_Coldshuts_233.JPG,263.3925290581162,8.603374749498998,0.4264632632251663,0.03912238758815146,0.9065617967348476,0.0015305612105975476
Wrinkles_Folds_Coldshuts_235.JPG,21.85003607214429,1.5433827655310621,0.7030096508985142,0.07354238991578697,0.997572079411349,0.0054084831145256446
Wrinkles_Folds_Coldshuts_236.JPG,312.9180480961924,10.879875751503008,0.2974486481647226,0.027559346440629427,0.9262137473334803,0.0007595175762346338
Wrinkles_Folds_Coldshuts_237.JPG,75.61694589178356,5.851006012024047,0.2655051556494591,0.026279730562866765,0.9893148488201435,0.0006906242384568735
Wrinkles_Folds_Coldshuts_24.JPG,161.6556993987976,5.359218436873748,0.5338598990393818,0.05274488787260798,0.9814923760372363,0.0027820231966939886
Wrinkles_Folds_Coldshuts_241.JPG,91.2453026052104,6.07109018036072,0.21931831943882169,0.024106945528447922,0.9861500707228715,0.0005811448227115553
Wrinkles_Folds_Coldshuts_243.JPG,22.019627254509015,3.188052104208417,0.3133518920717772,0.023261413910917617,0.9965400880014088,0.0005410933771350316
Wrinkles_Folds_Coldshuts_248.JPG,392.08024849699405,13.370132264529062,0.18040483939294957,0.015281450350288554,0.9012327157659634,0.00023352272480833418
Wrinkles_Folds_Coldshuts_250.JPG,191.4754629258517,8.297531062124246,0.2932961178791519,0.023334570377233466,0.9594382400284717,0.0005445021746900616
Wrinkles_Folds_Coldshuts_251.JPG,119.25527054108215,6.100577154308617,0.34381344461024993,0.023943598611617243,0.981091896890035,0.0005732959144742391
Wrinkles_Folds_Coldshuts_253.JPG,372.3776032064128,11.204921843687375,0.28916897122868457,0.029738284091397064,0.966169958235034,0.0008843655407006398
Wrinkles_Folds_Coldshuts_254.JPG,56.41581963927856,3.298953907815631,0.5155569756499663,0.03423239231059513,0.9882746340721507,0.0011718566833064928
Wrinkles_Folds_Coldshuts_256.JPG,162.44925851703402,7.644713426853706,0.29216125836977347,0.024607256617605006,0.9649687431150197,0.0006055170782446654
Wrinkles_Folds_Coldshuts_257.JPG,5.787559118236473,1.1418997995991984,0.6473610518026104,0.06517420506084622,0.994859011195682,0.0042476770053132325
Wrinkles_Folds_Coldshuts_26.JPG,32.31701803607214,2.507735470941884,0.5149433741491081,0.036664224365611967,0.9951261109677724,0.0013442653483319343
Wrinkles_Folds_Coldshuts_260.JPG,77.50150701402805,4.082092184368737,0.4793116459302066,0.03729153382937484,0.9821935621053954,0.0013906584953474082
Wrinkles_Folds_Coldshuts_261.JPG,100.48480561122246,4.901470941883769,0.44691815010849606,0.03262201192239394,0.9749383675697723,0.001064195661864812
Wrinkles_Folds_Coldshuts_262.JPG,87.84538677354709,4.373651302605211,0.477896188078388,0.03384191590301677,0.9741261024635042,0.0011452752719868595
Wrinkles_Folds_Coldshuts_265.JPG,54.007971943887775,4.06755511022044,0.4116582389013021,0.03667553406313355,0.9810472485254668,0.001345094798816069
Wrinkles_Folds_Coldshuts_27.JPG,41.27971142284569,2.6738436873747493,0.5570967374184872,0.04045905397378466,0.9933585193632056,0.0016369350484536204
Wrinkles_Folds_Coldshuts_272.JPG,116.43408016032065,5.570088176352706,0.4646502822694048,0.04023970789443372,0.9556925189271026,0.0016192340914293515
Wrinkles_Folds_Coldshuts_274.JPG,98.41502605210421,4.98466132264529,0.4695054052167321,0.039801525158896574,0.9541254536932696,0.0015841614049742771
Wrinkles_Folds_Coldshuts_276.JPG,91.43932665330661,5.096865731462926,0.44803223061542613,0.03918416308859059,0.9569851861702823,0.0015353986369532652
Wrinkles_Folds_Coldshuts_277.JPG,144.78347094188373,6.900392785571142,0.33088307868535655,0.026543838969663763,0.9300615735566219,0.0007045753872474406
Wrinkles_Folds_Coldshuts_279.JPG,114.93305410821644,5.65013627254509,0.445800218178325,0.039786495107144985,0.954326738953095,0.001582965192910872
Wrinkles_Folds_Coldshuts_28.JPG,35.45121442885771,3.861875751503006,0.29106693076668433,0.02345906266614701,0.993931563808572,0.0005503276211742123
Wrinkles_Folds_Coldshuts_283.JPG,167.3595470941884,8.148068136272546,0.24939527779064516,0.02140415020582574,0.9544755000553216,0.00045813764603355007
Wrinkles_Folds_Coldshuts_285.JPG,57.533494989979964,4.195643286573147,0.38952991301016826,0.02693949298304639,0.9896661309989834,0.0007257362821836057
Wrinkles_Folds_Coldshuts_290.JPG,33.07600000000001,2.9795831663326657,0.4443634996120236,0.03120176730460297,0.9933499679792306,0.000973550282930591
Wrinkles_Folds_Coldshuts_291.JPG,28.204128256513023,2.7237835671342685,0.4645794278075333,0.03308072733095354,0.9943687863476693,0.0010943345207448964
Wrinkles_Folds_Coldshuts_292.JPG,23.275979959919837,2.409150300601202,0.4855434840867789,0.034080787701593444,0.9957782498169248,0.001161500090361083
Wrinkles_Folds_Coldshuts_296.JPG,45.60145490981965,3.003058116232466,0.466041096924338,0.03273031894157092,0.9938164801048974,0.001071273778016956
Wrinkles_Folds_Coldshuts_297.JPG,261.20365531062123,8.954148296593187,0.3493923981968805,0.038921600795314745,0.977761673444202,0.0015148910084698455
Wrinkles_Folds_Coldshuts_298.JPG,34.8826372745491,2.443054108216433,0.5091174413578666,0.03599478935824369,0.9940877129783967,0.0012956248609443334
Wrinkles_Folds_Coldshuts_30.JPG,192.73678156312624,7.48440480961924,0.335878681664745,0.035440156245141206,0.9708492615519269,0.0012560046746800213
Wrinkles_Folds_Coldshuts_306.JPG,96.74974348697395,3.7709378757515033,0.5521411177440013,0.05812134999236029,0.9883675839733869,0.0033780913249344393
Wrinkles_Folds_Coldshuts_31.JPG,195.83633266533067,7.419819639278557,0.3404923877924643,0.03380287085107992,0.9697877983454404,0.0011426340777747886
Wrinkles_Folds_Coldshuts_32.JPG,287.098376753507,9.080468937875752,0.29587374350742934,0.02907462857494446,0.9549054738985159,0.0008453340267709768
Wrinkles_Folds_Coldshuts_34.JPG,223.39129458917833,7.940785571142285,0.33570039169390353,0.03154328275295048,0.9665001755787397,0.000994978686832583
Wrinkles_Folds_Coldshuts_36.JPG,149.8962084168337,6.943783567134269,0.30531724992691794,0.029568589902619336,0.9771997311342698,0.0008743015088292822
Wrinkles_Folds_Coldshuts_38.JPG,173.34180360721444,7.221058116232466,0.33051785445214604,0.031005365558931866,0.9725252047893121,0.0009613326934429984
Wrinkles_Folds_Coldshuts_39.JPG,44.10014829659318,3.3887174348697395,0.45909226151775034,0.04597804985369783,0.9951494356002863,0.002113981068349123
Wrinkles_Folds_Coldshuts_4.JPG,155.8946412825651,5.4773026052104195,0.4957476136762887,0.04523138300474631,0.9847000737301469,0.0020458780085220534
Wrinkles_Folds_Coldshuts_40.JPG,107.82298997995994,4.584008016032064,0.47047394264884995,0.041670039491174225,0.984355145141109,0.0017363921911960198
Wrinkles_Folds_Coldshuts_41.JPG,118.86977955911824,4.888120240480961,0.4588978397518882,0.045222429259828674,0.9810509187081807,0.0020450681081602084
Wrinkles_Folds_Coldshuts_44.JPG,20.04895390781563,2.0110781563126254,0.5208069286584589,0.057774925428467905,0.9953388408640036,0.0033379420082650275
Wrinkles_Folds_Coldshuts_45.JPG,30.509182364729458,2.491643286573146,0.4736540303533949,0.05363374123144059,0.9931071377914847,0.0028765781984811303
Wrinkles_Folds_Coldshuts_49.JPG,166.9114108216433,5.853102204408818,0.4068568891551762,0.03231065275124788,0.9758841454281822,0.001043978281211722
Wrinkles_Folds_Coldshuts_50.JPG,261.07026452905814,7.186048096192385,0.42317511807688263,0.03481372219443236,0.9587911891758413,0.0012119952530311121
Wrinkles_Folds_Coldshuts_51.JPG,258.66096993987975,7.137194388777555,0.4266370545785359,0.035615499510272826,0.9568637114363554,0.0012684638053662438
Wrinkles_Folds_Coldshuts_52.JPG,272.8677234468938,9.081278557114228,0.3350768025030285,0.03732515871664847,0.9468565102091753,0.0013931674732229988
Wrinkles_Folds_Coldshuts_54.JPG,286.6306092184368,9.09480160320641,0.36419549040835963,0.03450345722223943,0.9518570219641749,0.001190488560286906
Wrinkles_Folds_Coldshuts_58.JPG,257.9009539078157,8.057442885771543,0.36968560858187094,0.033262060085115876,0.9595884228026176,0.0011063646411058588
Wrinkles_Folds_Coldshuts_6.JPG,280.38646893787575,7.524713426853707,0.37153973775812627,0.04253087397955624,0.9705877158382462,0.0018088752414648938
Wrinkles_Folds_Coldshuts_60.JPG,205.00057715430864,7.724384769539079,0.3500731348110777,0.03661197082766664,0.9618873649587069,0.0013404364078859127
Wrinkles_Folds_Coldshuts_62.JPG,122.40022845691384,6.375603206412826,0.35811886078276667,0.03250594862849211,0.9706318656502034,0.0010566366962381682
Wrinkles_Folds_Coldshuts_67.JPG,257.7611422845692,10.57240480961924,0.1872859574530428,0.02440218442172317,0.965875844326503,0.0005954666045517891
Wrinkles_Folds_Coldshuts_70.JPG,389.50898997995995,13.253519038076153,0.146673582105783,0.0180082782951696,0.9370943713405505,0.0003242980871562765
Wrinkles_Folds_Coldshuts_71.JPG,317.7346573146293,9.705903807615233,0.2905221563915142,0.02063578520876306,0.9362302974376128,0.0004258356311822042
Wrinkles_Folds_Coldshuts_72.JPG,186.7267615230461,7.790849699398797,0.2695820567256742,0.019388272455657933,0.961615317328221,0.0003759051088148241
Wrinkles_Folds_Coldshuts_78.JPG,23.771042084168336,1.7415831663326655,0.6147106642939938,0.05230801146806018,0.9972613109274145,0.0027361280637427155
Wrinkles_Folds_Coldshuts_79.JPG,125.05846893787574,4.980360721442886,0.4405838018571404,0.05006491663357282,0.9901041671257057,0.002506495877526596
Wrinkles_Folds_Coldshuts_8.JPG,139.8292264529058,5.482404809619238,0.3932466411575452,0.04715311411793916,0.98494395594357,0.0022234161710193933
Wrinkles_Folds_Coldshuts_82.JPG,10.432248496993989,1.3759839679358714,0.6532527610839975,0.05779000873592558,0.9983413248352561,0.003339685109698355
Wrinkles_Folds_Coldshuts_84.JPG,20.224148296593185,1.7909138276553107,0.6279046401374384,0.05627704093967946,0.9980303974333034,0.003167105336926358
Wrinkles_Folds_Coldshuts_86.JPG,67.42847294589178,3.2836072144288577,0.5637766882546817,0.06300589474102707,0.9905348121396886,0.003969742772117381
Wrinkles_Folds_Coldshuts_9.JPG,239.22242885771544,6.927110220440881,0.3623476568301673,0.04244972987366495,0.974995621331069,0.0018019795663471226
Wrinkles_Folds_Coldshuts_97.JPG,41.15256513026052,3.7223046092184373,0.3639912934281471,0.024491173082676676,0.9938966540883256,0.0005998175589656266
Wrinkles_Folds_Coldshuts_99.JPG,38.26053707414829,3.4622845691382764,0.38883450277459924,0.026201628561134623,0.9945547844295148,0.0006865253392556657
