Filename,class,contrast,dissimilarity,homogeneity,energy,correlation,ASM
Cutting_Marks_101.jpg,1,61.08505410821644,3.8150340681362733,0.3658740029762068,0.039109231670789835,0.992141427767166,0.0015295320018795108
Cutting_Marks_109.JPG,1,187.79074148296593,8.783599198396795,0.1677416921726641,0.01617105208980113,0.9617320492109015,0.0002615029256910615
Cutting_Marks_11.jpg,1,44.7266012024048,2.2955470941883767,0.6174200270937609,0.0787899556352686,0.9930064073418445,0.006207857109007594
Cutting_Marks_114.JPG,1,66.67495791583165,5.362741482965931,0.25063685713442413,0.021100086296323112,0.9789843516268566,0.00044521364171228235
Cutting_Marks_121.JPG,1,142.87845290581166,7.793731462925853,0.19551643823803344,0.018047017387006682,0.9586402199295998,0.00032569483656692155
Cutting_Marks_126.JPG,1,75.18852905811625,5.600865731462927,0.21988700930044283,0.020765947060779465,0.9855737463999068,0.00043122455733109525
Cutting_Marks_13.jpg,1,53.07845290581163,4.4883927855711425,0.24545724939123978,0.030101647201112167,0.9847202379465438,0.000906109164220224
Cutting_Marks_130.JPG,1,49.60284569138276,3.3536432865731465,0.4173178596688102,0.02683986841682319,0.9940899534172681,0.000720378536632383
Cutting_Marks_134.JPG,1,77.5456753507014,4.245619238476954,0.33822201302394866,0.023334278309446684,0.9909439981421015,0.000544488544222714
Cutting_Marks_137.JPG,1,69.01103406813627,3.8674188376753507,0.39259222348686273,0.02596464818111069,0.9918526919935443,0.0006741629551688547
Cutting_Marks_142.JPG,1,57.91917835671343,3.8386492985971943,0.3755137449999609,0.027425535388125716,0.9876434471043221,0.0007521599913253359
Cutting_Marks_146.jpg,1,69.69133066132265,4.876180360721442,0.2604654526906031,0.025452858713210035,0.9906615511449304,0.000647848016674632
Cutting_Marks_148.JPG,1,70.33606813627254,4.456148296593186,0.3856821194149437,0.03853264475465324,0.9867130549500296,0.001484764711788306
Cutting_Marks_163.JPG,1,41.120436873747494,2.327490981963928,0.6572050916108487,0.09333792946294349,0.9955448011802539,0.008711969076429413
Cutting_Marks_164.JPG,1,33.016084168336675,1.9659278557114228,0.6349288442363383,0.057680387936467584,0.9953117690734272,0.0033270271525013954
Cutting_Marks_165.JPG,1,12.15567134268537,1.6482565130260523,0.567034581074986,0.050571781680984376,0.9983105684969587,0.002557505102389147
Cutting_Marks_177.JPG,1,30.330861723446894,2.824705410821643,0.4118624509944482,0.028422988047232728,0.9955104932180502,0.0008078662495331345
Cutting_Marks_181.JPG,1,42.27056513026052,3.535054108216433,0.4320349651371636,0.03900868981152435,0.9933400765799166,0.0015216778808117234
Cutting_Marks_185.JPG,1,36.172565130260516,3.303114228456914,0.4218977085017892,0.03625771261967232,0.9954994436762881,0.0013146217244107453
Cutting_Marks_186.JPG,1,20.442601202404813,2.552324649298598,0.457358538059306,0.039619303351211894,0.9974752439556688,0.00156968919803535
Cutting_Marks_187.JPG,1,25.4849619238477,2.6698436873747498,0.4365455939318058,0.031190208223732706,0.996959477546627,0.0009728290890398034
Cutting_Marks_193.JPG,1,10.333647294589175,1.8317474949899795,0.5117691093116756,0.037848888799804754,0.9978354459486427,0.0014325383833799857
Cutting_Marks_195.JPG,1,7.7177515030060135,1.5205090180360723,0.5604097520437604,0.04506226541827932,0.9986234822818149,0.002030607764627452
Cutting_Marks_197.JPG,1,43.258813627254504,2.888456913827655,0.5366564375115102,0.049082631371909484,0.992533237450137,0.0024091047023907532
Cutting_Marks_2.jpg,1,52.83661322645291,4.630304609218436,0.24682111546228958,0.03640782532451592,0.977494617781684,0.0013255297448604626
Cutting_Marks_20.jpg,1,59.23986372745491,3.383382765531062,0.5274316570326527,0.06863361030547936,0.9956348426948664,0.0047105724635644036
Cutting_Marks_201.jpg,1,22.47656112224449,2.847703406813627,0.376494011601367,0.029794159983267825,0.9958359095981637,0.0008876919691085577
Cutting_Marks_203.JPG,1,42.80528256513026,2.326949899799599,0.6401592325960016,0.055701168445411196,0.9901605780108745,0.0031026201661840717
Cutting_Marks_204.JPG,1,96.764,4.0969619238476955,0.6620198339577928,0.1301962660081275,0.9858183716529886,0.0169510676824591
Cutting_Marks_214.JPG,1,93.0864008016032,4.177695390781562,0.6025577388788836,0.12321426477953132,0.9790112223087326,0.015181755045160453
Cutting_Marks_219.JPG,1,36.96991983967935,2.8752264529058116,0.5474673667942,0.053861749282686874,0.9922116484445506,0.0029010880357910203
Cutting_Marks_224.jpg,1,24.588028056112222,2.980244488977956,0.3703651863555855,0.032344528585893116,0.9952106216663323,0.001046168529443657
Cutting_Marks_225.JPG,1,21.155539078156313,2.024861723446894,0.6126647287771851,0.06915486896831263,0.9951226784781831,0.004782395902024489
Cutting_Marks_226.JPG,1,3.511186372745491,0.9662885771543086,0.6894559321806795,0.07794954778233086,0.9992068695409422,0.006076131999469881
Cutting_Marks_23.jpg,1,35.03365130260521,1.8770821643286573,0.684339748824131,0.12857703002632687,0.9977794733755412,0.016532052650390962
Cutting_Marks_230.JPG,1,170.34776352705413,5.950120240480962,0.5424593500033268,0.053092079565361244,0.9667796825991579,0.0028187689125746492
Cutting_Marks_231.JPG,1,98.47637675350704,4.205883767535071,0.586703810668316,0.05733864373510472,0.9827171675010661,0.0032877200653812643
Cutting_Marks_237.JPG,1,75.45235671342687,3.648837675350702,0.5734718837295181,0.060059452835904976,0.9881248144200746,0.0036071378749482946
Cutting_Marks_240.JPG,1,17.576613226452903,1.5962124248496996,0.6540423286109762,0.05109915020933181,0.998303522686743,0.0026111231521158554
Cutting_Marks_249.JPG,1,53.03576352705411,3.253078156312625,0.5616129692862012,0.059662028665031584,0.9915658635871573,0.0035595576644270504
Cutting_Marks_25.jpg,1,26.423082164328658,1.613326653306613,0.7029361534356566,0.13863383970980783,0.9980715309247522,0.019219341512684687
Cutting_Marks_251.JPG,1,14.122585170340678,1.955635270541082,0.5500377808028045,0.04101599735356284,0.9966611129949088,0.0016823120389074736
Cutting_Marks_257.jpg,1,78.50477354709419,3.899507014028056,0.44127797975787963,0.057343189066916454,0.98907359096563,0.003288241332364127
Cutting_Marks_258.JPG,1,116.82936272545088,6.048785571142284,0.31578586036559436,0.025030104725022873,0.970747116658373,0.0006265061425456123
Cutting_Marks_26.jpg,1,22.266312625250503,1.5006613226452907,0.7073628437128807,0.15053245774668564,0.9977574505153906,0.022660020835257696
Cutting_Marks_265.JPG,1,120.760625250501,5.416024048096192,0.33682493597228935,0.02738424957728703,0.9815922260739478,0.0007498971249111449
Cutting_Marks_267.JPG,1,119.43824448897794,5.199839679358718,0.35918897107338726,0.030811222246767387,0.9793381858448695,0.0009493314163396935
Cutting_Marks_268.jpg,1,72.79935470941881,3.8333106212424846,0.4294084354173572,0.057179652926406435,0.9894013532608489,0.0032695127087843004
Cutting_Marks_270.JPG,1,101.70720641282567,4.804913827655312,0.35918329113604447,0.03055506480919382,0.9833478490000722,0.0009336119854940345
Cutting_Marks_271.JPG,1,102.83774749498997,4.695663326653307,0.3658828709026583,0.030928904184723632,0.9842402343538315,0.0009565971140678151
Cutting_Marks_276.JPG,1,10.534957915831662,1.39025250501002,0.6746326988759042,0.07056391260399959,0.9975668605804143,0.004979265761984892
Cutting_Marks_277.JPG,1,10.452549098196394,1.343547094188377,0.6792630555604924,0.07075492330325794,0.9976467570430095,0.005006259171649914
Cutting_Marks_280.JPG,1,10.619334669338674,1.1135070140280559,0.7887120511150882,0.1528955008250848,0.9930659488613686,0.023377034172553508
Cutting_Marks_283.JPG,1,63.70237274549099,3.2983166332665332,0.6380807529356263,0.08528653844179031,0.9809313093107146,0.007273793639382977
Cutting_Marks_285.JPG,1,4.051186372745492,0.9239639278557116,0.7233885144200692,0.06660781119091465,0.9994466400691718,0.004436600511644534
Cutting_Marks_286.JPG,1,99.78824448897794,4.078016032064127,0.6357725444886908,0.19137596647209998,0.9860170888116062,0.03662476054313033
Cutting_Marks_291.jpg,1,74.60186372745491,4.108909819639279,0.3782544311497581,0.04424506953557786,0.9911835450632256,0.0019576261782081198
Cutting_Marks_293.jpg,1,83.09657715430862,4.136961923847695,0.45366459106070056,0.060970431526338645,0.9887900388782705,0.0037173935205079495
Cutting_Marks_294.jpg,1,80.81802404809619,5.539266533066133,0.2594186625510483,0.02461475723116322,0.987718307465755,0.0006058862735491021
Cutting_Marks_297.jpg,1,54.137470941883755,3.415539078156313,0.4428457767422972,0.05068550021107478,0.9934328508345452,0.0025690199316468613
Cutting_Marks_307.jpg,1,21.68454509018036,1.9550380761523045,0.5659728884449022,0.061080456164082045,0.9975905052754087,0.0037308221252123483
Cutting_Marks_308.jpg,1,10.893775551102205,1.495779559118237,0.6063398722347644,0.07804520111740476,0.9988084058083418,0.006091053417456157
Cutting_Marks_309.jpg,1,12.494585170340681,1.612332665330661,0.6037012607966633,0.08387283105122323,0.9986268683922204,0.007034651788547035
Cutting_Marks_314.jpg,1,66.25062124248498,3.881715430861724,0.4152489613811044,0.049482704189479775,0.9931829762958406,0.002448538013903559
Cutting_Marks_317.jpg,1,55.4513146292585,3.4402204408817627,0.46873368175633495,0.062379785134475396,0.9944415920388261,0.003891237593423318
Cutting_Marks_322.jpg,1,68.92343086172346,4.064785571142285,0.4027991159860703,0.046360658638926425,0.9917641083255606,0.002149310669435063
Cutting_Marks_324.jpg,1,50.5010501002004,3.401691382765531,0.5629638141720514,0.08201548574169502,0.9949417859625888,0.006726539901446179
Cutting_Marks_327.jpg,1,77.44463326653307,5.48868136272545,0.22623939504950966,0.028675137471019938,0.982301816296504,0.0008222635089818917
Cutting_Marks_33.jpg,1,62.82155110220441,3.138953907815631,0.62152795009638,0.09519198488259191,0.9951482278081644,0.009061513985887608
Cutting_Marks_333.jpg,1,29.086937875751502,2.970024048096193,0.4127217037537527,0.03127647124827803,0.9968349926565214,0.0009782176537443624
Cutting_Marks_335.jpg,1,52.09889378757514,3.287318637274549,0.519110340186449,0.06685271825895106,0.9943475360609808,0.004469285938610688
Cutting_Marks_351.jpg,1,71.19169539078155,3.2085450901803605,0.5965998088954604,0.07163112107145742,0.9951201770347198,0.005131017505953791
Cutting_Marks_354.jpg,1,59.6155511022044,2.918717434869739,0.5864815725452415,0.06089335262220922,0.9953472285562488,0.0037080003935727147
Cutting_Marks_355.jpg,1,59.50371543086172,3.3151142284569133,0.49785092280167753,0.057074361925699583,0.9949821566735804,0.0032574827892257463
Cutting_Marks_357.jpg,1,38.59744288577155,2.404352705410822,0.6307431993998526,0.09120323133258162,0.9969901528035497,0.008318029405504399
Cutting_Marks_36.jpg,1,83.2297875751503,3.951174348697395,0.5665580425992277,0.0728164751361173,0.9925051388318141,0.00530223905124879
Cutting_Marks_45.jpg,1,63.2186773547094,4.9383486973947885,0.27753017668031355,0.030074743003160598,0.9887378502176118,0.0009044901667061573
Cutting_Marks_49.jpg,1,86.97877354709419,6.154028056112224,0.2218632348075888,0.02403254707730363,0.9838021498379728,0.0005775633190228152
Cutting_Marks_5.jpg,1,70.40437274549099,3.552108216432866,0.5559170686219439,0.06304499462052018,0.9946569401943418,0.003974671346701419
Cutting_Marks_53.jpg,1,84.34030460921842,4.604432865731463,0.4524311036296123,0.042952758164967436,0.9903863130301361,0.0018449394339781766
Cutting_Marks_55.jpg,1,79.81850100200401,5.684625250501002,0.24269166397105268,0.02695398425092156,0.9837849432928749,0.0007265172669989276
Cutting_Marks_6.jpg,1,88.31368336673346,4.468721442885771,0.4884124709695142,0.04703373982618671,0.9916022389874971,0.002212172682037422
Cutting_Marks_61.jpg,1,73.78991583166332,5.466340681362726,0.251881158833736,0.02709109829291605,0.9857085011283281,0.0007339276067164389
Cutting_Marks_70.JPG,1,93.52074148296595,5.378969939879759,0.33756237806338857,0.03154406473439641,0.9883375270414559,0.0009950280199677913
Cutting_Marks_80.JPG,1,71.94702605210419,5.253631262525049,0.254753541250136,0.02130653707702803,0.9879258741653587,0.0004539685222147702
Cutting_Marks_83.JPG,1,62.420104208416845,4.6581162324649314,0.3287533362793986,0.028183176481379385,0.9906565541525972,0.0007942914365805762
Cutting_Marks_86.JPG,1,114.5666372745491,5.828801603206413,0.3382410842660693,0.02834152903608662,0.9819898558815673,0.000803242268103341
Cutting_Marks_9.jpg,1,44.968709418837676,2.3820881763527053,0.6846004493729986,0.15444920535213993,0.9971854141440435,0.023854557033907493
Cutting_Marks_92.JPG,1,82.58183166332667,4.668837675350702,0.3909139407857174,0.033977038287151276,0.9884920699037627,0.0011544391307665436
Cutting_Marks_93.JPG,1,76.235498997996,6.077559118236473,0.1926685137166376,0.017837819780084366,0.984830589841026,0.00031818781450676905
Cutting_Marks_94.JPG,1,424.5644368737474,11.98991983967936,0.24442369991943033,0.023450202736554508,0.9171364708479136,0.0005499120083855085
Cutting_Marks_98.JPG,1,46.126785571142285,3.184733466933868,0.5666719193731268,0.09625257715094365,0.9941722751517905,0.00926455860819836
Hot_tears_cracks_1.jpg,1,166.89543887775554,8.402004008016034,0.18623009851403483,0.014197078216712278,0.979156355233179,0.0002015570298914463
Hot_tears_cracks_10.JPG,1,499.8461362725452,15.034769539078159,0.12725301225344227,0.013906972420772283,0.8842030700150474,0.00019340388191212092
Hot_tears_cracks_101.JPG,1,142.24239278557113,5.827386773547094,0.331386450475014,0.03550418491385209,0.9830965708221807,0.0012605471463970025
Hot_tears_cracks_103.JPG,1,471.356873747495,14.376833667334669,0.15464905312865618,0.016270885775790438,0.9048889173565599,0.0002647417239288196
Hot_tears_cracks_107.JPG,1,109.30226052104211,3.9735310621242492,0.4615090751011666,0.03619033154627528,0.9844333365627289,0.0013097400974293276
Hot_tears_cracks_110.JPG,1,71.13133867735472,4.741398797595191,0.3280075055325718,0.031748128114592315,0.9854502563518552,0.001007943638780567
Hot_tears_cracks_112.jpg,1,115.68410020040082,6.388925851703407,0.26391153647953436,0.01778950206355259,0.9867897352755569,0.00031646638366914187
Hot_tears_cracks_113.JPG,1,191.3807294589178,7.152008016032061,0.3114130216161785,0.031396284426608224,0.9755787061726823,0.0009857266757964823
Hot_tears_cracks_118.JPG,1,35.00804408817636,2.933567134268537,0.4234414667176024,0.037701234872497234,0.9947871981161217,0.0014213831109112017
Hot_tears_cracks_119.JPG,1,134.40824448897797,7.4502404809619245,0.19018239740296938,0.019903138323410778,0.9672177686008493,0.0003961349151208228
Hot_tears_cracks_120.JPG,1,143.21886573146296,7.469038076152305,0.20251599953307595,0.02148050845125236,0.9671780351336468,0.00046141224332432414
Hot_tears_cracks_123.JPG,1,198.23467735470942,7.415046092184368,0.31185652044318724,0.031233900234671014,0.9739575537805575,0.000975556523869382
Hot_tears_cracks_124.JPG,1,193.00714228456908,7.467759519038074,0.28431518489941177,0.024223831341126736,0.9737087436110132,0.0005867940048433539
Hot_tears_cracks_129.JPG,1,263.4872745490982,8.576933867735471,0.2703780466451617,0.020782152338771464,0.9656224260905807,0.00043189785583190425
Hot_tears_cracks_130.jpg,1,111.8633226452906,6.180789579158318,0.2929168200396878,0.023494847080284362,0.990345096780275,0.0005520078393259466
Hot_tears_cracks_134.JPG,1,148.27513026052105,6.017342685370741,0.3585009936237582,0.029165366721327097,0.981652402660534,0.000850618615989494
Hot_tears_cracks_135.JPG,1,232.42205210420846,7.7742845691382785,0.3182928861970796,0.028256748247290547,0.9697301179956779,0.0007984438215107573
Hot_tears_cracks_137.JPG,1,204.464749498998,7.088709418837675,0.32503877608191956,0.023502127875121768,0.9767043183145625,0.0005523500146585756
Hot_tears_cracks_14.JPG,1,162.22499398797592,8.288472945891783,0.19198131827691609,0.017596548169339168,0.9664003307903698,0.0003096385074758736
Hot_tears_cracks_144.JPG,1,173.13618436873747,6.209859719438878,0.3443317903285458,0.031720300584433155,0.9812117644631002,0.0010061774691667905
Hot_tears_cracks_148.JPG,1,228.4754228456914,7.083759519038076,0.3251388516316779,0.03378574094584688,0.9749860745756619,0.0011414762912598745
Hot_tears_cracks_149.JPG,1,202.585374749499,6.434456913827655,0.3748714109232626,0.0398394691792539,0.9749933532707059,0.0015871833044847211
Hot_tears_cracks_15.JPG,1,218.62420841683365,9.758012024048096,0.15976302842039009,0.01613967317651687,0.9554262521878841,0.00026048905024477815
Hot_tears_cracks_150.JPG,1,247.32820040080165,7.301490981963929,0.3257463796096829,0.03527709392124999,0.9703859230200538,0.001244473355528693
Hot_tears_cracks_152.jpg,1,123.62714629258521,6.965134268537076,0.24400321802017333,0.02058544132479477,0.9826585483670133,0.00042376039453656826
Hot_tears_cracks_156.JPG,1,291.3259358717436,8.873062124248499,0.27265501501485084,0.030124421140883307,0.9667239158930493,0.0009074807490732971
Hot_tears_cracks_160.JPG,1,86.31448096192385,5.488805611222444,0.2670378773215337,0.023892191021756735,0.9924460641951318,0.0005708367918201132
Hot_tears_cracks_162.JPG,1,192.00027254509018,7.79369138276553,0.4093985366030879,0.0569579545411147,0.9646059963293253,0.0032442085855076885
Hot_tears_cracks_164.JPG,1,160.6006773547094,5.385486973947896,0.6077112373418042,0.10727913983678798,0.9760401755821706,0.011508813844121111
Hot_tears_cracks_165.JPG,1,66.45715831663325,3.549414829659318,0.6356264062521816,0.10283009849508756,0.9810786428651541,0.010574029156509408
Hot_tears_cracks_18.JPG,1,404.16929859719437,13.15963126252505,0.12697704438815902,0.01381174595218453,0.9179790913547033,0.00019076432624768575
Hot_tears_cracks_180.JPG,1,109.20779959919838,4.419190380761523,0.5969247617654403,0.12280510799564115,0.9814200268749261,0.015081094549821084
Hot_tears_cracks_182.JPG,1,151.50686172344692,5.351134268537074,0.5819491635306719,0.12659836033209806,0.9700086209645865,0.016027144838775743
Hot_tears_cracks_184.JPG,1,249.78669338677352,8.0788376753507,0.4886141466449727,0.11029762449669792,0.9556113306190116,0.012165565969614578
Hot_tears_cracks_185.jpg,1,125.60863727454907,6.056861723446891,0.36558291342814625,0.03543396904645159,0.9890401860200294,0.0012555661623848894
Hot_tears_cracks_186.JPG,1,114.31485771543086,4.513551102204409,0.6072331588933564,0.12173881211902429,0.9832266999436852,0.014820338376151095
Hot_tears_cracks_189.JPG,1,70.98742685370742,3.8597474949899797,0.5277922299640209,0.04451990917739389,0.9889859686184966,0.0019820223131634005
Hot_tears_cracks_19.JPG,1,146.28251703406815,8.028200400801603,0.209758800669613,0.021164766323889455,0.9608486202406802,0.0004479473335448452
Hot_tears_cracks_191.JPG,1,168.5580360721443,5.968633266533066,0.5242100013093139,0.03872231139705016,0.9754650347750118,0.0014994173999301208
Hot_tears_cracks_193.JPG,1,17.201386773547096,1.776176352705411,0.647869403238533,0.05194222787063059,0.9972311305834026,0.002697995036164513
Hot_tears_cracks_194.JPG,1,134.1269258517034,6.333627254509017,0.348869899782585,0.027220809355307272,0.9619847725745209,0.0007409724619579838
Hot_tears_cracks_198.JPG,1,18.42614829659319,1.7598396793587177,0.6485460575432656,0.06220545561894235,0.9960054898319889,0.003869518708760206
Hot_tears_cracks_200.JPG,1,223.90186773547092,9.65204008016032,0.21506996096494072,0.019699321735895118,0.9160116842439799,0.00038806327685430984
Hot_tears_cracks_202.JPG,1,265.6207815631263,10.522016032064128,0.17522178883074174,0.018631292810399935,0.9319734457995634,0.0003471250717868603
Hot_tears_cracks_23.JPG,1,487.06261322645287,14.595382765531062,0.11118708873218186,0.012470341439785712,0.9018606544656774,0.0001555094156248368
Hot_tears_cracks_25.JPG,1,408.18632464929857,13.144248496993988,0.14199627176008628,0.013611562933159127,0.9203143836310657,0.00018527464548335148
Hot_tears_cracks_26.JPG,1,249.83623246492988,10.282404809619237,0.18211118903380258,0.016529391952217934,0.9412859519924743,0.000273220798310047
Hot_tears_cracks_39.JPG,1,30.406801603206418,3.5546973947895792,0.3277992043028874,0.026211660925420256,0.992924343574288,0.000687051168469203
Hot_tears_cracks_40.JPG,1,33.14643286573146,3.6598036072144287,0.32675376628986585,0.027892701611740543,0.9928410921471339,0.0007780028032015935
Hot_tears_cracks_43.JPG,1,11.846681362725452,2.0904328657314633,0.4673989795489863,0.03949361375116738,0.99726738729854,0.0015597455271263972
Hot_tears_cracks_45.JPG,1,21.75508617234469,3.292729458917835,0.3006474995686913,0.032702051848218235,0.9911970851442604,0.0010694241950835537
Hot_tears_cracks_46.JPG,1,89.00235671342685,6.242012024048097,0.19510808646936972,0.02269493043015221,0.9840725741835721,0.0005150598672294488
Hot_tears_cracks_47.JPG,1,201.42156312625252,9.609563126252505,0.1459862144246932,0.015563162121265406,0.9469165204154497,0.00024221201521279031
Hot_tears_cracks_50.JPG,1,21.6997875751503,2.8429458917835673,0.3894087237022071,0.03614209150159029,0.996730412591087,0.001306250778109325
Hot_tears_cracks_51.JPG,1,200.20919438877755,6.431903807615231,0.46256387370030005,0.034123751728177505,0.9694174860572548,0.0011644304320062974
Hot_tears_cracks_52.JPG,1,85.1106172344689,5.251707414829658,0.29375007577228585,0.026211123897532954,0.99079045686946,0.0006870230159718231
Hot_tears_cracks_57.JPG,1,134.53694589178357,6.635022044088179,0.22955918392502084,0.027816694752500475,0.9765861938681345,0.0007737685069537874
Hot_tears_cracks_58.JPG,1,67.42847294589178,3.2836072144288577,0.5637766882546817,0.06300589474102707,0.9905348121396886,0.003969742772117381
Hot_tears_cracks_60.JPG,1,100.93501402805612,4.510741482965932,0.4795216701644759,0.03819163260191945,0.9813208203505328,0.0014586008007999966
Hot_tears_cracks_66.JPG,1,48.264801603206415,3.2052264529058117,0.47910599500263024,0.038530480262324064,0.9936038204588444,0.0014845979092453444
Hot_tears_cracks_68.JPG,1,127.56006813627255,5.7739038076152305,0.2676639876462885,0.0336782053735448,0.9787329434373211,0.0011342215171826619
Hot_tears_cracks_7.JPG,1,417.54882965931864,13.618953907815634,0.1266553581343286,0.015071353562638208,0.8902793639471487,0.0002271456982100474
Hot_tears_cracks_72.JPG,1,68.79356312625248,3.428112224448897,0.5168202674567574,0.04149245638972539,0.9916112639935811,0.0017216239372532633
Hot_tears_cracks_73.JPG,1,124.11775150300602,3.841551102204409,0.5842850993370545,0.04260769905087067,0.9865425599813272,0.001815416018409565
Hot_tears_cracks_77.JPG,1,52.470180360721436,3.0634949899799597,0.5070926393999186,0.04012559919287819,0.9936918451315667,0.0016100637105875071
Hot_tears_cracks_79.JPG,1,139.15224048096192,6.118997995991984,0.25749705328450345,0.03082844652082049,0.9782620790470437,0.0009503931148870889
Hot_tears_cracks_8.JPG,1,125.42010020040081,7.543947895791582,0.1913611187575915,0.018783162928793434,0.9629148506471343,0.0003528072096096
Hot_tears_cracks_91.JPG,1,37.695607214428854,2.8622925851703407,0.4556700322724117,0.05106441048102905,0.9960547654338369,0.0026075740177750294
Hot_tears_cracks_93.JPG,1,118.10403607214428,6.943154308617236,0.24642036853217003,0.02136734244212095,0.9783273228159388,0.0004565633230388633
Hot_tears_cracks_98.JPG,1,31.556376753507013,3.2987815631262523,0.39376513721852036,0.03513379828016377,0.9956619285245952,0.0012343837815912385
inclusion_10.JPG,1,21.78973146292585,1.7720080160320644,0.6769669092419119,0.06791100992811658,0.9977872101242705,0.004611905269456749
inclusion_109.JPG,1,99.5672985971944,5.707795591182366,0.3105205966009767,0.024430277083976066,0.9798841834376609,0.0005968384383998461
inclusion_110.JPG,1,89.26221643286574,5.2573587174348715,0.3341565174717543,0.025826791059929754,0.9837011701941785,0.0006670231364532675
inclusion_112.JPG,1,55.62380761523047,4.0141883767535065,0.3796305224429743,0.04344160770998919,0.990139210796453,0.0018871732804285927
inclusion_118.JPG,1,99.5089018036072,5.621174348697395,0.3434857940496912,0.02644459834938534,0.9830401776926702,0.0006993167818603139
inclusion_127.JPG,1,88.59212024048097,5.464945891783567,0.2993072748512175,0.029704562523199026,0.9838297393376058,0.0008823610346946401
inclusion_129.JPG,1,88.76573146292586,5.521683366733468,0.3015766356481412,0.026862142216119295,0.9907396301148591,0.0007215746844390185
inclusion_151.JPG,1,90.92725851703408,5.300052104208416,0.3293865903632641,0.02526090427291952,0.9880983955131208,0.0006381132846856037
inclusion_153.JPG,1,87.29098997995993,4.919927855711423,0.37652735575038565,0.03278582886944185,0.9869657552439235,0.0010749105746563265
inclusion_157.JPG,1,7.152561122244489,1.2784689378757514,0.6389736363128166,0.07415880946975753,0.9988532628406505,0.0054995290219718
inclusion_167.JPG,1,48.65470941883767,3.2941082164328654,0.48850026839646715,0.03942443820991438,0.9936778235338846,0.0015542863281673568
inclusion_170.JPG,1,11.941827655310625,1.679118236472946,0.5814962429943549,0.05223355918796795,0.9970397936722372,0.002728344705442951
inclusion_172.JPG,1,17.72030861723447,1.926040080160321,0.6004382779536678,0.05327828447014735,0.9974043938311138,0.0028385755960819437
inclusion_174.JPG,1,23.158545090180365,2.3719158316633266,0.5330512318194394,0.044284927805106455,0.9969368709567469,0.001961154830703491
inclusion_175.JPG,1,15.903915831663328,1.8703126252505011,0.5947183608258821,0.04910782810110939,0.9979181445040163,0.0024115787808081093
inclusion_18.JPG,1,126.22720240480962,6.734312625250502,0.20925691150923112,0.031224378350357143,0.9730940099649096,0.0009749618033662518
inclusion_180.JPG,1,47.86755511022044,3.278024048096192,0.49232346847165126,0.04273082820425283,0.9938103809612987,0.0018259236790213692
inclusion_181.JPG,1,6.143334669338677,1.0242484969939878,0.708675145754693,0.06758386140920496,0.9992617759129897,0.004567578322978622
inclusion_183.JPG,1,45.788048096192384,3.3432785571142283,0.4474420780707686,0.04520425445447204,0.995276993295909,0.0020434246207846557
inclusion_191.JPG,1,12.793054108216431,1.3787294589178354,0.6136108543272016,0.05346045139515792,0.9984373801150067,0.0028580198633740422
inclusion_192.JPG,1,5.39903006012024,1.1844969939879757,0.6153402836637668,0.06906188169925107,0.9993140683828005,0.004769543503841349
inclusion_200.JPG,1,120.16915030060117,6.013983967935871,0.3519997953210218,0.025043626578350315,0.987936189273711,0.0006271832321958544
inclusion_202.JPG,1,120.93164328657315,6.0945931863727445,0.3481333010233355,0.024866749274019512,0.987326198377741,0.00061835521945695
inclusion_203.JPG,1,165.37531062124248,7.526404809619239,0.3034173781720853,0.023283268540592785,0.9830710070600801,0.0005421105939333577
inclusion_21.JPG,1,93.16989579158317,5.104364729458918,0.30248915223548045,0.038735902917301085,0.9840322053486116,0.0015004701748185748
inclusion_210.JPG,1,205.86545490981965,8.285719438877758,0.2434367677582634,0.028916921423711793,0.9749082495511611,0.000836188344625122
inclusion_212.JPG,1,16.416697394789576,1.8134829659318632,0.6938245334902677,0.3522365517649231,0.9979608979194954,0.12407058839924334
inclusion_225.jpg,1,37.12206813627255,3.416961923847696,0.33863101586439337,0.031105845111586726,0.9932245367654514,0.0009675736001060239
inclusion_227.jpg,1,37.69581563126252,3.4550541082164328,0.33657043204730236,0.03098081049996047,0.9936203790715344,0.000959810619234461
inclusion_229.jpg,1,23.336340681362717,2.6303446893787568,0.41808599858907985,0.029303949682287878,0.9966466994355238,0.0008587214669820599
inclusion_23.JPG,1,166.8790661322645,7.312845691382766,0.21352882389765707,0.03087043522773065,0.9628641377065436,0.0009529837711495135
inclusion_236.jpg,1,23.14006412825652,2.6840320641282567,0.40329086346097354,0.02883077706148505,0.9963739594302066,0.0008312137059690527
inclusion_237.jpg,1,19.841462925851705,2.3957074148296593,0.43602688058759503,0.029955745984419455,0.9972129712713133,0.0008973467174830623
inclusion_239.jpg,1,18.858036072144287,2.5399038076152305,0.4150406851531936,0.03300694940465066,0.9972857575848987,0.0010894587090011687
inclusion_24.JPG,1,58.39099398797595,4.455795591182365,0.28186791279791534,0.03423290732919217,0.9872752245289644,0.0011718919442090595
inclusion_243.jpg,1,116.56523446893786,4.359382765531062,0.5856436539922617,0.06456386556718054,0.9899190746146926,0.00416849273697696
inclusion_247.jpg,1,28.50869739478958,3.1730741482965934,0.3736483938762379,0.030616598814817066,0.9974352868991296,0.0009373761229874579
inclusion_249.jpg,1,73.1814629258517,4.415442885771543,0.4690025596072351,0.05742326461942871,0.9923779472171461,0.0032974313195529336
inclusion_254.jpg,1,24.366068136272542,2.308,0.5665227561960919,0.17033113668885783,0.997335051482953,0.029012696125718367
inclusion_26.JPG,1,266.386004008016,10.251382765531064,0.1735002095823929,0.020565033008684,0.9474455898651953,0.00042292058264826256
inclusion_261.jpg,1,74.78009218436874,4.473903807615231,0.36354487931667884,0.0356810833112763,0.9873303141999384,0.00127313970626624
inclusion_268.JPG,1,62.59591583166333,2.7490621242484976,0.6280941700239906,0.07832113846285402,0.9947212163165063,0.006134200730117552
inclusion_27.JPG,1,232.5681803607214,9.227418837675351,0.20833708645508156,0.023857387599494576,0.9646082746227337,0.0005691749430725176
inclusion_276.jpg,1,79.47971543086173,4.058881763527054,0.42960293136745314,0.040293054025352174,0.9882800200965692,0.001623530202689949
inclusion_278.jpg,1,74.19575951903809,4.173082164328656,0.49146469020088357,0.05592807673494602,0.9922023973886454,0.0031279497672700106
inclusion_279.JPG,1,296.6347735470942,8.430821643286574,0.5159599300699502,0.04697524466942735,0.9591846538421606,0.0022066736117525632
inclusion_28.JPG,1,232.04835671342693,8.664340681362726,0.2509060504480769,0.026112616480984324,0.9706363492508917,0.0006818687394829742
inclusion_295.jpg,1,65.19941482965932,3.4093466933867735,0.38652693023455886,0.0437553180002362,0.9880837652533039,0.001914527853301794
inclusion_304.JPG,1,52.182376753507015,2.710272545090181,0.6391869180351966,0.08923460836502237,0.9950378677014065,0.00796281533005892
inclusion_310.JPG,1,98.47404008016034,3.8792745490981972,0.6603193265660374,0.1510328870948473,0.9903304344895199,0.02281093298420489
inclusion_318.JPG,1,173.45419238476953,7.90922244488978,0.2435876018603112,0.028955481240967286,0.9121665704954498,0.0008384198938960084
inclusion_336.JPG,1,311.3196753507014,10.369070140280561,0.2927825151958882,0.03266762215796664,0.9247056636547364,0.0010671735374556729
inclusion_339.JPG,1,40.43178757515031,2.0130060120240483,0.7056736331937057,0.1186139798326577,0.9963187922189639,0.014069276211742128
inclusion_340.JPG,1,0.3625170340681362,0.28615631262525043,0.8644292842502908,0.0839469977385944,0.9998653790989662,0.007047098429323575
inclusion_344.JPG,1,90.9196392785571,6.775783567134269,0.16512822795646187,0.024710279912247717,0.8861848908256422,0.0006105979333416331
inclusion_345.JPG,1,55.59723847695393,3.9479879759519045,0.3500970412686625,0.04538080740856745,0.9878935240409116,0.0020594176810534905
inclusion_353.JPG,1,40.22959519038076,2.7875591182364725,0.5383287654954024,0.04485979128230617,0.9947156741178798,0.0020124008738920725
inclusion_355.JPG,1,40.18883366733468,2.8404408817635276,0.5382729839292864,0.03934209034980318,0.993865108441968,0.0015478000730920764
inclusion_358.JPG,1,65.94691783567134,4.666701402805611,0.4092137400150374,0.03808112729865438,0.9925910961125788,0.0014501722563363198
inclusion_36.JPG,1,294.1889539078157,10.786581162324648,0.24273679880735438,0.024211640450806784,0.9673118339620205,0.0005862035333191433
inclusion_360.JPG,1,478.82722244488974,13.485907815631263,0.271192113157981,0.02658298708173976,0.9386537695768561,0.000706655202187943
inclusion_37.JPG,1,352.4971102204409,12.064765531062124,0.23233905578054093,0.023908438159092868,0.9604976328791829,0.000571613415207168
inclusion_41.JPG,1,483.9319238476955,14.758561122244492,0.1635876878093451,0.018075321799725225,0.9443977231266658,0.0003267172581636219
inclusion_42.JPG,1,506.92052905811624,15.431679358717435,0.15529795152400921,0.01636964891991953,0.9368306826033315,0.00026796540576142267
inclusion_43.JPG,1,463.5200721442885,14.242949899799598,0.16017632896101863,0.016132762909440296,0.9286893587771863,0.0002602660390922125
inclusion_47.JPG,1,377.6385771543086,12.148404809619239,0.2009366642374551,0.019088945013689355,0.9326750418424158,0.00036438782173565563
inclusion_50.JPG,1,35.52783166332666,2.830981963927856,0.46750607198210037,0.03279994711546019,0.9953017601813028,0.0010758365307769852
inclusion_53.JPG,1,38.97349498997996,3.2565811623246494,0.40018572544668435,0.02942622372920578,0.992709712167562,0.0008659026429612734
inclusion_60.JPG,1,92.74084168336674,4.972120240480962,0.3459206298102071,0.0306552280214676,0.9845516402135603,0.0009397430050481725
inclusion_72.JPG,1,181.02197194388776,6.641851703406814,0.4060247778431539,0.03281837416063538,0.9827604200129529,0.0010770456825474597
inclusion_73.JPG,1,157.3349258517034,6.242965931863727,0.4145849583755272,0.03536789283833461,0.9844122987448858,0.0012508878438239202
inclusion_77.JPG,1,197.60214829659319,7.033547094188377,0.40844165614399,0.033374554079366306,0.982116355293142,0.001113860859996546
perfect_1.JPG,0,182.65985507246373,5.536220735785952,0.5064268331072822,0.09249960325616842,0.9781670633756304,0.008556176602548564
perfect_10.JPG,0,3.223867549713245,1.2889168609637136,0.5228127319088985,0.044141714045024,0.9994866650864934,0.001948490918832669
perfect_1000.JPG,0,5.880196887673973,1.7043072528630898,0.44490186512728314,0.03607296768106115,0.9989183619259393,0.001301258997318882
perfect_1002.JPG,0,7.500657818334494,1.8727543058012188,0.4209949785639973,0.034808428881099154,0.9986692710932756,0.0012116267211705375
perfect_1003.JPG,0,4.431844727626806,1.5291186507298418,0.4732858815717672,0.03934041017520666,0.999119121768918,0.001547667872753504
perfect_1004.JPG,0,5.460816578504514,1.6991640115298594,0.44785871552902157,0.03858935096403476,0.9987703680124156,0.0014891380078254509
perfect_1005.JPG,0,18.90262603972388,2.377221471906018,0.4276394565732937,0.04500772234888917,0.9956214090743919,0.0020256950710346978
perfect_1008.JPG,0,7.483487516614145,1.980109530534297,0.4031310503153681,0.03159217817214321,0.998682617219555,0.0009980657216604417
perfect_1009.JPG,0,9.008482592664052,2.0672696439928258,0.39600772394716854,0.032099990624999644,0.9985274039258102,0.0010304093981250652
perfect_101.JPG,0,5.990065279341089,1.8571476746886781,0.4031583141611467,0.04338834706636629,0.9962708460531541,0.0018825486611514562
perfect_1010.JPG,0,12.858693071991052,2.3136880564845184,0.37304914449014026,0.03420627260707637,0.9977703910287614,0.0011700690856696234
perfect_1014.JPG,0,10.354755921692,2.22306962175131,0.37534205433961554,0.02961720392348543,0.9980189707357272,0.0008771787682453207
perfect_1019.JPG,0,11.79249447088416,2.251139096119079,0.37768226581383013,0.03690096052441703,0.9979278442003227,0.0013616808876245837
perfect_102.JPG,0,5.733730134801951,1.8121321197584463,0.4106289509812984,0.035248432580295946,0.9972259520301242,0.0012424519993676688
perfect_1020.JPG,0,9.014291569750823,2.1038929464024125,0.389268593680701,0.03416979953039229,0.9985600524270725,0.0011675751999471972
perfect_1021.JPG,0,10.23125783812464,2.1408337933486257,0.3897390096355946,0.03141357827651931,0.9982484155501425,0.000986812900135006
perfect_1022.JPG,0,7.357360200012864,1.967949997677593,0.4046452424309573,0.03242491778943394,0.9986982951867053,0.0010513752936515497
perfect_1023.JPG,0,7.827765920102044,2.03642427880321,0.39211605731062527,0.03430108301469734,0.9984160180507208,0.001176564295981158
perfect_1024.JPG,0,5.315812038823677,1.6175799186185704,0.46463175643389365,0.03684657708077518,0.9993828369145424,0.0013576702425695066
perfect_1025.JPG,0,4.134698716746172,1.4560985264690642,0.4935293604713446,0.04857811815567545,0.9995446876738465,0.002359833563546765
perfect_1026.JPG,0,4.138476510157045,1.4110400921905986,0.5112208847457964,0.03973157206923168,0.9995127251631776,0.0015785978190925513
perfect_1027.JPG,0,15.25293075519326,2.1952943003658687,0.4321478653901133,0.04740536672052657,0.9966770969230604,0.0022472687939076087
perfect_1028.JPG,0,3.7785923178967677,1.347920295778171,0.5248843203962146,0.04065242023327612,0.9995564668128317,0.001652619270822878
perfect_1030.JPG,0,8.173369435601433,2.1172049180547514,0.37823319680675116,0.03028487084406049,0.9985850663985663,0.0009171734020414251
perfect_1031.JPG,0,7.163753943626243,1.9537083931799835,0.4048462032378631,0.029626466952908215,0.9989725014542247,0.0008777275441117626
perfect_1032.JPG,0,11.476961496273434,2.285231365361117,0.3852526356745148,0.027080130443278165,0.9986203081342977,0.0007333334648249609
perfect_1035.JPG,0,5.822614027965358,1.7246196053158123,0.443360051552153,0.03447692376769805,0.9986492359713266,0.0011886582724836626
perfect_1038.JPG,0,8.481262248465425,1.879521269231319,0.4453217703778641,0.04549707901011209,0.9977735254286216,0.0020699841984523817
perfect_104.JPG,0,6.115871835414768,1.85228254363867,0.40682094303849475,0.036133863005100936,0.9973831515837296,0.0013056560556714018
perfect_1040.JPG,0,3.154638786157117,1.2042733067124045,0.5605910964746955,0.07977417677341374,0.9996253290187136,0.006363919279875863
perfect_1041.JPG,0,4.055060991406264,1.4269903164138573,0.5042575632401223,0.044496886012620335,0.9993313627360781,0.0019799728648201274
perfect_1042.JPG,0,4.175443030765932,1.465833255167855,0.49230960611256874,0.03892422183332234,0.9993154445564796,0.0015150950453296872
perfect_1043.JPG,0,4.281338717818156,1.5492459822944022,0.45610676543870526,0.03466333640493422,0.9991103359945583,0.0012015468907216383
perfect_1044.JPG,0,4.676616127101535,1.6259001313180044,0.4437571706423589,0.04052337745376202,0.9987654060087717,0.001642144120260068
perfect_1045.JPG,0,4.6097634824284,1.60071348332172,0.45137366285309377,0.03586841835999812,0.9990347352228239,0.00128654343564785
perfect_1046.JPG,0,3.7932147339693767,1.3757417345589682,0.5101255017123463,0.05994719697784137,0.9993738891680866,0.003593666425500114
perfect_105.JPG,0,6.2848878213717825,1.8420751371245825,0.4113513935897133,0.035740469159448764,0.9970241425323291,0.001277381135737508
perfect_106.JPG,0,41.468033613389075,3.297989639724143,0.41390023175775204,0.05199954294471889,0.9958526884998964,0.0027039524664596638
perfect_107.JPG,0,6.544067407675404,1.8819749848135643,0.40450153976010855,0.03439749874618685,0.9970483549005384,0.0011831879199939257
perfect_110.JPG,0,5.831015726894285,1.8067139679476873,0.414160403773137,0.037958646879638236,0.9980800680547456,0.0014408588729330697
perfect_111.JPG,0,4.928633801432886,1.6706974370656233,0.434342457436408,0.04141284823391464,0.9983723456567606,0.0017150239988452467
perfect_113.JPG,0,5.505556169712888,1.7439577526754926,0.42390288042212826,0.03849336375707827,0.9978680121244057,0.0014817390533347467
perfect_114.JPG,0,5.970217110199925,1.8000334436583227,0.41621729033973004,0.04139710152868609,0.9972474825207336,0.001713720014976344
perfect_115.JPG,0,5.5267219296600025,1.7253165143556486,0.42894935417363306,0.04342225056289092,0.9977920232994656,0.0018854918439464806
perfect_116.JPG,0,4.653804537171036,1.607037796358829,0.44720328953315996,0.046263597011893524,0.9982352091377282,0.0021403204084788833
perfect_117.JPG,0,47.34377797207483,3.604331874988834,0.4138812248737835,0.049711230842063026,0.9941621069672151,0.0024712064718328784
perfect_118.JPG,0,5.371570433796074,1.7394519036643976,0.422226126478112,0.05111871045699087,0.99686812553646,0.002613122558785668
perfect_119.JPG,0,5.353177091708207,1.7404998794018334,0.4212178560516798,0.05741382420839524,0.9957746027055558,0.0032963472102325113
perfect_12.JPG,0,3.0102566507655757,1.2031660368762396,0.5521163447570383,0.04703497364325601,0.9995555881010808,0.002212288745621788
perfect_120.JPG,0,7.680622045629944,2.0807143166584487,0.37473256915596576,0.04016962260740939,0.9955476494536017,0.0016135985804216955
perfect_121.JPG,0,7.283238058806926,2.0231482039752464,0.3833953175519232,0.038829560875198385,0.9967964634124623,0.0015077347977607374
perfect_125.JPG,0,5.262694352879169,1.7366146642904363,0.42137399168931483,0.05474610237435187,0.9968451974093439,0.002997135725183015
perfect_126.JPG,0,6.634168596051194,1.94321234037916,0.39312747040704576,0.04414492831069772,0.9972317685934539,0.001948774695556641
perfect_127.JPG,0,8.926328271825271,2.265744302509629,0.35331326608807073,0.03736351686915223,0.9962219249874068,0.0013960323928314232
perfect_130.JPG,0,8.177869490535295,2.1775312899722024,0.3617194090954303,0.04233283801224303,0.9922997972996463,0.0017920691741708087
perfect_131.JPG,0,7.926785104972808,2.1341017151871147,0.3686775732192561,0.04801159400592755,0.9940022286094585,0.0023051131589900183
perfect_132.JPG,0,7.9564213668617505,2.1427697654725923,0.36722929776032603,0.04518572453808408,0.9947085731204434,0.0020417497020316137
perfect_133.JPG,0,9.16461569071966,2.2812736706897905,0.35169417676559406,0.03720765019477942,0.9958170612428494,0.0013844092330170686
perfect_134.JPG,0,9.512397188815285,2.2891076641227377,0.35440170100671575,0.038288105728380074,0.9960955226825707,0.0014659790402676111
perfect_136.JPG,0,6.347002018902645,1.8807919502956882,0.4032177334217294,0.03758310392507789,0.9975280880791644,0.0014124897006432052
perfect_137.JPG,0,6.646294732986727,1.8966746172124853,0.40244241890803045,0.03919572190559351,0.9974621066918142,0.0015363046157006231
perfect_138.JPG,0,6.783868990191349,1.9136179896732237,0.40125375191388757,0.03693080116885954,0.997522494897497,0.0013638840749738371
perfect_139.JPG,0,51.3073224861982,3.813509953815368,0.39530524137263173,0.04643757221340376,0.99393403387434,0.0021564481130750893
perfect_140.JPG,0,6.342753222651015,1.8791041901163101,0.40285394916292466,0.039642141677867684,0.9972342304046109,0.0015714993968081342
perfect_142.JPG,0,8.672823893194273,2.2227422516453363,0.35712771644990615,0.04347179161124802,0.9927001786966959,0.001889796665891774
perfect_143.JPG,0,8.346397321013857,2.1888618462423457,0.36050127243492264,0.04590520169118082,0.990312676173125,0.0021072875423079904
perfect_146.JPG,0,8.34265338830293,2.192263782147476,0.3600630289301409,0.04789599390393623,0.9890084502355936,0.002294026232045896
perfect_147.JPG,0,8.313283979945119,2.188377434508115,0.3602491913875151,0.04539240003666083,0.990595380985009,0.002060469981088246
perfect_148.JPG,0,8.762329638026026,2.2282594763150185,0.35718556342870894,0.04517377993588052,0.9909167255525061,0.0020406703936953615
perfect_15.JPG,0,3.5160904754247735,1.347240535277197,0.5125022214677725,0.048732432167561957,0.999413356986326,0.0023748499449660274
perfect_150.JPG,0,4.379256333637062,1.4745985644351538,0.4852159704771481,0.04488243340949644,0.9985626811372346,0.0020144328287578822
perfect_157.JPG,0,8.61740075951651,2.227859363499618,0.3579638177287237,0.035802525200889015,0.9961863582267446,0.0012818208107602928
perfect_159.JPG,0,7.849329471884579,2.114056883793885,0.37362131459060366,0.03577461155647001,0.9966916394137857,0.0012798228320163175
perfect_16.JPG,0,3.7583683961337115,1.4041255739579428,0.4983130569402707,0.04580864486262932,0.9992949575853359,0.002098431944150495
perfect_160.JPG,0,9.293304075467516,2.309491477658442,0.3487545390267622,0.03998881351467496,0.9953681984267866,0.001599105206311451
perfect_161.JPG,0,5.153354080916245,1.4715894220600108,0.5111850977382285,0.05760198116276306,0.9994108623475756,0.0033179882338753106
perfect_163.JPG,0,9.010883604519048,2.2720814039488073,0.3525456705636868,0.04372879033761214,0.9938206417510882,0.001912207104390841
perfect_164.JPG,0,8.982693766926777,2.2473565310559445,0.35605200340965126,0.04843582227109054,0.9928839370090038,0.0023460288790766704
perfect_165.JPG,0,9.32134167256201,2.3234058237042756,0.346865433847863,0.038053298524912,0.9957443399739073,0.0014480535286260697
perfect_168.JPG,0,8.858231884329825,2.252459853616881,0.3570593607090124,0.034179973352068224,0.9964746870259391,0.0011682705783480941
perfect_169.JPG,0,8.987104331021644,2.269699317480224,0.35460557102029494,0.034528192204427315,0.996551049824111,0.0011921960569058752
perfect_17.JPG,0,4.693948037823158,1.6355868999124548,0.4397190947950585,0.03156611527426119,0.9987685463296562,0.0009964196335079457
perfect_172.JPG,0,8.238222101189072,2.1830204894384058,0.3618205100428355,0.04115924972288388,0.9937346490728268,0.001694083837750717
perfect_175.JPG,0,8.743210643235361,2.2478211799972843,0.3538665976990061,0.052836222306175615,0.9873371735616423,0.0027916663875876095
perfect_176.JPG,0,8.976987623355557,2.27233262589234,0.35198036980252406,0.037570735505017876,0.9956849602864898,0.0014115601663880106
perfect_178.JPG,0,8.905412258558966,2.2846859346081567,0.34835934410187885,0.04213018014408758,0.9940968190559176,0.0017749520789732713
perfect_179.JPG,0,8.573007274047635,2.224892599827785,0.3574845786060937,0.039608757678312394,0.9963063684994603,0.001568853684819271
perfect_18.JPG,0,4.649408063997428,1.6263250165264156,0.44195775067684323,0.03283904950367937,0.9986554304046856,0.0010784031723051041
perfect_181.JPG,0,8.252258206136872,2.1645634365554063,0.3665250298013278,0.03642862800863637,0.9966488708838824,0.001327044938591606
perfect_182.JPG,0,8.639503321935676,2.2383399521941394,0.3556535323560506,0.037293632542822086,0.9960618528014877,0.0013908150282390386
perfect_184.JPG,0,13.039371225724034,2.02241166184274,0.4391845513626458,0.04657024469894992,0.9945192953816948,0.0021687876913200734
perfect_185.JPG,0,9.57985686825162,2.338062000235814,0.3468929802370769,0.031782896597804984,0.9974294980069665,0.0010101525161467638
perfect_188.JPG,0,6.161994995176072,1.8713011537224633,0.40520345637647265,0.03848069433016866,0.9984063939213276,0.0014807638361318742
perfect_189.JPG,0,6.835185966839973,1.9631577066695256,0.39114217333890733,0.037037927763609854,0.9980618977475191,0.0013718080930223814
perfect_19.JPG,0,4.557067834235585,1.6073962409104712,0.4456569572270778,0.03467875159732864,0.9986145285647299,0.0012026158123492235
perfect_190.JPG,0,6.316382702649586,1.8957646593771775,0.398740821966215,0.04430817669230107,0.9975849510882802,0.001963214521796172
perfect_191.JPG,0,6.324027733111791,1.9033512890604065,0.3973593066570014,0.03981699951931969,0.9979047881019553,0.0015853934507215044
perfect_193.JPG,0,9.358735835548554,2.3343131547402125,0.3435034933211232,0.03134365567503245,0.9963460964972978,0.000982424751074994
perfect_194.JPG,0,8.61691640360938,2.2182797683488045,0.35966034878042125,0.030433475150510106,0.9970177662431137,0.000926196409736716
perfect_196.JPG,0,8.208483173265876,2.1684354924575358,0.3654615476776848,0.03792868462840098,0.9969904331170422,0.001438585117640701
perfect_197.JPG,0,6.269741801902231,1.8412855685610368,0.4165974146022847,0.03943428611379202,0.9985179314607476,0.0015550629213044102
perfect_199.JPG,0,7.9389589295667475,2.118430322868209,0.37526713851357635,0.03217397542271606,0.9976749476594027,0.0010351646945015369
perfect_20.JPG,0,4.672327243125905,1.6289564573618485,0.4419813520852952,0.032083008805374326,0.9988875610588221,0.0010293194540057266
perfect_200.JPG,0,5.467184775637591,1.7143019759219955,0.4402499159361588,0.0323239572783627,0.9990261884717503,0.0010448382141334171
perfect_202.JPG,0,7.266575827214092,1.973280080309446,0.39726905597500656,0.04000531081128014,0.9984660675508814,0.0016004248931071278
perfect_204.JPG,0,6.036752123867717,1.8472662740526344,0.4081291738246014,0.0406807309761812,0.9978254312306791,0.0016549218727564285
perfect_205.JPG,0,8.178959905424431,2.170229998713744,0.36353379348922665,0.030926816772207308,0.9971935791757605,0.0009564679956616832
perfect_206.JPG,0,17.812274883421775,2.269691112361759,0.43606779651815897,0.04318545834919187,0.9947461007798006,0.0018649838128297863
perfect_207.JPG,0,9.010637853631172,2.2386417534889707,0.3607338547321257,0.0306237359392901,0.9971706140427592,0.000937813202879368
perfect_209.JPG,0,5.866065629969094,1.8285413986707406,0.4087462040831849,0.03305020707179041,0.9983222836254846,0.001092316187488225
perfect_210.JPG,0,5.748447521930999,1.811871661217416,0.4109433287234849,0.032445537472865424,0.9983484892824711,0.0010527129019031144
perfect_211.JPG,0,6.363032418573905,1.9045028898894072,0.3974339493424789,0.0334138300179968,0.9980100491330977,0.0011164840364715836
perfect_212.JPG,0,8.538050061639064,2.0898875087098676,0.38423456947458084,0.03165970042722673,0.9976755780641301,0.0010023366311417404
perfect_213.JPG,0,7.799296064033162,2.0374890568330035,0.38776517590896925,0.03233694393462552,0.9977717384295756,0.0010456779430311142
perfect_214.JPG,0,8.121832928698522,2.1628255389771405,0.36545444918883796,0.029955172610048417,0.9978776272745746,0.0008973123660977949
perfect_215.JPG,0,7.938114098084194,2.12381624220207,0.3736111657942499,0.029413316097699937,0.9981525977137824,0.0008651431638632143
perfect_217.JPG,0,15.520366071269052,2.1974837974129464,0.43011373340589504,0.04518962967364132,0.9957026806375944,0.0020421026300408438
perfect_218.JPG,0,8.136422670982773,2.1304336515031337,0.3776144055967226,0.031219859850781594,0.9983198799672777,0.0009746796491024445
perfect_219.JPG,0,7.661219505005681,2.0382852193067076,0.39653543751184955,0.030709565561379496,0.9986944601358549,0.0009430774169686655
perfect_22.JPG,0,5.738984364392851,1.5941352628071828,0.4743119815818595,0.04263514400393594,0.9975276472202023,0.0018177555042363546
perfect_220.JPG,0,9.378669905978233,2.320051899103909,0.3496578423296297,0.03075808418291337,0.997084270353448,0.0009460597426031857
perfect_221.JPG,0,8.60374701436677,2.2019619540556383,0.36153512521959275,0.03618370633332106,0.9956298733202742,0.0013092606040160186
perfect_222.JPG,0,9.14630434656391,2.2522734469347796,0.35630327658760985,0.03727653620717066,0.9951238012200996,0.001389540151604505
perfect_223.JPG,0,8.796408955381198,2.212367734438084,0.36105585323679174,0.03452512712898176,0.9960993409503288,0.001191984403272352
perfect_224.JPG,0,8.665579713057644,2.192396706469155,0.3639405252628956,0.03505395622947802,0.996330554487914,0.0012287798473381605
perfect_226.JPG,0,15.573109102675414,2.8850956050228316,0.30274148543685897,0.0293830479169669,0.9963436915333472,0.000863363504890773
perfect_227.JPG,0,13.772198640855787,2.7444852875497534,0.31425678430258136,0.029921438638107124,0.9969148739581599,0.00089529249017401
perfect_228.JPG,0,15.58365772006932,2.215420820603527,0.43000892981730865,0.04552721945681399,0.9955952374975777,0.0020727277114689024
perfect_229.JPG,0,13.19496525544694,2.7215359396995877,0.31246148843712673,0.03003905090102061,0.9966358032515836,0.0009023445790341071
perfect_230.JPG,0,9.477960968819005,2.3444620746421707,0.3439450361708841,0.034205064805713496,0.9958927098108064,0.00116998645836306
perfect_231.JPG,0,8.688346450468412,2.2368413295603147,0.35755097351945647,0.0326830793742357,0.9963242741640843,0.0010681836773825913
perfect_234.JPG,0,7.113164350735203,2.0178984987761517,0.38200338040707976,0.039505133130535885,0.9969176877003787,0.0015606555436613642
perfect_235.JPG,0,7.165427408836718,2.029260576905897,0.38009983639134276,0.045482780330148555,0.9960095824820225,0.002068683306560548
perfect_236.JPG,0,9.402247308687231,2.324530404777727,0.34603803977570563,0.03682107775368356,0.996482510300192,0.0013557917669428103
perfect_237.JPG,0,11.169207637057761,2.395144036147377,0.34679675903440726,0.03228417561541857,0.9971234967663998,0.001042267995167187
perfect_238.JPG,0,12.265339946834741,2.461240362009705,0.3432652726959859,0.030982635106602312,0.9970155893070827,0.0009599236781488661
perfect_239.JPG,0,9.360960977559808,1.8540783955083886,0.4426629829478143,0.05286376063896376,0.9954104609660152,0.002794577188893654
perfect_24.JPG,0,5.180811578629567,1.563426841490343,0.4775890168556778,0.041267114669833196,0.9980989873880621,0.001702974753173162
perfect_240.JPG,0,8.883166722940382,2.1997868744685256,0.37494609955155334,0.03830028087948064,0.9984672303475343,0.0014669115154471106
perfect_241.JPG,0,10.38250640001858,2.3908299971059237,0.348649122496094,0.03373802882001905,0.9979525938500395,0.0011382545886604362
perfect_242.JPG,0,15.185891900425895,2.7170363872096095,0.327867043850509,0.03141446441603924,0.9969637084369883,0.0009868685745465955
perfect_243.JPG,0,13.921537692670483,2.653965555126803,0.3279703866927988,0.03178683797116732,0.9970296681270235,0.0010104030682052444
perfect_244.JPG,0,13.50782963891926,2.5782234790018657,0.3332731391176366,0.032654562001929135,0.9956090686312931,0.0010663204195378343
perfect_246.JPG,0,6.859247646102446,1.9452313474835183,0.39744990741625696,0.03894980507282475,0.9986306201293084,0.0015170873152110448
perfect_247.JPG,0,6.114603209697879,1.8757479319647679,0.40023236963866654,0.0442268952211542,0.9981704035779705,0.0019560182609029524
perfect_249.JPG,0,17.35228317201535,2.764929952622891,0.3272156480524193,0.033110173201426354,0.9950061992716926,0.001096283569428452
perfect_250.JPG,0,7.844387997802433,1.77462631318004,0.4498645342240296,0.04551363357953155,0.9971699270035485,0.0020714908416118623
perfect_251.JPG,0,13.665715261252956,2.544523115991739,0.3420421167022499,0.03461403721042563,0.9967431956317322,0.00119813157200473
perfect_252.JPG,0,12.34209422408372,2.402321167938631,0.35651382471196913,0.03683174955012044,0.9972717682406492,0.0013565777749227972
perfect_253.JPG,0,9.412730353774093,2.209818389982207,0.36828920805545046,0.04055258201438375,0.9974770103083006,0.0016445119080333202
perfect_255.JPG,0,8.055286468940482,2.14104883933229,0.37066703470733925,0.030161833187143716,0.997769357547661,0.000909736181209084
perfect_258.JPG,0,7.4238056127225045,2.0332491683995397,0.3927557076457085,0.03617581345476735,0.9984912583510958,0.0013086894791141264
perfect_260.JPG,0,9.959533336816943,2.310273894444802,0.3578184617534452,0.033758036508689325,0.997163251617279,0.0011396050289220012
perfect_261.JPG,0,11.685896937699884,2.0692105063336372,0.42254821155357286,0.03937899280136931,0.9969560901138004,0.0015507050740502962
perfect_262.JPG,0,8.714152526779147,2.2048487174952305,0.36706352162426376,0.032482588210831706,0.9978113730919004,0.001055118536874463
perfect_263.JPG,0,8.268311623291243,2.160448309466132,0.37176177040056985,0.03123163108390219,0.9980088762509207,0.0009754147801609655
perfect_264.JPG,0,8.26631496711114,2.1650495231025935,0.37057547779245265,0.03307918747973281,0.9977973666854152,0.001094232644319312
perfect_265.JPG,0,8.36368652682202,2.1590698267484156,0.3725804143858821,0.03307178009561823,0.9975001429047811,0.0010937426386929303
perfect_266.JPG,0,9.097294964931653,2.288958661596673,0.3518078512617957,0.037316928237456096,0.9961226994123716,0.0013925531330794482
perfect_267.JPG,0,8.85839875152743,2.2541008911791396,0.35697046747049677,0.034539710394022156,0.9969572816297109,0.001192991594102922
perfect_268.JPG,0,8.973291757776494,2.2595360500139345,0.3580611882514141,0.03288516721116417,0.9972620799633453,0.0010814342225062268
perfect_270.JPG,0,9.032370338213962,2.258254706447717,0.3594134968998342,0.031960347748338065,0.997521503413034,0.0010214638281946982
perfect_271.JPG,0,9.537079856421634,2.3159072953065936,0.3525202774376225,0.03238880682925094,0.997285769946942,0.0010490348078225323
perfect_273.JPG,0,10.260669531989778,1.978099317057047,0.4272156537004969,0.041605689616871666,0.9967182587248796,0.001731033408495463
perfect_274.JPG,0,9.72383685356686,2.3315588131784106,0.3519963575974631,0.03388482820999709,0.9974261700684303,0.0011481815828210144
perfect_275.JPG,0,9.061687213272025,2.2562102622712428,0.3606117563592922,0.03326252191669726,0.9978703330219528,0.0011063953642587655
perfect_276.JPG,0,9.294257155694188,2.1909586004101733,0.3791415420185409,0.03297606154987575,0.9982915626707757,0.0010874206353411937
perfect_278.JPG,0,9.15544346590706,2.1715870996527102,0.3860389154394584,0.033914724782769426,0.9985019516445647,0.0011502085570909946
perfect_280.JPG,0,9.481116037294287,2.2045265951365214,0.3823504925463043,0.03746958399227503,0.9985618025032752,0.001403969724554153
perfect_281.JPG,0,9.150276723762158,2.1787401699644855,0.38544963572693414,0.03849491553166892,0.9986744444409428,0.0014818585217903253
perfect_282.JPG,0,8.98113820065242,2.1691627520705152,0.38622461585672063,0.03723183081494982,0.9987015903465731,0.0013862092258330474
perfect_283.JPG,0,8.974304349690225,2.179121245739276,0.3825325596166908,0.03509843827662707,0.9986675248899938,0.0012319003694582001
perfect_284.JPG,0,12.908283139929603,2.1592960528666625,0.41261383869986556,0.03879026488342975,0.9958868221926706,0.0015046846497266434
perfect_285.JPG,0,9.878464797218117,2.2536450070922753,0.3705807608066889,0.03543568826500259,0.9985476771655005,0.001255688002814442
perfect_286.JPG,0,10.358529777727757,2.3071986587204605,0.36163641283689973,0.03722705100192725,0.998296641326672,0.0013858533263000927
perfect_287.JPG,0,7.444987973682801,1.8974617994139826,0.41430241737440954,0.04422237124946021,0.9987575966140964,0.001955618118925085
perfect_288.JPG,0,7.553668808400778,1.9153147947151203,0.4126265557766519,0.04064544864361927,0.9988178461496944,0.0016520524954410918
perfect_29.JPG,0,7.147377901669276,1.7013002912834696,0.47248523202833465,0.03769028754524396,0.998272986622371,0.0014205577752431716
perfect_293.JPG,0,6.248644443104464,1.872775466312912,0.40630735060503453,0.049886500066480814,0.998128532536828,0.00248866288888299
perfect_294.JPG,0,5.47145368807061,1.7243341976201965,0.4346661403566656,0.043267823212642754,0.9985528142712626,0.0018721045255605073
perfect_296.JPG,0,6.174792973146808,1.793541744832145,0.4256428793299407,0.04673662438153232,0.998232339918569,0.002184312058580441
perfect_297.JPG,0,5.6231267084740315,1.7418908899251397,0.4318353637538554,0.045185779377889,0.9983797114288537,0.002041754657987259
perfect_298.JPG,0,5.448884522788587,1.734852814403888,0.4304986299186188,0.04670234199621225,0.9983605727366891,0.0021811087479311707
perfect_30.JPG,0,6.185591366511228,1.5058993161637275,0.504958908844252,0.044497921967053426,0.9982663118966367,0.0019800650593859758
perfect_301.JPG,0,5.771846525432813,1.7806088755784244,0.4225465208155118,0.04022352819429583,0.9984285223217013,0.0016179322203973118
perfect_302.JPG,0,5.8399499852602235,1.7976700545818372,0.4199122761752173,0.0384819857892173,0.9984567843914011,0.001480863230281522
perfect_303.JPG,0,5.786462464937199,1.7782419132229192,0.4240000345169143,0.03834672664359375,0.9984894120933302,0.001470471444278503
perfect_304.JPG,0,6.639320418162977,1.8265510822568831,0.4208085996186218,0.0378169622125592,0.9982532661221917,0.0014301226309861308
perfect_305.JPG,0,6.3092363679405405,1.8115837889264084,0.42175790323384227,0.03844293984749275,0.9983360855914435,0.001477859624117946
perfect_306.JPG,0,15.194153166371871,2.225945969787926,0.4210950580190052,0.035410173300087014,0.9963126364823647,0.0012538803731421953
perfect_307.JPG,0,6.172424726644157,1.8248081037501565,0.4172269892514469,0.04209499055171046,0.9980319093053618,0.0017719882295485928
perfect_308.JPG,0,5.897113572207037,1.7953824301870618,0.4202572491101834,0.03659645004872425,0.9983993494351021,0.001339300156168769
perfect_309.JPG,0,6.135328730503296,1.820643447052938,0.4172746266032275,0.03934681995269502,0.9983058249187828,0.0015481722403897986
perfect_31.JPG,0,27.002525526612,2.6546844571295853,0.4304045105884677,0.03890510930652258,0.9901486489561812,0.0015136075301524696
perfect_310.JPG,0,6.331263511461294,1.8460892694431048,0.4133522445009406,0.03778619444035744,0.9981576435657988,0.0014277964902844997
perfect_311.JPG,0,8.175541053908434,2.176833562894363,0.36210242574194657,0.03500718492533733,0.9962582604580217,0.0012255029963967655
perfect_312.JPG,0,8.011893237596558,2.1545807139258693,0.3650917257386108,0.033037083842017895,0.9966752455441772,0.0010914489087845197
perfect_314.JPG,0,7.376495049699518,2.0477156444501614,0.3840107215625063,0.034756565173545084,0.9976268464020507,0.0012080188226628872
perfect_315.JPG,0,7.959784558760478,2.1319823510443685,0.3720834756519808,0.03534584996861897,0.9979215614704476,0.0012493291100041215
perfect_317.JPG,0,23.39950085758697,2.8252405263440004,0.3762793025346639,0.031320420696859974,0.9953357536568076,0.0009809687526282948
perfect_318.JPG,0,7.821321853942019,2.083162781547223,0.3832969641088375,0.03185863728217524,0.9985886314916009,0.0010149727694772057
perfect_319.JPG,0,7.4200995866115,2.020070511858569,0.39439384056386995,0.030514497816715395,0.9988400099334386,0.0009311345770063286
perfect_32.JPG,0,30.16499934117667,2.7676949335370096,0.4247486051363919,0.03997712910213639,0.9885784747289221,0.0015981708512488805
perfect_320.JPG,0,7.38499310646987,2.017938977408337,0.39036597406222584,0.031027552292761527,0.999040890060775,0.000962709001280051
perfect_326.JPG,0,8.03290225880907,2.123204600510215,0.3749470759843871,0.02865162978418595,0.9987402334877028,0.0008209158892900515
perfect_327.JPG,0,9.370319791019073,2.2957490790761828,0.35224586393021096,0.02607957305748533,0.9985575265218791,0.0006801441308607148
perfect_329.JPG,0,7.416264281949584,1.9977435301316757,0.39028612817484754,0.028915240223912144,0.998780399975421,0.0008360911172065468
perfect_33.JPG,0,15.549174405049047,2.2586148965535733,0.41687439759238953,0.04012228743773693,0.9910790530463582,0.0016097979492363827
perfect_330.JPG,0,7.88454015248968,2.0645841708206034,0.3819037739472273,0.02927873161085836,0.9986678436389228,0.0008572441247406765
perfect_331.JPG,0,7.486439852780904,2.0042097693448393,0.3899220251363477,0.029260684272368404,0.9987558301763687,0.0008561876440872277
perfect_332.JPG,0,6.569293864233265,1.8951790324453737,0.4042219555437799,0.02840706116899837,0.9989159440952662,0.0008069611242592151
perfect_333.JPG,0,5.485191940915832,1.7334233911311212,0.4307791781500323,0.028956006136392223,0.9990608520726519,0.0008384502913707842
perfect_334.JPG,0,5.749054700201892,1.7942776728127066,0.41647717267882295,0.03355777579223171,0.9987390054424113,0.0011261243161216927
perfect_336.JPG,0,5.372696910006968,1.7425829894052278,0.4235861639508771,0.03903183418412855,0.9983102433463344,0.001523484079777306
perfect_337.JPG,0,5.565369231387683,1.7578748369691446,0.4223392359519195,0.04177827061870779,0.997788303568002,0.001745423895889983
perfect_338.JPG,0,5.880526076003646,1.8080695806757072,0.41418323269456,0.04290590159093388,0.9974730497584632,0.0018409163913309023
perfect_339.JPG,0,16.192575675349737,2.297443933018885,0.4172226415435353,0.041318667352127816,0.9968735822685185,0.0017072322717557934
perfect_34.JPG,0,26.43303691867217,2.7145450880813278,0.39973098028578496,0.03852386063478381,0.9867870661195759,0.0014840878382082455
perfect_340.JPG,0,5.220313588733451,1.7295274003501813,0.42299508746944864,0.04453075608875875,0.9975216810480575,0.001982988237836524
perfect_342.JPG,0,5.908128148952136,1.8418453864501259,0.40592406861798014,0.041249154664810515,0.99742813410452,0.001701492760561459
perfect_343.JPG,0,6.498941639420414,1.8959647630022691,0.4007225807978315,0.04323694020657032,0.9971428763370611,0.001869432998426537
perfect_344.JPG,0,9.514050173376638,2.3241879055280443,0.3499015863743084,0.04356840999789612,0.9951111223822994,0.0018982063497447747
perfect_345.JPG,0,9.341631864053426,2.3187233258123072,0.34798884964347526,0.04323329952765182,0.9940397199410081,0.001869118188047659
perfect_346.JPG,0,8.964554091099105,2.2745380754210704,0.35415182245989607,0.03823575633046527,0.9961692512673832,0.001461973062162715
perfect_347.JPG,0,9.052300947363529,2.2900051405592357,0.3512765886592162,0.038831561207834056,0.9956081056121059,0.0015078901458377629
perfect_348.JPG,0,9.826891667738547,2.358572429631059,0.34366839451478665,0.03719909336070673,0.9947484918503992,0.0013837725468585755
perfect_352.JPG,0,7.945217649759543,2.1253615362902942,0.37013577770048983,0.03537384134638636,0.9967709861963981,0.0012513086515993134
perfect_354.JPG,0,8.889341646658234,2.249805275080212,0.3554439204425557,0.036039522446706405,0.9956158432786989,0.001298847178186655
perfect_355.JPG,0,8.692373091606463,2.2123173225680826,0.360634007377736,0.035164356159829255,0.9962289407572786,0.0012365319441353217
perfect_356.JPG,0,7.781982060743455,2.12098575247783,0.3699291789148448,0.035782596336278456,0.9967380135875958,0.0012803942005650485
perfect_359.JPG,0,7.906706665666245,2.1315527615209264,0.36932892376834203,0.03641555566607165,0.9967578785404683,0.0013260926944687634
perfect_360.JPG,0,8.333259027465145,2.173912409962056,0.3653061949732353,0.037067197758746694,0.9964311697651379,0.001373977149686036
perfect_361.JPG,0,4.283267171838988,1.2763560035554127,0.547772713352292,0.05462413343158276,0.9995004246931798,0.0029837959531513573
perfect_363.JPG,0,8.228438067203323,2.1635935523720713,0.3662663815385037,0.037107745620258786,0.9964032734535687,0.001376984785017835
perfect_364.JPG,0,8.228445157244838,2.165291756883258,0.36598016622885376,0.034292144147408755,0.9967487958539596,0.0011759511502266605
perfect_365.JPG,0,8.469948663633245,2.202652870227453,0.3616806477484137,0.036026297337363636,0.9963241204910713,0.0012978940998401344
perfect_366.JPG,0,8.321267199212524,2.1704009412895435,0.3672336837022986,0.04020048159423234,0.9960456161161692,0.001616078720408213
perfect_367.JPG,0,8.394654879109769,2.1900835106401986,0.3622505485076663,0.03600537688283999,0.9961993352603612,0.001296387164475348
perfect_368.JPG,0,8.269345820292122,2.1712205389235466,0.36457829478649934,0.03616752738160311,0.99629393789833,0.0013080900368990108
perfect_37.JPG,0,17.447171637991104,2.2427415536617175,0.4411796953508191,0.03966153798978929,0.9940065709314704,0.001573037595715499
perfect_370.JPG,0,9.990360446545331,2.282229430617189,0.35630857632077517,0.03700602993878996,0.9946752159315148,0.0013694462518306187
perfect_371.JPG,0,8.90086787690884,2.2573570625299237,0.3515886899360626,0.033627661685020134,0.9956014525822326,0.0011308196304021714
perfect_372.JPG,0,3.7865726782619573,1.227147708188169,0.5554058179714612,0.05618387904743278,0.9995730158699522,0.003156628264816556
perfect_373.JPG,0,8.485184325447864,2.2254909546701827,0.35484831215492885,0.03624558211348866,0.9950841532842801,0.001313742222745649
perfect_374.JPG,0,8.489391734731065,2.225071748987073,0.35574614602541704,0.035949823366806515,0.9956084041654417,0.0012923898001045875
perfect_375.JPG,0,9.243635431628325,2.294461650356221,0.35114464579792665,0.03341544330916011,0.9965110981916033,0.0011165918515476934
perfect_377.JPG,0,9.153656831271752,2.306931693535133,0.3484687145495454,0.03775476158512887,0.9956613537948132,0.0014254220223499225
perfect_378.JPG,0,9.486551866054265,2.3266326858283137,0.3470265397343093,0.035752497077023195,0.9957309046182607,0.0012782410472425522
perfect_379.JPG,0,9.165723467836447,2.2930360495673177,0.34979904225907504,0.036230567907816126,0.995949079517464,0.0013126540509228758
perfect_380.JPG,0,7.779534377434062,2.125209072484118,0.3682620198779837,0.03392072487692769,0.9966227411338613,0.001150615576176221
perfect_381.JPG,0,8.448744303402863,2.180831955520541,0.3624391746431441,0.03532679371858218,0.9962190107405074,0.0012479823544352575
perfect_382.JPG,0,8.155384847453572,2.1748987631394665,0.36115698491183856,0.03490307210543468,0.9958488518964954,0.0012182244423971725
perfect_383.JPG,0,15.299214043775596,2.027674832608028,0.4698623391275333,0.053531158270369035,0.9974214603769505,0.0028655849057672993
perfect_384.JPG,0,4.111636997284307,1.2826722208822428,0.5431065764052928,0.05392290490791075,0.9995138533423769,0.002907679673707585
perfect_385.JPG,0,8.336125358186665,2.207047411945034,0.35707990790909677,0.03796427954060708,0.99459580661777,0.001441286521037357
perfect_386.JPG,0,8.57619109347868,2.2465001433639893,0.35174551037811397,0.03955153219073942,0.9936131052109131,0.0015643236986350964
perfect_388.JPG,0,9.419782432864562,2.353031087654797,0.34049869194093707,0.03428090167927155,0.9960176839042396,0.0011751802199438833
perfect_389.JPG,0,9.933198689537019,2.413511039920395,0.3350550796042569,0.03481870235745357,0.9945092653042226,0.0012123420338569426
perfect_39.JPG,0,28.21455826454772,2.7654700090225295,0.40120773792266595,0.03906051724685475,0.9850280125646054,0.0015257240075918373
perfect_390.JPG,0,9.69734332236443,2.3716699135707198,0.3412408675825113,0.03660698056106712,0.9950472481141255,0.001340071025798346
perfect_392.JPG,0,8.905557632323623,2.260550093432233,0.35554232333693847,0.033435977484381076,0.9971796550564578,0.001117964590336038
perfect_393.JPG,0,8.168782960318993,2.1783650118621414,0.36360377730116505,0.03330905128070888,0.9972098886419245,0.0011094928972208938
perfect_394.JPG,0,8.291469373700345,2.1951569098763044,0.3618145891559659,0.03407418837851367,0.9969680168654558,0.0011610503136544363
perfect_397.JPG,0,9.439724039952551,2.269265708405685,0.35551736770655246,0.03553199706935179,0.9960834560256825,0.001262522815736424
perfect_398.JPG,0,8.458566355642738,2.206807802038002,0.36161940619186117,0.036511724298701746,0.9970323463996127,0.0013331060112644075
perfect_399.JPG,0,8.629173522234375,2.230332224830465,0.36000882973970294,0.03838749243228773,0.9971544135500001,0.0014735995752389475
perfect_40.JPG,0,26.64731512747673,2.681768348787765,0.4054920754951329,0.039689416240299376,0.9884223646479564,0.0015752497614957396
perfect_401.JPG,0,8.347908951361648,2.18440221012784,0.3684104774945937,0.04189151601350617,0.9976664372578226,0.0017548991139098439
perfect_403.JPG,0,9.895991100713875,2.304862964570784,0.35502738478775686,0.037649771741212396,0.9963339603128876,0.0014175053121653952
perfect_404.JPG,0,8.517870142595807,2.164042458071616,0.37045766924984425,0.03380972550609997,0.9974267430795876,0.001143097538797827
perfect_405.JPG,0,5.784678002894356,1.789621969412731,0.4189555494954852,0.035905141521259044,0.9982287782757041,0.0012891791876616402
perfect_406.JPG,0,3.9125343369780787,1.2750538783477159,0.5439137247242187,0.05466352012037791,0.9994193185035817,0.0029881004319509607
perfect_407.JPG,0,6.252649977220345,1.8468407188544067,0.41096198529793987,0.03816295424858742,0.9975075900315105,0.0014564110769797768
perfect_408.JPG,0,7.513553558985904,1.8951436904825714,0.4098846502882995,0.041132208182217175,0.9965722925307641,0.0016918585499452535
perfect_409.JPG,0,8.402000533758553,1.9652232294402459,0.40012146446316105,0.03715674156956265,0.9965773893454788,0.001380623444067265
perfect_410.JPG,0,6.409712786532312,1.8856411690875634,0.40450369167281497,0.03999064560701205,0.9975844129200527,0.0015992517360656322
perfect_415.JPG,0,6.039925753961873,1.836147569723607,0.41194148666902347,0.040365258593699396,0.9979981001206144,0.001629354101336223
perfect_416.JPG,0,7.018326398938736,1.9173190692501474,0.4044644829146087,0.03844202028567692,0.9976907798805801,0.0014777889236443956
perfect_417.JPG,0,3.277133470904575,1.2471868244269353,0.5380482685001295,0.049311339552100826,0.9995113155999951,0.002431608208422583
perfect_418.JPG,0,7.308712491736792,1.9061550289435603,0.40866255351509717,0.04047161932896856,0.9974216156108137,0.0016379519711089416
perfect_419.JPG,0,6.861203848868163,1.9156733509317327,0.40196332957792474,0.037433116113852,0.9973487715829878,0.001401238181993126
perfect_42.JPG,0,13.308050709295884,2.002253175751729,0.4598011797683473,0.04451146922891137,0.994898073861538,0.0019812708929163236
perfect_420.JPG,0,6.144683184148936,1.8606164352968504,0.4060336072219848,0.03935365379348354,0.9976009518977693,0.0015487100668973614
perfect_422.JPG,0,6.139012892837362,1.8302232964392275,0.41512626888114434,0.038871899056575884,0.9981678275304876,0.001511024536264625
perfect_424.JPG,0,6.440406694984902,1.827284497775634,0.41735964557746275,0.042978229401365,0.9980786170647618,0.0018471282024763544
perfect_425.JPG,0,6.190712880330886,1.8522707629844024,0.4089054842777532,0.041810550620207824,0.9979250959401209,0.0017481221431649607
perfect_426.JPG,0,6.080637070983188,1.8265097103857357,0.4122885621894333,0.041629632051208836,0.9977957043706029,0.001733026264719034
perfect_427.JPG,0,7.046719004037807,1.9322514672776978,0.398929405275922,0.0397686197055584,0.9973697923836352,0.0015815431132853279
perfect_428.JPG,0,50.47655934546461,2.8774799114720127,0.467671662439911,0.047398059474117425,0.993003549934924,0.0022465760419119723
perfect_43.JPG,0,8.32797458728627,1.7838900390380725,0.45067577838942163,0.045983576157893585,0.997241509292049,0.0021144892762687993
perfect_431.JPG,0,5.726598316538921,1.8031932272962785,0.41373390248117187,0.04068496338441157,0.9976954855709357,0.0016552662455909103
perfect_432.JPG,0,5.452129171803255,1.7537117994139821,0.42287035203751927,0.040913110821534135,0.9981525399271526,0.0016738826370951336
perfect_434.JPG,0,5.378313602133248,1.7331584101588322,0.427714730731613,0.03959025702850872,0.9984582922038164,0.0015673884515833843
perfect_435.JPG,0,5.585337328705937,1.7588861307641461,0.4242362712509935,0.0387092060744089,0.9983825526961284,0.001498402634911055
perfect_437.JPG,0,8.066007508352541,1.9981235818548895,0.3975298164236707,0.04361666562099627,0.9971413106647744,0.0019024135198937974
perfect_439.JPG,0,44.26349281324258,2.829506686498365,0.4615583105955241,0.04528166870378457,0.9940738061242971,0.002050429520599303
perfect_44.JPG,0,9.163705702506656,1.7877257307355594,0.46023527752146476,0.04730415234598731,0.9976464052071495,0.0022376828291723765
perfect_440.JPG,0,7.199751657108147,1.9310801575816054,0.4052169611121712,0.04682683776801397,0.9976435684646778,0.0021927527353518992
perfect_441.JPG,0,6.5945645401189905,1.9135235769416301,0.3963165704487291,0.038659513902072624,0.9967600982863054,0.0014945580151445464
perfect_442.JPG,0,6.54602444792839,1.9421611749834737,0.3907358603495622,0.03737209035441332,0.9964499385910142,0.001396673137458433
perfect_443.JPG,0,5.119140715727786,1.7036755641314254,0.42949314508649583,0.034580897230312026,0.9984903025776622,0.0011958384532534019
perfect_445.JPG,0,5.22878203667971,1.7321041811831128,0.4225906443992649,0.03764449276576813,0.9981104739549762,0.001417107835591969
perfect_446.JPG,0,5.538587895963982,1.7853641282985835,0.41370171001529044,0.035384684267048265,0.998024121199525,0.0012520758806786928
perfect_449.JPG,0,5.634902449482767,1.8047845089421306,0.4102364236557339,0.03537224960427863,0.9978534705905638,0.0012511960420673897
perfect_451.JPG,0,5.738446360615319,1.8211495685265586,0.4077959375284268,0.03472388353257781,0.9979054076456038,0.0012057480875840283
perfect_452.JPG,0,5.521768471619231,1.7837708925157671,0.4137529526675213,0.03655839720577977,0.9979938878082162,0.0013365164062555657
perfect_455.JPG,0,5.8835738038448495,1.8247781775383682,0.40908744624822135,0.03547397295335222,0.9974454534652399,0.001258402757095165
perfect_456.JPG,0,5.873127099301423,1.8298934381197403,0.4078312707785944,0.03468722236842571,0.9975229621270478,0.0012032033956366128
perfect_457.JPG,0,6.082017975826767,1.8507211882046062,0.4052814489361375,0.036794902613432295,0.9970373711231327,0.0013538648583319667
perfect_458.JPG,0,5.839033885851603,1.8126958045237715,0.41139853241335145,0.037759109030788655,0.9972949385244305,0.0014257503147989852
perfect_459.JPG,0,5.684092431795037,1.7885860534919864,0.41528489261215573,0.03694433397798584,0.9975292386229019,0.0013648838130769592
perfect_46.JPG,0,8.345979781940649,1.8785399470261384,0.43986367283155847,0.036079161663863685,0.9984794573525775,0.0013017059063672109
perfect_461.JPG,0,2.891123081595826,1.18019409604974,0.5538554055288194,0.04150503109556348,0.9996181752005269,0.001722667606243691
perfect_463.JPG,0,6.221500866520162,1.8606885708670562,0.40459493771461097,0.036355865692918495,0.9973278168946983,0.0013217489702815278
perfect_464.JPG,0,6.041714012613675,1.8683057967518892,0.4005778719432594,0.03794940786417329,0.9970074200547945,0.0014401575572413777
perfect_466.JPG,0,8.38675646120508,2.1605668303963816,0.36688726028193314,0.03001672896721661,0.9974538197112851,0.0009010040178913406
perfect_467.JPG,0,7.048551655251141,2.0037441560193225,0.38552989417769273,0.032845334247374756,0.9979921665861822,0.0010788159818217692
perfect_468.JPG,0,8.313231558299568,2.169380310273615,0.3647581732286202,0.0333783434906793,0.9972479375821893,0.0011141138141817733
perfect_470.JPG,0,8.770424064873769,2.2033379803810176,0.3632753349223656,0.03221240874819391,0.9975327196505059,0.0010376392773607196
perfect_474.JPG,0,8.838111407218042,2.2059975833565573,0.3640430111267942,0.03188747425386131,0.997746461049626,0.0010168110142906679
perfect_475.JPG,0,8.63145975357472,2.1853475303878067,0.365956840301636,0.03211371962136737,0.9978171408825981,0.001031290987919796
perfect_476.JPG,0,8.365325387127434,2.142634775548267,0.37311452303126436,0.03110624799101843,0.998273186056671,0.0009675986640787381
perfect_479.JPG,0,8.166272304042419,2.1336261799615555,0.37247024674822443,0.030431561511379553,0.9981570910648359,0.0009260799360208774
perfect_48.JPG,0,17.94942844285433,2.225410424594879,0.4436351741226546,0.038010430329677145,0.9974876623345049,0.0014447928138472403
perfect_480.JPG,0,8.151917482188924,2.120999206808584,0.37647261697037127,0.028781340312103863,0.9984945933564052,0.0008283655501611349
perfect_481.JPG,0,8.254875994615588,2.117903650020365,0.3787710335561659,0.030303879345792168,0.9985470202742661,0.0009183251034043293
perfect_484.JPG,0,8.63253710492279,2.174856390371657,0.36992051217237915,0.027764824822465912,0.9983754532126129,0.0007708854974222192
perfect_485.JPG,0,7.6679537604240355,2.066868191327059,0.38289716796473316,0.02777277244462016,0.9987137004358938,0.0007713268892606529
perfect_486.JPG,0,7.416464963359559,2.021016167081127,0.39188874708891785,0.027879388144023836,0.9989252827345666,0.0007772602832851368
perfect_489.JPG,0,8.403137729806508,1.9764838599453287,0.40823778798630145,0.029781097142464248,0.9988160655139089,0.0008869137470088922
perfect_49.JPG,0,13.96434492862375,1.8756391702846116,0.5111044895474948,0.058333180342456534,0.9986318907921181,0.0034027599288655574
perfect_490.JPG,0,5.337179298208001,1.6870398286612711,0.440643783904541,0.03183359086339543,0.9992598534549277,0.0010133775072580533
perfect_491.JPG,0,7.185809727358813,1.8841761805220565,0.41576723207264393,0.0298801891704967,0.998980416273972,0.0008928257048646685
perfect_492.JPG,0,8.474874232712358,2.1338329635346325,0.37903870653182314,0.028355128211686755,0.9987294603343633,0.0008040132959011942
perfect_494.JPG,0,10.441456904021726,1.7034398952135925,0.4823611328924494,0.05625859716975032,0.9970184554513363,0.003165029755508238
perfect_496.JPG,0,6.083861564470887,1.7846366310232082,0.42612722201425246,0.030720272540754077,0.9991217379754571,0.000943735144978209
perfect_497.JPG,0,8.108291061054302,2.1103941795113657,0.3786208849545015,0.028839104804716045,0.9987365930902543,0.0008316939659373961
perfect_498.JPG,0,7.717132633127533,2.0763338991968046,0.381564873554389,0.02940761816874546,0.9987431009231014,0.000864808006358728
perfect_499.JPG,0,9.298646058874812,2.2130986228124714,0.36642788192597076,0.03341393064924935,0.9983579105455904,0.0011164907614328449
perfect_5.JPG,0,3.25098013926855,1.2940987855317931,0.5222025494414685,0.039770438351411745,0.9994914467318136,0.0015816877666634424
perfect_50.JPG,0,21.105372871665686,2.3328757302888996,0.4581980119514697,0.06019285157722197,0.9978554736599728,0.003623179380997474
perfect_500.JPG,0,8.812293886352107,2.1723400397310297,0.370005008083454,0.036539397871025225,0.9984173324267507,0.0013351275967770828
perfect_501.JPG,0,9.268173507049397,2.19839164362124,0.36751667459418735,0.03831197936564892,0.9981143618854194,0.0014678077629139085
perfect_502.JPG,0,8.140330121265391,2.1095845749280056,0.3759978595925802,0.037774511874560754,0.9984548888746039,0.0014269137473613314
perfect_503.JPG,0,7.963080311524141,2.098811061447324,0.37580241084284693,0.04196334945498088,0.9983040467210618,0.0017609226974808444
perfect_504.JPG,0,7.77721012783959,2.0949310780971984,0.37362092529549035,0.04393067369464213,0.997775217941042,0.0019299040912651223
perfect_505.JPG,0,7.581922135935859,2.081937320906668,0.3744389779786691,0.04831080975176022,0.997009400744188,0.0023339343388707706
perfect_506.JPG,0,9.304065163209522,1.8055143511818623,0.4697404271219575,0.04600126295876499,0.9987123694289,0.002116116193801444
perfect_507.JPG,0,7.877449078986859,2.1185809443801316,0.3711874242014996,0.029149427016254975,0.9977674776934683,0.0008496890953759754
perfect_508.JPG,0,7.634163906574915,2.1046691105537336,0.37051193360831214,0.03401131610736907,0.9974452879687423,0.001156769623355383
perfect_509.JPG,0,8.719140231418955,2.2222204357550677,0.35839517699954604,0.03417066247036195,0.9967208520167958,0.0011676341736634023
perfect_510.JPG,0,7.756757032874568,2.122786064752289,0.3681737009393606,0.034141712951412585,0.9972564071681004,0.001165656563256654
perfect_511.JPG,0,8.239850968443845,2.163354444908926,0.36541682031667017,0.034261725459026074,0.9975880705152892,0.0011738658314296754
perfect_512.JPG,0,7.796774567049686,2.1152751985658242,0.37096418492662203,0.03389770649272082,0.9979625375659712,0.0011490545054666475
perfect_513.JPG,0,8.21547434499182,2.155386075649738,0.3675952671075106,0.03402626737051396,0.9976542245321374,0.001157786871169703
perfect_514.JPG,0,10.608800594982888,2.3403141212189427,0.3524081421156477,0.03296487447534588,0.9972263249979372,0.00108668294917531
perfect_515.JPG,0,6.851993052205606,1.8595566789051472,0.41364526008758373,0.03549478882012216,0.9984845370880194,0.001259880033385069
perfect_516.JPG,0,5.70252831823623,1.751448182987619,0.42733167381382176,0.03411666198204475,0.9988889532814003,0.0011639466247970976
perfect_517.JPG,0,74.0291749298744,3.6800919226027764,0.44458433060862224,0.0381374237672717,0.9914053274995133,0.0014544630916044604
perfect_518.JPG,0,6.607459610780584,1.85343520528488,0.41507830470175205,0.03304666774536973,0.9986638513254081,0.0010920822490728603
perfect_519.JPG,0,6.3296112049096855,1.8156616819424343,0.42016662666284543,0.03216508657822645,0.998766455387242,0.0010345927945848033
perfect_52.JPG,0,12.651029327687553,1.868646151578496,0.47264831052984124,0.04887094480283239,0.9972086043939511,0.00238836924592149
perfect_520.JPG,0,5.351361251808972,1.705637015150703,0.4345762222069269,0.03184540373564332,0.9990263716671882,0.0010141297390861255
perfect_522.JPG,0,6.562972063657965,1.8854253207017924,0.4059245839695134,0.03166585388806726,0.9985303749759614,0.0010027263024604246
perfect_524.JPG,0,6.738160051633882,1.8364784888603025,0.4206350051145164,0.030193033186637058,0.998785632424635,0.0009116192530093666
perfect_525.JPG,0,5.1736754301334615,1.6808233281520788,0.43713336140162545,0.03140968821716954,0.999043655849101,0.0009865685138997988
perfect_526.JPG,0,5.914195815111368,1.816225844730994,0.4182621870939133,0.030088157207895577,0.9988358036073851,0.0009052972041670385
perfect_527.JPG,0,6.958457548627637,1.982774604565496,0.3913745048605125,0.02849642239990052,0.9985610644408967,0.0008120460895935521
perfect_528.JPG,0,3.4290467384895753,1.2288188302871133,0.5554705799415457,0.046652599177602276,0.9996996558545684,0.0021764650100260163
perfect_529.JPG,0,17.754661060286125,2.7898272195961162,0.3217296334023417,0.029194799409683666,0.9944523025998703,0.0008523363125716657
perfect_531.JPG,0,8.723419434350902,2.230664675202406,0.3591196932535895,0.03074129639505563,0.997556287778964,0.0009450273040486601
perfect_532.JPG,0,9.66346972786746,2.3096404801845067,0.35203326732684065,0.028930496243997822,0.9971789653020064,0.0008369736129239722
perfect_534.JPG,0,12.820156798222108,2.5080094021766315,0.3389768351524476,0.02936275713418851,0.9963797692291253,0.0008621715065213382
perfect_536.JPG,0,10.270856780714729,2.358735779721454,0.3481495021265605,0.028682698629839402,0.9971915427256052,0.0008226972006901912
perfect_537.JPG,0,14.193754700641703,2.600680320188509,0.3314816878390909,0.03208425039373761,0.9950190020600909,0.0010293991233280518
perfect_538.JPG,0,10.96758957792927,2.4142959130990915,0.3437466325890024,0.030466833026917044,0.9966073376907292,0.0009282279146900432
perfect_539.JPG,0,2.303382499419342,0.9988248936949491,0.6041327416557121,0.06792915052555115,0.9998026214299982,0.004614369491122986
perfect_54.JPG,0,21.662007669150096,2.585644574869129,0.4137994119550066,0.04204956009696215,0.9971950068746899,0.0017681655043480316
perfect_540.JPG,0,13.037180512680346,2.5298638131426814,0.33669626389527313,0.029054707377763084,0.9960448757906778,0.0008441760208074405
perfect_544.JPG,0,10.95908716664523,2.4510990904202483,0.3358570937708852,0.038542459692423675,0.9937581647712678,0.0014855211991421035
perfect_545.JPG,0,10.986460197958428,2.428036581041296,0.35095947711267694,0.04541004126776145,0.9982658436963063,0.0020620718479397978
perfect_546.JPG,0,10.160144330914457,2.3464089888774557,0.34864418854648904,0.03792268048898521,0.9957858139682418,0.001438129695469659
perfect_547.JPG,0,6.758125690022938,1.9637124417611709,0.39154006100210526,0.038266597951973215,0.9982833755440229,0.0014643325188179604
perfect_548.JPG,0,6.43083709161361,1.8983501864178476,0.40386500750459337,0.03838066899913234,0.9985151028899119,0.001473075752820958
perfect_55.JPG,0,29.287589834467845,2.8709815685801576,0.438080124308836,0.057046996151827886,0.9973345914713301,0.0032543597699466655
perfect_552.JPG,0,9.250441369041237,2.2203684275873403,0.3658336931008474,0.03654370444934263,0.9970506287022082,0.0013354423348809043
perfect_553.JPG,0,11.939847529494575,2.4185398891318486,0.34958155856193934,0.03612573047009078,0.9959576052350897,0.0013050684019976456
perfect_554.JPG,0,9.428260056916844,2.253005396024039,0.3613177593737913,0.036762090418000055,0.9969884699924221,0.0013514512919012116
perfect_555.JPG,0,9.077918328081122,2.219470057917266,0.3652464121770497,0.034342336403750284,0.9971227514931849,0.0011793960696683521
perfect_556.JPG,0,9.734651120829492,2.2541298654432937,0.36276531266525625,0.033209540818353235,0.9968653646714705,0.0011028736013658697
perfect_557.JPG,0,5.568088775883941,1.7794109337871395,0.4165686882856168,0.03476303051861584,0.9981376540095053,0.0012084682908382162
perfect_558.JPG,0,6.145150781208124,1.8319396986832466,0.4112681200293213,0.033944519015221726,0.9980535597847736,0.001152230371174749
perfect_559.JPG,0,4.977846842561326,1.6435960698397385,0.44392477777791467,0.03648235041713397,0.9988508812570746,0.001330961891958555
perfect_56.JPG,0,43.90789125171965,3.285214776402065,0.4667687737979967,0.07521500034101303,0.9972066171821816,0.005657296276298589
perfect_560.JPG,0,3.8621815315073884,1.4078750602990837,0.49422334496335424,0.04013813468928069,0.9993850737678697,0.0016110698563348374
perfect_561.JPG,0,4.8033335253785525,1.5517494872839275,0.47628932321452655,0.036934228126255554,0.998859406595584,0.0013641372072822867
perfect_562.JPG,0,3.7427162057136725,1.3795237712386772,0.5005192736769893,0.0422281974936178,0.9994076075916796,0.001783220663559989
perfect_564.JPG,0,4.406689080130198,1.5054969036058057,0.47836616748319005,0.04266486628176818,0.9993369832980311,0.0018202908148411594
perfect_566.JPG,0,3.272653807328794,1.3085748646620567,0.5135134635722792,0.045433262205383095,0.9995083284272764,0.002064181314623092
perfect_567.JPG,0,3.137966312912044,1.2877203149845458,0.5169031923664158,0.04453099343876202,0.9995254495206725,0.001983009376643066
perfect_569.JPG,0,4.1821002170767,1.5014270783084098,0.47091898373204355,0.037292518561635346,0.9992496295319893,0.0013907319406699166
perfect_57.JPG,0,6.572094556813229,1.8247661067878609,0.43236398294717593,0.033182368207087413,0.9991720534166817,0.0011010695598307257
perfect_570.JPG,0,4.151511999517607,1.5006068432759823,0.4705271378427949,0.03746777467458936,0.9992525944316472,0.0014038341390657995
perfect_571.JPG,0,4.402523293312608,1.5393581050901357,0.4640875773016457,0.037275235416549916,0.9991714495487573,0.0013894431753592171
perfect_572.JPG,0,41.99806776829164,3.166049498092053,0.3982321722011306,0.03522488310992228,0.989539278276934,0.0012407923901076876
perfect_573.JPG,0,4.695558860838649,1.5888596326669167,0.4555686296359698,0.03792588633118593,0.9990372045510107,0.0014383728540060359
perfect_574.JPG,0,4.793772612156296,1.6102618431866502,0.4514685827171737,0.039046197312502626,0.9989543920935863,0.0015246055245668872
perfect_576.JPG,0,5.591180421557592,1.7618521756802628,0.42325578319537194,0.038740416787811774,0.9985123679144732,0.0015008198928933682
perfect_577.JPG,0,5.645800559664827,1.7623523230780227,0.4236636845939615,0.03783283609177512,0.9985843310690011,0.001431323486747122
perfect_578.JPG,0,5.359310457647712,1.7352705530542605,0.42621956684141127,0.03741732357951827,0.9985734798619544,0.0014000561038543739
perfect_579.JPG,0,5.449433244448018,1.743039531632453,0.4257735491798705,0.03598333787995516,0.9986027659759615,0.001294800604983016
perfect_58.JPG,0,7.820657288160724,2.0994402886752273,0.3787193922877261,0.031236651272010876,0.9983719022814181,0.0009757283826892187
perfect_581.JPG,0,5.461153878794376,1.7393533034964541,0.4272450914907396,0.0357830864917721,0.9985857781855307,0.0012804292788776428
perfect_582.JPG,0,5.258529305354559,1.7069948053456252,0.4327104678008937,0.03697270430608564,0.9986819250989559,0.0013669808637052435
perfect_584.JPG,0,5.311491330331779,1.7055634837683806,0.4334235741790025,0.03749034914296443,0.9986375352434333,0.001405526278861374
perfect_585.JPG,0,5.32427674599346,1.7005574315270404,0.4347506600224886,0.03848193007784242,0.9986233286580722,0.001480858942515953
perfect_587.JPG,0,4.83275127968055,1.630089410140966,0.4453106735982643,0.038155935371159994,0.9988496686896184,0.0014558754040481384
perfect_588.JPG,0,4.4017984759964985,1.5676365885905204,0.45454490334592934,0.040104136829636296,0.9990687123320757,0.0016083417908501906
perfect_59.JPG,0,8.280497339057174,2.1121258244545915,0.3811205210784045,0.033215904271468324,0.998580676772913,0.0011032962965713477
perfect_591.JPG,0,4.686349459988209,1.6149210640331602,0.44674683498829143,0.03759118391589161,0.9989860676692333,0.001413097108198388
perfect_592.JPG,0,4.650300490432545,1.6004212002644227,0.4506398796102385,0.038872479470667916,0.9989866777057088,0.0015110696601974983
perfect_595.JPG,0,4.845728759089529,1.6216891894909864,0.4478606502755862,0.03792960364024386,0.9989201750554443,0.0014386548323059999
perfect_596.JPG,0,4.668253481713745,1.5962248865483912,0.452396817644941,0.038473113132633845,0.9990123458972231,0.0014801804341164427
perfect_597.JPG,0,4.935515713494487,1.645373608654482,0.44304143843493626,0.036431877474487236,0.9988180975546841,0.0013272816963160504
perfect_598.JPG,0,4.758021564738883,1.6161421763055868,0.44808756129663435,0.03693198877464302,0.9988976998009648,0.0013639717948503581
perfect_599.JPG,0,4.689241861857033,1.5958095486948598,0.4525283207300805,0.0390654605102676,0.9989602429748634,0.0015261102048792776
perfect_6.JPG,0,2.881760197245002,1.1804204409426309,0.5578980222102841,0.06411528020919553,0.999516382039012,0.004110769156303661
perfect_60.JPG,0,7.755053524789019,2.055196196522106,0.3877493188474853,0.03327061625103669,0.9987883398786669,0.0011069339057237467
perfect_600.JPG,0,4.532323491182934,1.5828745578067214,0.4537483476348864,0.03878551337145724,0.9990261248262284,0.0015043160474874885
perfect_601.JPG,0,4.7345181544907184,1.5948969667327721,0.45270193850268725,0.03817378035715149,0.9989783927131833,0.0014572375067560454
perfect_602.JPG,0,4.600470667845849,1.5748023530042343,0.45618502391628674,0.039025314707462844,0.9990408357303593,0.001522975188016516
perfect_603.JPG,0,4.361777583480731,1.5508917006128178,0.45898410076797735,0.03926271621536094,0.9990464765205558,0.0015415608846079667
perfect_605.JPG,0,52.340525674009754,3.9001644824998656,0.37696033608475626,0.04667072957030798,0.9950843012902014,0.0021781569986248197
perfect_606.JPG,0,50.78892337887038,3.4237470500961122,0.4036366425829301,0.03221834104902332,0.9890234817098514,0.001038021499951181
perfect_607.JPG,0,4.125170233245789,1.504759886816387,0.4679761083453441,0.04108964679796814,0.9991601348758951,0.0016883590739817738
perfect_608.JPG,0,4.051317534973467,1.491857055439424,0.47023933257010175,0.04198845686071467,0.9991741569362438,0.0017630305095440964
perfect_610.JPG,0,3.8942213936681496,1.4683712882564186,0.47365759836041693,0.04222779752244082,0.9991879461791955,0.001783186883596259
perfect_611.JPG,0,3.933826110843115,1.4733326186775295,0.47308930727558096,0.04192502020401108,0.999208011779414,0.0017577073191067374
perfect_613.JPG,0,7.305530712496695,2.0629573914185264,0.3751240486536247,0.032583469151615876,0.9973650302883009,0.0010616824619543034
perfect_614.JPG,0,7.413469895348753,2.077723044890346,0.3733526370015346,0.032144947681966865,0.9973774430967294,0.0010332976614763868
perfect_616.JPG,0,7.18853296880471,2.042514512812543,0.37869504552501904,0.031180023915622777,0.9977692466852363,0.0009721938913788082
perfect_617.JPG,0,8.721601480713302,1.89554286493951,0.4481991401356764,0.032642488306731436,0.9982349932049251,0.0010655320428550985
perfect_618.JPG,0,7.2507037564044845,2.0457820170643344,0.3794319819003972,0.03067458234992957,0.9980720899699036,0.0009409300023426107
perfect_619.JPG,0,6.961167619300276,1.9966685178932548,0.3882421304856161,0.030692033878654847,0.9982506724089202,0.0009420009436084969
perfect_62.JPG,0,34.08581346813528,3.2328744461417513,0.3765621667368093,0.03871078798263413,0.9940026160851897,0.0014985251062364507
perfect_624.JPG,0,6.924536947713679,1.961896107109425,0.40181928937167777,0.033220730995938176,0.9987351014179042,0.0011036169679044877
perfect_625.JPG,0,7.7722565893840985,2.0628342926661953,0.3898862125606295,0.033700587847601264,0.9985858296118245,0.0011357296212738902
perfect_626.JPG,0,6.9804530904988535,1.9718908883922515,0.40017073392223557,0.033754743167783055,0.9987886801445669,0.0011393826863229967
perfect_627.JPG,0,7.190295709441835,1.9979254650174003,0.39723398358621914,0.03278640001452212,0.9988197134243237,0.0010749480259122561
perfect_628.JPG,0,56.273270856110805,3.6078011224373134,0.38708562163521043,0.03586746841600554,0.9869578042554575,0.0012864752905731552
perfect_63.JPG,0,8.619849559367875,2.217369005062847,0.36075789745393716,0.035773196252526916,0.9970570983653412,0.0012797215701218058
perfect_630.JPG,0,6.661560329442409,1.9183385207873316,0.4090758343762296,0.031725925490589155,0.998920693231018,0.0010065343482344147
perfect_631.JPG,0,7.072467928448418,1.9820668844370128,0.3984282267252072,0.032604683974520585,0.9988385111881982,0.0010630654170783592
perfect_632.JPG,0,7.316755420587962,2.0132248255514824,0.3942680411799734,0.03202549517542898,0.9987983389450352,0.0010256323412314247
perfect_633.JPG,0,9.05392523679622,2.224945188954631,0.36439334278047775,0.03861861848077142,0.9977176982370803,0.00149139769336338
perfect_634.JPG,0,8.75471655242209,2.1934090192473965,0.3687861474698174,0.03822082399659176,0.9978685047029922,0.0014608313869784444
perfect_635.JPG,0,8.916462395313022,2.220118489667074,0.3656763615487206,0.03836301882977412,0.9979735086901632,0.001471721213733604
perfect_636.JPG,0,8.846650273597444,2.2013044224887635,0.3685940423165934,0.03989241976562169,0.9977975790715428,0.0015914051547565643
perfect_638.JPG,0,8.856795173948308,2.1960308831043074,0.3703277369051862,0.03893707434287458,0.998031114342609,0.001516095758382542
perfect_64.JPG,0,8.531542645650667,2.193421580344574,0.3650788681052047,0.0340111532337928,0.9974577682219685,0.0011567585442925344
perfect_640.JPG,0,8.427694807543896,2.1628451342887365,0.37501862533571023,0.03386704153534062,0.9983227590850222,0.0011469765023564868
perfect_641.JPG,0,8.800807684131167,2.1912257889038944,0.3718419294668241,0.03456411941200856,0.9983048082094105,0.001194678350727587
perfect_643.JPG,0,9.219576352712929,2.219672710285049,0.3688028594695506,0.03449936780921249,0.9982511357605801,0.001190206379235327
perfect_645.JPG,0,8.762345548749115,2.1847285753460386,0.3734817863845726,0.03445210776887877,0.9983803920529499,0.001186947729718437
perfect_646.JPG,0,9.3924198970459,2.2185283105916067,0.3713914212954017,0.03493548558379296,0.9983113289847707,0.0012204881529754058
perfect_647.JPG,0,9.314528421799187,2.2172446781143478,0.372297684111141,0.036915912211595354,0.9983054318018204,0.001362784574414215
perfect_648.JPG,0,9.816771219656857,2.2565883792098096,0.36909432886473675,0.03787072067014729,0.998208039137876,0.0014341914840763212
perfect_649.JPG,0,9.725859525174895,2.273755602807612,0.36480719697581065,0.03507439092914169,0.9980487048691856,0.0012302128990502568
perfect_65.JPG,0,8.97737294198984,2.2312742512916164,0.36090872310248384,0.03545833669764437,0.9972354426600798,0.0012572936413635136
perfect_651.JPG,0,8.822665165587642,2.222424930417105,0.3682033498154899,0.034446985727631906,0.998175439009659,0.001186594825719676
perfect_652.JPG,0,9.469239268691807,2.2587312465610503,0.36465683310590374,0.030827318125282357,0.9980443898954329,0.0009503235427973622
perfect_654.JPG,0,8.691878910129983,2.2210836285470306,0.364480695788268,0.032002253737482916,0.9979962738311767,0.0010241442442782394
perfect_655.JPG,0,8.610479985761856,2.206078420995277,0.36627908541575804,0.03059840315233291,0.9980245255723831,0.0009362622754726966
perfect_656.JPG,0,8.689204568800424,2.2247698918651433,0.3631507386153584,0.03198508361356983,0.9979228564594124,0.0010230455737670532
perfect_660.JPG,0,8.281780413263446,2.1020187190494566,0.3982751910949661,0.057229838565184606,0.9986628702255019,0.0032752544221970915
perfect_661.JPG,0,5.853304836433154,1.62156228225331,0.4729384558348825,0.039765550458242406,0.9985031028399456,0.001581299003247023
perfect_662.JPG,0,8.667473703203491,2.2018024560350433,0.3699763070131571,0.03183917322023098,0.9979074191163796,0.0010137329513478734
perfect_663.JPG,0,8.745710859844506,2.2440884127060676,0.35769133347154747,0.03377643182358796,0.9967449430005303,0.0011408473467334852
perfect_664.JPG,0,6.257734306605207,1.8872591944935775,0.4015450372642021,0.03779407634548211,0.9975616998349586,0.0014283922068081306
perfect_665.JPG,0,6.000535656858015,1.8458242884708151,0.4078870112586577,0.03845388115835208,0.9977363831824257,0.001478700976140665
perfect_666.JPG,0,6.0272131996926985,1.8568987734719764,0.4050673918088241,0.03786060475350451,0.997688387334069,0.001433425392301088
perfect_667.JPG,0,6.119029609083276,1.8721026290400384,0.4027449845004341,0.03830136729243389,0.9976850679466198,0.0014669947364699249
perfect_668.JPG,0,5.12516894909864,1.7026201068410425,0.4292967713901534,0.03835334834772294,0.9984166578483624,0.001470979329481782
perfect_669.JPG,0,4.850609244072824,1.6417991013203266,0.4427722132107512,0.041375263890917814,0.9984981572553042,0.0017119124620430875
perfect_671.JPG,0,4.639949203605439,1.601144956763324,0.4517142209003879,0.04224432959733349,0.9987521407654402,0.0017845833831281468
perfect_672.JPG,0,46.226102970734836,3.1624905643100885,0.41168520131073166,0.0403930289352189,0.9874888756929937,0.0016315967865614311
perfect_673.JPG,0,4.59183695574494,1.5885712020510625,0.4543948533446384,0.04214913459576131,0.9988643522993698,0.001776549547171603
perfect_674.JPG,0,4.591765769326973,1.5929893940612103,0.4522050235406738,0.042750651547541256,0.9989157850919749,0.0018276182077392915
perfect_676.JPG,0,4.496665907344876,1.5670883135909666,0.4585674401365728,0.04137210586731761,0.9990387109297261,0.0017116511438965362
perfect_679.JPG,0,4.405436967358096,1.5769785915920742,0.4511372483342581,0.043916212025290946,0.9989520211626085,0.0019286336786503088
perfect_68.JPG,0,7.737656684334827,2.0902751539041455,0.3782565985386357,0.033602760883987726,0.9978714677252386,0.0011291455390264557
perfect_680.JPG,0,4.556697664862161,1.6089691536688644,0.4444870442024763,0.04122195619052982,0.9988437748982844,0.0016992496721739594
perfect_682.JPG,0,6.2753584445516415,1.8527233969377,0.411124241931463,0.04239694305517515,0.9979283368462272,0.0017975007804237643
perfect_683.JPG,0,6.519410300590963,1.6408043166405841,0.47499383540798223,0.04096547788188644,0.9972799237899126,0.0016781703780913272
perfect_684.JPG,0,5.593056672205249,1.7532606171052867,0.42711009324859917,0.03395194803372286,0.9982442325802676,0.0011527347752846176
perfect_685.JPG,0,8.020577142778025,2.082113455402634,0.37908302379364783,0.03375261845151394,0.9983058952341943,0.0011392392523334794
perfect_687.JPG,0,6.602141985283084,1.942213649412967,0.39470248593167173,0.03330954839303964,0.9987214978124147,0.0011095260141482494
perfect_69.JPG,0,8.267175820970978,2.162919719292416,0.36643404270077884,0.038738458257516116,0.9971394484040345,0.0015006681481693188
perfect_691.JPG,0,6.851694531088103,1.97560333461959,0.39126187712577215,0.03323266432855666,0.998531618041475,0.0011044099783745224
perfect_693.JPG,0,6.76791553002694,1.9563101034543133,0.3954081867300655,0.03198088623266447,0.9986537022186641,0.001022777084226628
perfect_694.JPG,0,8.169558956989016,1.745870134556706,0.46418793856992563,0.040956182300815255,0.9964723999774364,0.0016774088686576127
perfect_695.JPG,0,7.027344112876141,2.000184006116864,0.3878015260483624,0.03244932163869066,0.9984402820580528,0.0010529584748111976
perfect_696.JPG,0,7.028181742662981,2.00614511204722,0.38587548935346766,0.03200699865503813,0.9983285479094234,0.0010244479629036125
perfect_698.JPG,0,7.0398742260131035,2.0055089622590945,0.38577264255945953,0.031913147113546904,0.9982292757835436,0.0010184489586908872
perfect_7.JPG,0,3.5692586339354304,1.3746581935287916,0.5019711618350418,0.04356721763197903,0.9993290122651964,0.0018981024521922242
perfect_70.JPG,0,8.957930484990102,2.2327528878241547,0.3594897385563322,0.03587196099440783,0.9971173021415991,0.0012867975855843168
perfect_700.JPG,0,8.510700770771255,2.1641179921359717,0.38111758495325926,0.04780831287108403,0.9987417866167106,0.0022856347795794586
perfect_701.JPG,0,10.03739667520598,2.285264861620255,0.3742127150733859,0.04736229401883883,0.9984955918377394,0.002243186894726937
perfect_702.JPG,0,6.855888039423757,1.953696669489285,0.4027978960027863,0.03971631831537209,0.9988885681228761,0.0015773859405279608
perfect_703.JPG,0,10.014249308637215,2.347926983514482,0.3563328057994685,0.034033910675813656,0.9983975451196625,0.0011583070758892627
perfect_704.JPG,0,9.48906910992847,2.224351523588513,0.3748780506945073,0.03572964067013992,0.9984759040706209,0.0012766072224173167
perfect_705.JPG,0,7.092125431431819,1.9182076062412021,0.412749984895506,0.03933932257843297,0.995378700837591,0.0015475823009300062
perfect_706.JPG,0,9.21653288260767,2.199742547752267,0.375858996802456,0.03346013020079224,0.9984830276443522,0.0011195803130539693
perfect_707.JPG,0,9.239934374129097,2.210600918422764,0.3722544261129619,0.029539159504630298,0.9984276522900093,0.0008725619442399904
perfect_708.JPG,0,9.779396707809004,2.2864572726184598,0.36394399915614933,0.03054320737668987,0.998351494050559,0.0009328875168554825
perfect_709.JPG,0,9.516048001925814,2.2548784510079254,0.3697750351982884,0.031158579379620802,0.9984670671565727,0.0009708570689561306
perfect_71.JPG,0,8.22425410530152,2.180590280010862,0.3615395278227636,0.03294972081842376,0.9963562987062006,0.001085684102012068
perfect_710.JPG,0,8.923395618510659,2.208466760098898,0.3718466770230909,0.031150712619863255,0.9984806232968332,0.0009703668967253078
perfect_712.JPG,0,8.364780179682867,2.1219911426958507,0.38709562421715094,0.033882790730210825,0.9987965670079103,0.0011480435076672605
perfect_713.JPG,0,7.88402383638462,2.0641080995741063,0.39414073746542977,0.033974929177882716,0.9989344770191567,0.0011542958126421466
perfect_715.JPG,0,7.597499682902079,2.0393021657341306,0.39475220750662465,0.03361133044397997,0.9990094015455403,0.0011297215342144149
perfect_716.JPG,0,42.13744344169301,3.511119988476175,0.3916265973823562,0.042271736174057384,0.9953814722434402,0.0017868996791691116
perfect_718.JPG,0,7.9143124937473655,2.0478601808083408,0.39848835629182816,0.03244485240481474,0.999052606182833,0.001052668447570213
perfect_72.JPG,0,8.278984089723526,2.1841427816008174,0.3615773274136853,0.0322006466986816,0.9967515565925081,0.0010368816478133142
perfect_720.JPG,0,10.133720751066525,2.3566889349797417,0.35298836964203995,0.031090698846425683,0.9984272340952947,0.0009666315547591354
perfect_721.JPG,0,9.950870031834844,2.3549547219899813,0.351863910416448,0.029366333524021338,0.9983726094235464,0.0008623815446440595
perfect_722.JPG,0,10.972229256436643,2.4114057442064873,0.3498680731728092,0.02894864030359316,0.9981796325505892,0.0008380237754268183
perfect_723.JPG,0,7.849316519997715,2.0666057481367153,0.3909397648855485,0.030441852391569272,0.9986946576875682,0.0009267063770300918
perfect_724.JPG,0,7.319646538541241,1.9864732056723904,0.4045124883053612,0.03058232570090762,0.9987408147239262,0.0009352786452763947
perfect_725.JPG,0,7.396468254925289,2.004474486122723,0.39973667007387054,0.030563434388583968,0.9987189493017744,0.000934123521625277
perfect_726.JPG,0,7.444153417779637,2.002456113201278,0.40027683363878314,0.029554557100936487,0.9987534836517855,0.0008734718454325152
perfect_73.JPG,0,56.55217830438978,4.050933686641296,0.3693789434998578,0.03804062575434679,0.9921167843609672,0.001447089207782272
perfect_730.JPG,0,7.388904354487145,1.9919141720712505,0.3946525353219901,0.03523764375664223,0.9986111533261174,0.0012416915375200268
perfect_731.JPG,0,7.283534441943148,1.990743867359883,0.39212144864391657,0.04268101160809984,0.9978856855473657,0.001821668751890753
perfect_733.JPG,0,5.99374034098015,1.808947434832324,0.41644757490773676,0.03882177812286249,0.9981057883193637,0.0015071304566207648
perfect_735.JPG,0,5.5167096088708805,1.7302972770667635,0.43619090866655075,0.034167008185987384,0.9991969979113147,0.0011673844483813289
perfect_736.JPG,0,5.275089926290366,1.6945373407364532,0.43966106209873634,0.03505122276777762,0.9993418196762858,0.001228588217516372
perfect_739.JPG,0,8.728625032156408,1.829072832479402,0.447866278221645,0.04200580121982849,0.9961767194249674,0.0017644873361197448
perfect_742.JPG,0,6.755293637139937,1.94855443544065,0.39645108509659527,0.04061552284640558,0.9987969960495535,0.0016496206960868935
perfect_743.JPG,0,6.902934875233134,1.971907357386327,0.39328541150602647,0.04023020175358028,0.998665589762923,0.0016184691331337737
perfect_745.JPG,0,6.815918293245012,1.9580759704089585,0.3963265025661044,0.0340045162899392,0.9987932395723427,0.0011563071281127405
perfect_747.JPG,0,7.058596066824593,1.9827202289714956,0.3968348018812428,0.03172022572456419,0.9987664627518327,0.0010061727200173036
perfect_749.JPG,0,7.162052780278833,1.989906907196605,0.3982918472327777,0.030244707237802138,0.9989035575651632,0.0009147423159003611
perfect_75.JPG,0,8.065290740830065,2.1454772122716004,0.3688840625963448,0.036077597112581995,0.9975073157283346,0.0013015930134177847
perfect_751.JPG,0,7.496295090430968,2.056770464874483,0.38223586922348085,0.028805300970105228,0.9988337392291843,0.0008297453639783452
perfect_752.JPG,0,8.032208607109427,2.131584973756798,0.37268660361861466,0.030339749700775687,0.9984689162774213,0.0009205004119057184
perfect_753.JPG,0,9.199461737446496,2.28280355649881,0.35327249793892557,0.02987041532197279,0.9982598700026514,0.0008922417115071467
perfect_754.JPG,0,9.036853533364061,2.2635690554412213,0.35539781874491916,0.029809413549585113,0.9984400083617792,0.0008886011361701886
perfect_755.JPG,0,8.751178900840355,2.223263788400112,0.36067735503275694,0.029530032760312987,0.998531505876204,0.0008720228348251582
perfect_756.JPG,0,7.962987750194724,2.124420961333705,0.37259932744045937,0.030016192436796468,0.9986814831226402,0.0009009718084027975
perfect_757.JPG,0,8.428591390746817,2.1859464993282884,0.3641752126810259,0.030491435467400504,0.9986659689204305,0.0009297276368626495
perfect_759.JPG,0,7.629131428602055,2.071423515088502,0.38158431229492,0.03323885672545312,0.9987061297843334,0.0011048215964152002
perfect_76.JPG,0,8.231590846767569,2.167384212364497,0.3669800253652481,0.03657952802276467,0.9976112480899708,0.001338061870368226
perfect_761.JPG,0,26.90170762812543,2.619405175663316,0.42148261866774994,0.03359353601228444,0.9912469804385917,0.0011285256618086515
perfect_762.JPG,0,6.952764936306301,1.953085638098301,0.3965160912012483,0.034862091585869226,0.9982123491243955,0.001215365429741534
perfect_763.JPG,0,6.741108955977204,1.9210448826177844,0.4023325018855824,0.03516973237907718,0.9983259413198845,0.0012369100756159097
perfect_764.JPG,0,6.06533232611531,1.862830472476818,0.40329507048594515,0.03448265546167633,0.9977373929506587,0.0011890535276886766
perfect_766.JPG,0,5.914303277590181,1.8230135918600705,0.4122654790071114,0.034700071330484736,0.998217135876402,0.0012040949503407288
perfect_767.JPG,0,6.005767551499884,1.8395073453216846,0.4097242870483024,0.03556475973106666,0.9983913581307955,0.0012648521347285006
perfect_770.JPG,0,5.730462036143716,1.7954030323739072,0.4173076811030243,0.03339726478264817,0.9988261295495476,0.0011153772949623116
perfect_771.JPG,0,6.337712107609298,1.8694035192331744,0.4070054211893425,0.03255934182338448,0.9987082203128098,0.0010601107399719936
perfect_772.JPG,0,22.639387815668748,2.3079578514338186,0.4426868543957805,0.03498847583885292,0.9931419534281136,0.0012241934415259947
perfect_773.JPG,0,7.898957250287622,2.11681223024346,0.3746677325130177,0.029483696860237742,0.9984342524434977,0.0008692883805463929
perfect_775.JPG,0,8.08696778910398,2.1308477769202736,0.3737066339181064,0.02607624660110299,0.9986508832268006,0.0006799706368015353
perfect_776.JPG,0,8.129403083263664,2.135440225702261,0.3731774278475396,0.026455570518433596,0.9986765590207326,0.0006998972114558129
perfect_778.JPG,0,8.296691440499927,2.1534608781557947,0.37123035843274277,0.02731021059928536,0.9985534728822458,0.0007458476029773184
perfect_78.JPG,0,5.7695384105161605,1.8193498083829127,0.40835736534767675,0.047250643421114416,0.997122511891196,0.0022326233037093034
perfect_780.JPG,0,6.288461602883636,1.8504240477211413,0.41137874292699245,0.03133086778555704,0.9988086891536863,0.0009816232761960559
perfect_781.JPG,0,6.191790279787748,1.8392521350342146,0.4127289907231872,0.03213590848040335,0.9987917565216675,0.0010327166138608599
perfect_782.JPG,0,6.440738730771291,1.86831964320809,0.40882325283949134,0.03273176114161877,0.9987327606874246,0.0010713681874319845
perfect_783.JPG,0,12.5423141493558,1.9699517341236663,0.45315674037280496,0.04150552732727725,0.9949060478228362,0.0017227087987153583
perfect_784.JPG,0,6.234951302906864,1.8460396343642245,0.41186600414737445,0.0338837040092031,0.9987597156506097,0.0011481053973832862
perfect_785.JPG,0,5.858723490736273,1.8077024262564543,0.4168393933407811,0.0342237534470664,0.9987973079253191,0.0011712653000055893
perfect_788.JPG,0,5.790607859427205,1.8052353004234338,0.41575715922253553,0.03315828375570029,0.9985384921121281,0.0010994717816235377
perfect_79.JPG,0,9.923386016249706,2.3158155713836552,0.3502859569623221,0.030371920863386703,0.9949943364877364,0.0009224535769318244
perfect_790.JPG,0,6.411913870575835,1.890674300083972,0.40501523780433474,0.035849855506615166,0.998249230066316,0.0012852121398451858
perfect_791.JPG,0,5.853058447678262,1.8324419677154244,0.40732413408935864,0.036397734848977605,0.9973365970949647,0.0013247951021364787
perfect_792.JPG,0,5.791354674742279,1.823113532007647,0.4085709473066515,0.03626607105721729,0.9973225811419584,0.0013152279099271338
perfect_793.JPG,0,5.686127749191546,1.8056127280198675,0.4114010272145934,0.03267112516854331,0.997992481794352,0.0010674024197786238
perfect_794.JPG,0,14.698976376651588,1.9064953042710855,0.47517839895463393,0.04052383353616875,0.995050328621538,0.0016421810844671149
perfect_795.JPG,0,5.372558166282537,1.7438571425380993,0.4238716210846032,0.03199507693769963,0.9984932929655941,0.0010236849482493187
perfect_797.JPG,0,5.2554403731396615,1.7127215991316933,0.43187725688147993,0.032083777275909116,0.998961734336008,0.0010293687642901421
perfect_798.JPG,0,5.148520104161084,1.6945288631612798,0.43525997717780707,0.030985547920227376,0.9990471639698753,0.000960104179916707
perfect_799.JPG,0,5.549547477711673,1.7488408617855673,0.4298329724718204,0.030493254673564393,0.9989825958112423,0.0009298385805868567
perfect_8.JPG,0,3.5874519840631764,1.3859692966000252,0.49794885563510416,0.043957811411342196,0.9991958694457032,0.001932289184075126
perfect_80.JPG,0,8.147447518061183,2.1120191946963365,0.3750438497912547,0.03271053477542979,0.9963250994748589,0.0010699790852946017
perfect_801.JPG,0,5.908533101963518,1.824328446874274,0.41406115960780043,0.040070027714481794,0.9984585187245372,0.0016056071210393391
perfect_805.JPG,0,18.86550196824019,2.1948094978419475,0.4543094867331439,0.03795191550572509,0.9951888715338557,0.0014403478905536966
perfect_806.JPG,0,5.437537910257096,1.743212612334959,0.4259235042124464,0.03215047570638749,0.9987897685619189,0.001033653088147012
perfect_807.JPG,0,5.700340857318969,1.770701177842097,0.4250751756465536,0.029838751293561488,0.9990234390260386,0.0008903510787590174
perfect_808.JPG,0,5.34632521752336,1.7238040681781635,0.43078991117026894,0.030903231058027295,0.9990919938288855,0.0009550096898258227
perfect_809.JPG,0,6.454579268728449,1.9228982419467222,0.39446712266624384,0.039495371442169906,0.9961112135213995,0.0015598843653549703
perfect_810.JPG,0,6.246369325186258,1.843105023136982,0.4123783236250073,0.030027007304682465,0.9987006875662517,0.0009016211676754542
perfect_811.JPG,0,4.749169212627968,1.617923567561773,0.44791370960160815,0.03617342570637554,0.9992688065358711,0.0013085167273346706
perfect_812.JPG,0,4.677452944381912,1.595798717192832,0.45482942383004155,0.03069508525226593,0.9993763374004065,0.0009421882586438734
perfect_813.JPG,0,4.78311246002394,1.6140590663021919,0.45122968206337555,0.029938269737802364,0.9992998958138082,0.0008962999948934129
perfect_814.JPG,0,4.712591676939844,1.5920466625573957,0.4602990530428819,0.030540300089463002,0.9993181131835595,0.0009327099295544538
perfect_815.JPG,0,5.203555189294456,1.6877098184774257,0.4378583121295553,0.03137911091282063,0.9992395142813937,0.000984648601679099
perfect_816.JPG,0,16.47655172536998,2.109133826934208,0.45641606475186164,0.0375960010438054,0.9956659064286321,0.001413459294485817
perfect_817.JPG,0,5.229025075485519,1.688685546979686,0.43957489803123817,0.03289431866971619,0.9992130715522661,0.0010820362007448394
perfect_819.JPG,0,5.245218506012041,1.676528470100588,0.4442630202428834,0.03320497794053231,0.9991775591822868,0.0011025705600312373
perfect_82.JPG,0,9.248276282504769,2.2969641000493066,0.35099216806126765,0.036988053737717644,0.9952564520721306,0.001368116119304288
perfect_820.JPG,0,5.316776879991424,1.701912820925122,0.43558241146557347,0.03463505047260085,0.9990714590028786,0.001199586721239608
perfect_821.JPG,0,5.182198482249735,1.673174836075825,0.44332070453618067,0.03765688879573671,0.9990831329189521,0.0014180412737744813
perfect_822.JPG,0,5.057442972700149,1.6530430379124903,0.4493433063803144,0.03871055572898232,0.9990657334985646,0.0014985071248466457
perfect_824.JPG,0,5.2985010652838085,1.6970577955548412,0.43973724521730334,0.0358141282388664,0.9990381021162187,0.0012826517815099677
perfect_825.JPG,0,5.094883957763841,1.6514630344285435,0.45128271305696266,0.03575039762024417,0.9992376651360675,0.00127809093000556
perfect_826.JPG,0,6.917292153478966,1.9204555401919379,0.4184144446672155,0.03339548191663813,0.9989886239162622,0.0011152582124445045
perfect_828.JPG,0,9.921489346403122,1.8724288271485836,0.45928176843081203,0.03979164478723632,0.9960918822157646,0.0015833749948735913
perfect_829.JPG,0,6.544694728492722,1.8650938163225932,0.42696429496423427,0.033992799971556034,0.9990867939840409,0.0011555104499062197
perfect_830.JPG,0,6.37105760195368,1.835334288200027,0.4318074235584941,0.032505142596263394,0.9991285520557384,0.001056584295203417
perfect_831.JPG,0,6.387276155665601,1.8371495621369012,0.4315732406546885,0.03263465582885424,0.9991228599901074,0.0010650207610677703
perfect_832.JPG,0,7.67681770799837,2.084841334919717,0.3774452201334735,0.030619406926400795,0.9983063025906289,0.000937548080524521
perfect_836.JPG,0,7.988011912162984,2.093590334498111,0.3821153275136477,0.038503245997634376,0.9980080355252966,0.0014824999523543477
perfect_837.JPG,0,8.020963019683297,2.1025576738589837,0.38194893389059853,0.03882275236340754,0.9981216889596598,0.0015072061010704659
perfect_838.JPG,0,8.17074801836131,2.12839691146626,0.37760784332058284,0.03933832504448849,0.9979333795330451,0.0015475038173058302
perfect_840.JPG,0,8.026916309819855,2.128122130487134,0.37453197363443447,0.03646432746013473,0.9979052726534027,0.0013296471771199352
perfect_843.JPG,0,7.543774642081305,2.0435884028805003,0.3902340355129164,0.03717274702935785,0.9981952978011931,0.001381813121708633
perfect_844.JPG,0,7.3516354660178225,2.0144985208051964,0.3946657036868009,0.03888508148711883,0.9982214066894732,0.001512049562259872
perfect_845.JPG,0,7.3855229056352325,2.0102131768924045,0.39799153599306275,0.04271753037738363,0.9982951116265659,0.001824787401542693
perfect_847.JPG,0,7.540629901619256,2.0185807657334163,0.4017142204878924,0.05115527091571788,0.9984396298882509,0.0026168617424604914
perfect_848.JPG,0,7.454937761717439,1.9975167548288209,0.40486264699585983,0.05170813969553978,0.9983990350965286,0.0026737317107734565
perfect_849.JPG,0,8.43996353820539,2.12565384697837,0.38461783400258726,0.046004345611127005,0.998080078070071,0.0021163998151080207
perfect_85.JPG,0,9.833864695657459,2.3349524308458567,0.34722417956253426,0.04087756064140208,0.9907922530642619,0.0016709749639915042
perfect_852.JPG,0,8.314947627482296,2.1299198747150587,0.38026541152405635,0.04117651775090495,0.99771151938001,0.0016955056140905904
perfect_855.JPG,0,7.6662854234105815,2.074284598062755,0.38039904116855017,0.035073019648894185,0.997067647075475,0.0012301167072917177
perfect_856.JPG,0,8.07676421447253,2.1133503918615704,0.3761279088071512,0.03381177130026428,0.996945491820663,0.0011432358784613755
perfect_859.JPG,0,7.848582728614201,2.05565637929556,0.38862712285749834,0.03073477145022421,0.9985729265080012,0.0009446261760975173
perfect_86.JPG,0,8.93626772845342,2.2700215514931292,0.3520470255953096,0.04045424592143877,0.9919135771227356,0.0016365460130722456
perfect_860.JPG,0,7.281116796542831,1.9498452696136233,0.41674812482691925,0.057807521344347815,0.9990761588780075,0.0033417095239772284
perfect_861.JPG,0,5.794306227713823,1.6470650466089283,0.4660440199134336,0.0433861660460454,0.9978806917557955,0.001882359404175023
perfect_864.JPG,0,7.982573347875177,2.1537769711878574,0.3645387565589317,0.03442144658238356,0.9971227988822263,0.001184835984823885
perfect_865.JPG,0,8.194809665323243,2.18567099259688,0.36013647372699814,0.033130906451088064,0.9965594478597863,0.0010976569622707486
perfect_866.JPG,0,8.336623447560045,2.2038078770696217,0.3582999637660142,0.03337745535042993,0.9965670514321907,0.0011140545256699433
perfect_868.JPG,0,7.884114387938488,2.1267255597894827,0.36968254630355374,0.033826312358032504,0.9970469355584826,0.0011442194077431827
perfect_869.JPG,0,8.085273604143891,2.154148388874597,0.36677555427265374,0.03140389622217498,0.9974388784226798,0.0009862046979331358
perfect_870.JPG,0,8.063932244213632,2.147079561654554,0.36781530473733526,0.03229229661149531,0.9973436252871203,0.0010427924204447915
perfect_871.JPG,0,7.850546056016464,2.1077677378323725,0.3762453854108518,0.033052825405122194,0.9979845783145662,0.0010924892672614912
perfect_872.JPG,0,4.814939755861399,1.5729938197168807,0.46920686378962123,0.042938506883488346,0.9977262778436197,0.0018437153733833762
perfect_873.JPG,0,7.864778449042814,2.1040624374736496,0.3783508423969188,0.03247080814233778,0.9980681212811954,0.0010543533814165091
perfect_875.JPG,0,7.475187869352085,2.027545202085165,0.3963200369034392,0.041899816937787215,0.9987190532469381,0.0017555946594200807
perfect_876.JPG,0,7.398266334115807,2.0169032730757963,0.39218185284200574,0.0359192336949384,0.9987178975388645,0.001290191349231598
perfect_878.JPG,0,7.033528471373651,1.9734472362459896,0.3989593863261555,0.0357999736302818,0.9987511718416999,0.0012816381119288723
perfect_879.JPG,0,6.973427026836309,1.9759219398710888,0.3973711217305854,0.03564578350970169,0.998668416068363,0.0012706218820205208
perfect_881.JPG,0,10.357295552232728,2.349274091402806,0.3513414609321904,0.040278588600245205,0.9956412397726587,0.0016223646996278032
perfect_882.JPG,0,7.557962764218494,2.08968059530445,0.37343012527811664,0.03198181623715262,0.9980950630415094,0.0010228365698269988
perfect_883.JPG,0,6.597658734305886,1.7002784320713729,0.4620795264062654,0.044820777134476936,0.997754280902581,0.0020089020629384504
perfect_884.JPG,0,4.987411715026333,1.6345551987087417,0.45214015057055146,0.03906359513169765,0.999148019356326,0.0015259644646131926
perfect_885.JPG,0,5.035780759838075,1.6251409634238714,0.45726976878288833,0.03636030170418746,0.9992174932546879,0.001322071540019538
perfect_887.JPG,0,6.804293695646737,1.957658774501397,0.39674864237936075,0.030122968899568822,0.9988241177021697,0.0009073932553243906
perfect_889.JPG,0,7.358503818126925,2.0318156959897387,0.3889794612123353,0.030349165049894888,0.9986450194839119,0.0009210718192257614
perfect_890.JPG,0,7.50288296719689,2.0534833094839966,0.3863056520097064,0.03154835606552095,0.9985464802564217,0.0009952987704368926
perfect_891.JPG,0,7.485632784530624,2.0488777413338477,0.3879238541674724,0.03274162996129811,0.9985676549082791,0.0010720143325225742
perfect_892.JPG,0,13.135578174462806,2.599969082952815,0.3376058644367844,0.03242184074090292,0.9968370070292828,0.0010511757570284728
perfect_893.JPG,0,10.105546656716045,2.3809131504526913,0.35033782661219903,0.03461867591344223,0.9978010248704017,0.0011984527219999455
perfect_895.JPG,0,8.791662423807178,2.2254507033321187,0.36606152793418656,0.03759164633118025,0.9980034131271653,0.0014131318738885375
perfect_896.JPG,0,8.670545756783216,2.2086416105715982,0.36815043011431264,0.03719745507823041,0.998082103835351,0.0013836506642969694
perfect_897.JPG,0,8.679142571690925,2.2100822846771138,0.367887661725829,0.036608902375952025,0.998252605795504,0.001340211733171986
perfect_898.JPG,0,8.67361429325573,2.203421274412074,0.3693105062748528,0.03908124038065763,0.9981314130145065,0.0015273433496907443
perfect_900.JPG,0,9.365161478766053,2.2682487619782625,0.3651575797245056,0.040320731223607485,0.9981046668558059,0.0016257613664063958
perfect_901.JPG,0,8.814975764339973,2.221648598784488,0.3678119978999028,0.03983851296745407,0.9983916830129348,0.001587107115458006
perfect_902.JPG,0,9.627933546548187,2.294684177171094,0.3636183575200595,0.04277519621900669,0.998183132021348,0.0018297174115745243
perfect_905.JPG,0,5.373548662918659,1.6347440059560816,0.4628106567820163,0.0443339318156985,0.9978930777745587,0.001965497510239004
perfect_907.JPG,0,21.786160830725088,2.9542424910319345,0.3382927225655554,0.04700253493309435,0.9962194869642843,0.002209238290136755
perfect_908.JPG,0,21.02151124179118,2.898936035990167,0.33840561162275584,0.042632442122874106,0.9959328671491,0.0018175251213602105
perfect_91.JPG,0,8.891171323986539,2.2771321932099955,0.3504437671156946,0.03572489111769018,0.9958872649956652,0.0012762678453708185
perfect_910.JPG,0,20.404820491314194,2.9115715506892195,0.32911937584929624,0.03771031580299493,0.9935302146706552,0.001422067917961609
perfect_912.JPG,0,9.169076499203234,2.2722493318612837,0.3566359401222521,0.038542531417592285,0.9974176580924663,0.0014855267280760882
perfect_914.JPG,0,7.8810431159381436,1.9949613252191989,0.42453970483414055,0.0983082365140775,0.9993320186396103,0.0096645093665078
perfect_916.JPG,0,6.846452794750853,1.5142947352200247,0.508652796386891,0.052431229752676056,0.9980235928710349,0.002749033853377903
perfect_917.JPG,0,9.890699082559795,2.2946316996984444,0.3582320272282831,0.03862464395780552,0.9962480679099452,0.0014918631208672428
perfect_919.JPG,0,8.289912914192408,2.177273927047827,0.36431250591318287,0.038783387911216875,0.9962452680421603,0.0015041511778719231
perfect_92.JPG,0,9.264244674988033,2.3221572506449153,0.3455154950781401,0.03409171195192034,0.995725248191318,0.0011622448238127081
perfect_920.JPG,0,8.477613891747236,2.1981899961412306,0.36218219926412437,0.03930132622393494,0.9957177788621082,0.001544594242960156
perfect_921.JPG,0,8.13119792448246,2.140706060947114,0.37089361847894997,0.040164132945085224,0.9964841858398564,0.0016131575752304803
perfect_922.JPG,0,7.698402641559659,2.0606152213254156,0.3853969853714361,0.04768488787629523,0.9970637065365897,0.0022738485317748483
perfect_923.JPG,0,7.976962556988303,2.095649293720211,0.379179264779339,0.049430560833582535,0.9963123769769341,0.002443380344322504
perfect_924.JPG,0,9.414149813582151,2.3094924267191175,0.3554314557798545,0.038526131758477404,0.9974388631582892,0.0014842628282715612
perfect_925.JPG,0,9.72630921245382,2.340427059439335,0.3538576902143366,0.03459086399154451,0.997480424500874,0.0011965278716815307
perfect_928.JPG,0,5.685066541155241,1.806051180522056,0.4115003741279856,0.03911370395846346,0.9976219420294066,0.0015298818373503202
perfect_929.JPG,0,5.5714563121973875,1.7872208375766023,0.41449369844449485,0.03699006596484921,0.9979660589150144,0.0013682649800838957
perfect_93.JPG,0,7.414230818702167,2.0747052552504264,0.37384206964422767,0.0448119331960311,0.99370448038136,0.0020081093567655543
perfect_930.JPG,0,5.450523987868719,1.76164012390345,0.4196985521029521,0.032741354906372644,0.998426124155294,0.0010719963211050518
perfect_932.JPG,0,5.4557093182183625,1.7534733388719157,0.4230848160074499,0.03128255545545521,0.9987065328926271,0.0009785982758236304
perfect_934.JPG,0,5.678658926050991,1.7979862339425774,0.4141289390987475,0.03276642099761603,0.9984422101891969,0.0010736383449930127
perfect_936.JPG,0,8.465582928698522,2.2144355701688565,0.3580867220221281,0.03285245498287792,0.9965648531557245,0.0010792837984020202
perfect_937.JPG,0,8.73659407134078,2.254118420888089,0.35302356111162225,0.032582571482130465,0.9957390335418892,0.0010616239643881416
perfect_938.JPG,0,38.513098524235765,2.9843587527469584,0.41198378984349937,0.03396196515286388,0.9952281265985822,0.0011534150770443402
perfect_939.JPG,0,18.431845496494958,2.2096937280711155,0.4455796837514014,0.051193158455946235,0.9948205278954377,0.0026207394726956196
perfect_94.JPG,0,8.015067678075047,2.1476083559321433,0.3654903439736766,0.04712454958334087,0.9915312797433722,0.0022207231734327525
perfect_940.JPG,0,6.942557935129805,1.9249669280268111,0.404045597993615,0.03239830475373968,0.9987914859382521,0.001049650150916191
perfect_941.JPG,0,7.3323608811034635,1.9538991543757722,0.39932159668240536,0.030478028078456995,0.9985293861192255,0.000928910195551213
perfect_943.JPG,0,6.1801014579358435,1.8134555366190037,0.42793442944544835,0.03813202655643444,0.999022957223565,0.0014540514493006215
perfect_945.JPG,0,6.9110486740840775,1.954085896020466,0.40100522312017994,0.03374120502612961,0.998724120413936,0.001138468916615314
perfect_947.JPG,0,6.323727834408786,1.8423115589784267,0.41498504911440054,0.03137903588946709,0.9989590790940943,0.0009846438933524635
perfect_948.JPG,0,6.54586765583353,1.8605488205743854,0.41830953646607594,0.03372012701834539,0.9988678481747214,0.0011370469661333466
perfect_949.JPG,0,8.308166086511461,2.1329885786688676,0.3753740090712149,0.031329207038018225,0.9982385515309952,0.0009815192136310108
perfect_95.JPG,0,69.14957639893873,4.4331930262993335,0.3801334805278466,0.0479298558318539,0.993511482176836,0.0022972710800622993
perfect_950.JPG,0,15.717038731947751,2.1837403240472777,0.43336846514088856,0.047060404978136475,0.9961958201133426,0.002214681716706212
perfect_953.JPG,0,10.240039440728593,2.309641205936788,0.3646783586923348,0.03740031945397774,0.9982263169012194,0.0013987838952595859
perfect_954.JPG,0,5.363980007503887,1.69855907523539,0.4431775366392086,0.04622538583893113,0.9989701390421388,0.0021367862959580544
perfect_955.JPG,0,5.341896975665969,1.6363293602937234,0.46192965482845016,0.055722064409032976,0.9991900613862325,0.0031049484620044197
perfect_957.JPG,0,5.535608786246449,1.7096537157635208,0.44269520748875985,0.04633339030420611,0.9991004692338648,0.0021467830570819
perfect_959.JPG,0,4.168098379071305,1.4715720529381284,0.48957060096137206,0.056275453422735384,0.9994055498248692,0.0031669266579344595
perfect_962.JPG,0,3.845717034267746,1.4337812773579175,0.4882644827431457,0.034368025177490366,0.999407815955515,0.0011811611546006116
perfect_963.JPG,0,9.503422196315949,2.03937999142413,0.4106177448719799,0.0416384619316768,0.9983369531148037,0.0017337615120356982
perfect_964.JPG,0,6.598123526022404,1.812662193367994,0.42643122605543515,0.04643103815724178,0.9987042376020946,0.002155841304359242
perfect_965.JPG,0,7.785082453413375,1.9239004350467204,0.4076351761247881,0.03689581415259173,0.9981933181864464,0.001361301101982588
perfect_969.JPG,0,5.2473862580622095,1.702035987386325,0.43174376763002986,0.038108213277470285,0.9986221028714042,0.0014522359192011623
perfect_97.JPG,0,5.411665639348948,1.7598896080112916,0.41884269275489544,0.043902220523646125,0.9963765527770132,0.001927404966906855
perfect_970.JPG,0,5.242734797931071,1.7093291056975934,0.4290224200513732,0.03824082928774543,0.9984571187321535,0.0014623610246144887
perfect_971.JPG,0,4.852707093852174,1.6618020939415055,0.4344882637510217,0.038038702102139325,0.9982704213671009,0.0014469428576152985
perfect_972.JPG,0,18.479692776169802,2.2939310647478157,0.43301182694283513,0.043319217513903455,0.9962681653085028,0.00187655460601688
perfect_973.JPG,0,3.9933886521591537,1.4839040529917278,0.47137703993503455,0.040734051821223076,0.9986157376473969,0.0016592629777740868
perfect_975.JPG,0,6.413089702703185,1.7586271238677174,0.4325459584969716,0.03619663847876358,0.9982402863199163,0.0013101966371623082
perfect_976.JPG,0,6.002923612227761,1.7788427265905558,0.42270257205461403,0.03553422562385625,0.9983793571359736,0.001262681190687122
perfect_977.JPG,0,5.8501420378410245,1.7440891265119438,0.43078941030606943,0.034355348166238205,0.9987188663475759,0.0011802899476234469
perfect_978.JPG,0,5.7661630576548575,1.7091931535973988,0.4416112703182533,0.03509703716902735,0.9989512509765931,0.0012318020180440874
perfect_979.JPG,0,7.442146156045094,1.8515491281199192,0.4266358673708426,0.03530958062364376,0.9987865565699591,0.0012467664838175991
perfect_98.JPG,0,5.3755785920387344,1.7594532771435207,0.41738897903521444,0.051467482323625774,0.9954700339186278,0.002648901736732731
perfect_980.JPG,0,9.590262703006914,1.9808474477854603,0.41581574316288783,0.03788031771859135,0.9986002375414861,0.0014349184704614258
perfect_983.JPG,0,16.566041001207655,2.3890628461280112,0.4124973415575893,0.04084919586878518,0.9959891733013136,0.0016686568031263763
perfect_984.JPG,0,5.894551754479998,1.7742501697307536,0.4211073593675922,0.03614055306859975,0.9984795714138022,0.0013061395761042747
perfect_988.JPG,0,5.641955878937306,1.7510048730592627,0.42369569781909355,0.035041994129760355,0.9985308871042375,0.001227941352590159
perfect_989.JPG,0,7.485352570974254,1.8962152275285413,0.41139431041997154,0.03498453910124027,0.9984981546319219,0.001223917976126209
perfect_99.JPG,0,6.038517937860677,1.8674589296242698,0.40118931138988284,0.05253374844739488,0.9944947134366914,0.0027597947259341642
perfect_990.JPG,0,5.44616771408408,1.716840138196566,0.43027634885664845,0.034716238308894205,0.99864043893152,0.0012052172023199338
perfect_993.JPG,0,8.175944628003945,2.062567159999571,0.3849462061270085,0.032684030436814934,0.998078503701593,0.001068245845594645
perfect_994.JPG,0,11.42942254459022,1.9101698997255991,0.4587503055770088,0.0739339391016267,0.9968075782989024,0.005466227351083046
perfect_995.JPG,0,7.274333469104838,2.0176862481331423,0.38560101277695424,0.031624103925630996,0.9983949484923704,0.0010000839490991098
perfect_996.JPG,0,11.991722499151345,2.16277179253542,0.3934025294002598,0.030585626807393095,0.9977075345841713,0.0009354805672011231
perfect_998.JPG,0,4.176980824891462,1.4611192626538743,0.4874667269720444,0.0385661790248416,0.9990619437652904,0.001487350164576132
perfect_999.JPG,0,4.2864301937610545,1.4947756985760483,0.48306011643377306,0.038569709328207614,0.9991924147561048,0.0014876224776624253
Porosity_100.jpg,1,49.07323046092184,3.8013026052104215,0.347592872757606,0.03826558698843765,0.9911640055914736,0.0014642551475696885
Porosity_104.jpg,1,40.7855751503006,3.4993627254509017,0.35596730726552994,0.03991020539512099,0.9918795181804206,0.0015928244946807443
Porosity_106.jpg,1,40.046533066132255,3.417571142284569,0.3560251314585653,0.04246371902062416,0.9912712895342247,0.001803167433062518
Porosity_108.jpg,1,149.41888176352708,6.556749498997997,0.33600735517065766,0.040024089336272016,0.9619133588665645,0.0016019277271978832
Porosity_109.jpg,1,159.29327454909821,6.39664128256513,0.4070983375305582,0.04649339713728771,0.9610440313258041,0.002161635977365553
Porosity_111.jpg,1,159.90786773547094,6.500148296593187,0.40496784005141057,0.04369139545028779,0.9652209329694028,0.0019089380363934282
Porosity_113.JPG,1,131.42776753507013,5.537899799599198,0.5097182810598087,0.05960776501646772,0.9859882115373371,0.003553085650258433
Porosity_116.jpg,1,65.75182765531062,4.383474949899799,0.3254852243219616,0.051294565142155545,0.9511943964848932,0.002631132413122839
Porosity_117.jpg,1,77.69664529058116,4.773503006012024,0.3274259143036696,0.04917617495850469,0.9507943940515394,0.0024182961835494637
Porosity_120.jpg,1,62.176268537074144,3.9324448897795596,0.41328665894534794,0.04833098543456041,0.9859212869149203,0.0023358841530756905
Porosity_122.jpg,1,35.10784368737475,2.8049979959919846,0.5109136817653153,0.04093836242786254,0.9962104840885988,0.0016759495182750274
Porosity_129.jpg,1,9.315258517034069,1.418320641282565,0.6179886285516455,0.06178385886202534,0.9986356579668373,0.0038172452158826667
Porosity_13.JPG,1,83.94004408817635,4.871058116232465,0.2944995785149396,0.04221604682653508,0.9793542497256603,0.0017821946096602023
Porosity_146.JPG,1,17.764665330661323,1.9659959919839678,0.5853867373032018,0.06558528285822257,0.9979288000207855,0.004301429327593063
Porosity_151.jpg,1,134.30045290581162,7.134753507014028,0.20704070876824435,0.025559018617250885,0.9637155565002974,0.0006532634326769773
Porosity_152.jpg,1,122.10833667334668,6.785819639278556,0.2087371822073685,0.02690611298400362,0.9626459789896475,0.0007239389159079682
Porosity_155.jpg,1,44.557174348697394,4.081559118236473,0.2848058372599248,0.04432350167701606,0.9861305269585546,0.0019645728009124457
Porosity_163.jpg,1,63.13286573146292,4.7976352705410825,0.2543361433069104,0.03335703506588066,0.9837872294679019,0.001112691788386392
Porosity_170.jpg,1,136.62743086172344,6.350236472945891,0.3515836121921719,0.0359240305888845,0.9788441873653351,0.0012905359737511092
Porosity_178.jpg,1,121.6545851703407,5.169799599198396,0.49457308904553954,0.07513243004622187,0.9892734677096003,0.0056448820446504235
Porosity_185.jpg,1,56.45724649298598,3.064533066132264,0.5756876889771683,0.08094768486268011,0.9934268708744501,0.006552527684627772
Porosity_19.JPG,1,258.1179158316633,9.58984368737475,0.2515985187466568,0.021525257664502483,0.9625825041778823,0.00046333671752322287
Porosity_191.jpg,1,87.36727855711422,4.018396793587175,0.5420277760652591,0.09634552247491866,0.993072606945841,0.009282459700965058
Porosity_195.jpg,1,75.42231663326653,3.669210420841684,0.5952098669087743,0.06671505351770331,0.9935144730554214,0.004450898365870017
Porosity_197.jpg,1,73.85456513026053,3.4570340681362732,0.6166840406357068,0.07124014962814498,0.9920930923547662,0.005075158919040487
Porosity_202.jpg,1,53.997338677354705,3.836521042084169,0.4239800387817513,0.034367005337375744,0.9902566160968899,0.001181091055859213
Porosity_203.jpg,1,84.01015631262524,3.7416593186372746,0.567189593721727,0.10516779306295315,0.9922230967854077,0.011060264697732136
Porosity_21.JPG,1,202.03222044088176,8.59506613226453,0.2531069162222612,0.02100670008994466,0.967401455607462,0.0004412814486688809
Porosity_221.jpg,1,26.035719438877756,2.286949899799599,0.6154156529993897,0.147995332111638,0.998550369059357,0.02190261832683403
Porosity_227.jpg,1,14.569675350701399,1.6239839679358712,0.6682482884422398,0.14200589665234825,0.999107637763553,0.02016567468403741
Porosity_234.jpg,1,21.004669338677356,1.574184368737475,0.7184832591560167,0.16841519315797077,0.9988792776782506,0.0283636772864366
Porosity_235.JPG,1,51.35576352705411,2.518529058116232,0.7149190446012608,0.10213890332713185,0.9952814211059706,0.010432355572869187
Porosity_236.jpg,1,73.30834468937876,4.067575150300601,0.3198711412180206,0.04204874222260544,0.9800414392029101,0.0017680967225031218
Porosity_238.jpg,1,70.71825651302605,3.962184368737476,0.3328368362011905,0.04341945517107582,0.9822151669366511,0.0018852490873530632
Porosity_24.JPG,1,58.39099398797595,4.455795591182365,0.28186791279791534,0.03423290732919217,0.9872752245289644,0.0011718919442090595
Porosity_243.jpg,1,57.92064128256512,3.402605210420842,0.38983886962841324,0.050219847352817475,0.9888584174429565,0.002522033068140288
Porosity_252.jpg,1,106.22741883767532,4.10930260521042,0.5777081543022944,0.07816620511876077,0.9917397636120199,0.006109955622668181
Porosity_257.JPG,1,39.74317034068136,2.1239158316633264,0.6575034167579841,0.08699093473006218,0.9965825265767853,0.007567422725209939
Porosity_264.jpg,1,66.61281763527056,3.29737875751503,0.6059574179642411,0.07623265268684642,0.994501928655202,0.005811417335673353
Porosity_265.jpg,1,17.99393587174349,2.482104208416834,0.399422674140672,0.04656410564883389,0.9964954760420136,0.0021682159348757643
Porosity_267.jpg,1,20.64224048096192,2.4599799599198398,0.43651214719327064,0.05311215431651044,0.9967282326302451,0.0028209009361408184
Porosity_27.JPG,1,136.1962845691383,6.919979959919839,0.27065503680692515,0.023092576106112143,0.9817934237389763,0.0005332670712165815
Porosity_270.jpg,1,29.98373146292586,2.925182364729459,0.41725720907317787,0.04363478826588997,0.9953241202666527,0.0019039947470090488
Porosity_276.JPG,1,296.6347735470942,8.430821643286574,0.5159599300699502,0.04697524466942735,0.9591846538421606,0.0022066736117525632
Porosity_282.JPG,1,37.462709418837676,1.844488977955912,0.7887091977440638,0.09998001085352413,0.9957081850626354,0.009996002570270803
Porosity_283.JPG,1,77.0163006012024,3.3814549098196394,0.61805733947617,0.08460619476099236,0.9924029787745544,0.007158208191934972
Porosity_286.JPG,1,137.1022725450902,4.962569138276552,0.6183910596250654,0.07540908559743849,0.9862344109980785,0.005686530190641805
Porosity_288.JPG,1,109.19064929859721,4.51588376753507,0.600785485386192,0.08893027473635552,0.9834364997445298,0.007908593764683674
Porosity_29.JPG,1,127.44137074148298,6.6347174348697395,0.24788385318024256,0.016996000844984444,0.9790844940527238,0.0002888640447227119
Porosity_290.JPG,1,98.47404008016034,3.8792745490981972,0.6603193265660374,0.1510328870948473,0.9903304344895199,0.02281093298420489
Porosity_299.JPG,1,206.88276953907817,9.984829659318638,0.12727607139253894,0.02224970384268213,0.8019135844041936,0.0004950493210870641
Porosity_303.JPG,1,60.984248496993985,3.8174509018036074,0.39531397910433264,0.05271692735184746,0.9857489476461864,0.0027790744294199626
Porosity_305.JPG,1,490.0838557114228,13.317899799599198,0.3204786966337444,0.052136195592234806,0.9412811408262918,0.002718182890831764
Porosity_307.JPG,1,1.2812985971943887,0.37229659318637276,0.8744905727256321,0.13643552790415273,0.9998979788322913,0.01861465327448484
Porosity_309.JPG,1,22.561194388777558,2.801402805611223,0.36746847262245363,0.05695354466734887,0.909417910719282,0.0032437062501757034
Porosity_310.JPG,1,11.883198396793588,1.522733466933868,0.5975964663199909,0.059511388346688995,0.9960127144714125,0.0035416053429504304
Porosity_313.JPG,1,311.3196753507014,10.369070140280561,0.2927825151958882,0.03266762215796664,0.9247056636547364,0.0010671735374556729
Porosity_314.JPG,1,51.27966733466934,3.595170340681363,0.3928807316784693,0.050535598815126585,0.9881825687932747,0.002553846747603424
Porosity_318.JPG,1,0.3625170340681362,0.28615631262525043,0.8644292842502908,0.0839469977385944,0.9998653790989662,0.007047098429323575
Porosity_325.JPG,1,55.59723847695393,3.9479879759519045,0.3500970412686625,0.04538080740856745,0.9878935240409116,0.0020594176810534905
Porosity_327.JPG,1,48.71307815631263,3.994480961923847,0.3622370750677473,0.0416326504708814,0.9470571342016735,0.001733277585230581
Porosity_33.JPG,1,269.13286172344687,10.098585170340682,0.20099616149785268,0.016393337031554142,0.9643572955982586,0.0002687414990301244
Porosity_331.JPG,1,41.744817635270536,3.2996793587174342,0.4725654052672485,0.04421520741020043,0.9867166557933407,0.001954984566327043
Porosity_333.JPG,1,88.42864529058117,5.442873747494992,0.37359191428140737,0.032477982358437046,0.9834832485073073,0.001054819338074948
Porosity_334.JPG,1,37.225162324649304,3.1287775551102204,0.4721334691593997,0.04603451467605228,0.9860606907367722,0.002119176541459673
Porosity_335.JPG,1,9.343102204408817,1.21623246492986,0.692551418765398,0.0648942099490061,0.9944914774069082,0.004211258484905683
Porosity_340.JPG,1,8.928180360721443,1.6177194388777556,0.58351323668471,0.06510329875110067,0.9938590421494238,0.004238439508275067
Porosity_342.JPG,1,20.617895791583166,2.192701402805611,0.5595020851586282,0.06491849432927645,0.9868073763189112,0.004214410905980299
Porosity_344.JPG,1,12.99488977955912,1.9323486973947896,0.5567798862405906,0.06616391014268623,0.9897595191421719,0.004377663005369457
Porosity_346.JPG,1,33.27264128256514,2.8524408817635276,0.5323990013613005,0.061367516165092846,0.9811885769793222,0.003765972040272932
Porosity_35.JPG,1,48.02620040080159,3.7214468937875744,0.34127850663173115,0.04227191796611482,0.9891396393308711,0.0017869150485339408
Porosity_39.JPG,1,194.37324248496995,8.583519038076155,0.216103292910962,0.01975951619262846,0.9791673845577188,0.0003904384801667463
Porosity_41.JPG,1,135.1273426853707,6.24922645290581,0.31248741690299703,0.029163720618447193,0.967747744914257,0.000850522600310842
Porosity_47.JPG,1,15.414905811623248,2.357174348697395,0.4217971149769642,0.04059334219356734,0.9963179642415256,0.0016478194304440546
Porosity_50.JPG,1,66.22816833667335,4.298725450901804,0.4447868159964559,0.0438040325300137,0.9693186347876763,0.0019187932658904984
Porosity_51.JPG,1,86.35656513026052,4.8288456913827655,0.43828885944841817,0.0469388003137669,0.9646630441770649,0.0022032509748956836
Porosity_54.JPG,1,42.69548697394791,2.931599198396794,0.5139109347047186,0.040196400478691226,0.9932823266412233,0.001615750611443328
Porosity_55.JPG,1,60.63860120240481,3.7760280561122244,0.43950980232837034,0.03275562694656084,0.9912739289242583,0.0010729310966622627
Porosity_56.JPG,1,59.073631262525055,3.7281963927855712,0.44286728925589697,0.03300320239960119,0.9900035538686115,0.0010892113686290417
Porosity_59.JPG,1,44.08403206412825,3.1455871743486967,0.3993504678240148,0.03337335915488157,0.9915175792036484,0.0011137811012807174
Porosity_74.JPG,1,10.770569138276553,1.5411182364729463,0.5789701813125046,0.09895262174858366,0.9986669841667515,0.009791621350918272
Porosity_81.JPG,1,30.84056112224448,2.5643366733466935,0.4657719174434854,0.03324852338634393,0.9955100491854133,0.0011054643073722592
Porosity_84.JPG,1,33.478793587174344,3.0838997995991977,0.3868726819845557,0.02838335535105908,0.994893698060511,0.0008056148609844941
Porosity_85.JPG,1,31.807855711422846,3.216817635270541,0.36309154150098905,0.02719086034264359,0.9943772483316264,0.0007393428861731479
Porosity_88.jpg,1,59.7884128256513,3.187074148296593,0.5951056275588553,0.06506445437687577,0.9946593052715148,0.004233383223360549
Porosity_89.jpg,1,32.80264128256513,2.9808937875751504,0.4129336118470884,0.05085275626026367,0.9943863417071799,0.0025860028192657863
Porosity_9.JPG,1,8.816829659318637,1.5854709418837676,0.553635011077637,0.05322128124246211,0.9977285436371566,0.0028325047770892493
Porosity_94.jpg,1,46.41402805611223,3.6456432865731467,0.36033526788176906,0.04463800168660686,0.9920351277287802,0.0019925511945735165
Scabs_1.JPG,1,116.371751503006,5.446517034068137,0.43172451393809347,0.03132709520572468,0.9781255436426526,0.0009813868940285382
Scabs_10.JPG,1,27.06656913827656,2.561462925851704,0.5006868485966373,0.08360666490999279,0.9974230796557344,0.00699007441737182
Scabs_100.jpg,1,98.61750300601203,4.77380761523046,0.3439990486857214,0.03007231362584291,0.9890591159592976,0.000904344046811057
Scabs_108.jpg,1,40.18248096192385,2.921655310621243,0.457615519865601,0.052575935742129834,0.9954490874582037,0.002764229019160565
Scabs_112.JPG,1,105.41961523046092,5.3641523046092185,0.43099322600359663,0.032957328003566405,0.9814686628061307,0.0010861854691346623
Scabs_113.JPG,1,29.668941883767534,1.630609218436874,0.7927540061904631,0.22800445692437682,0.9974300321547852,0.05198603237738001
Scabs_117.jpg,1,41.6267254509018,3.1364569138276552,0.42774005791085157,0.03826328931127639,0.9949909775099097,0.0014640793089184382
Scabs_119.jpg,1,91.56084569138274,4.513086172344689,0.36362214197746884,0.03518956397041688,0.9895185005581336,0.0012383054124280618
Scabs_12.JPG,1,26.12425651302605,2.853819639278557,0.4243977216961512,0.02971919293644191,0.9956951291956276,0.0008832304287934587
Scabs_120.jpg,1,86.30359919839678,4.271895791583166,0.3789771640284771,0.042363975152685876,0.987627472915912,0.0017947063907373865
Scabs_122.jpg,1,96.16612825651305,4.563755511022045,0.35790995834527867,0.03788024763635161,0.9889251236440869,0.0014349131609913217
Scabs_126.JPG,1,31.564036072144294,1.7437795591182368,0.7480596125256092,0.08248496317221393,0.9955641206254486,0.006803769149521488
Scabs_127.JPG,1,157.6309579158317,6.4738997995992005,0.4110930031932903,0.033295747126016136,0.9759645699021815,0.001108606776679612
Scabs_130.JPG,1,90.26730260521043,4.597915831663327,0.4863496225225945,0.04244282071858653,0.9901884722920967,0.001801393030550078
Scabs_132.JPG,1,143.34715831663323,5.798813627254508,0.5107470371395371,0.06658213567045286,0.9650892084255834,0.004433180790438591
Scabs_133.JPG,1,48.15485370741483,3.38524248496994,0.5119167975530777,0.045587397319151256,0.9950099232910142,0.0020782107943341593
Scabs_134.JPG,1,28.75054108216433,2.5343006012024047,0.5590213132845426,0.052772732593416874,0.9959740398515465,0.0027849613053762836
Scabs_140.JPG,1,30.19535470941884,2.350881763527054,0.6270338671892861,0.13753531953874984,0.9972668991127499,0.01891596412062602
Scabs_141.JPG,1,44.41634468937877,2.570308617234469,0.6684728041334604,0.13832013573576352,0.9960800391287872,0.019132459949960042
Scabs_145.JPG,1,49.59045691382766,2.921759519038076,0.5930478279162064,0.1073239392775743,0.9952401147340074,0.011518427942056457
Scabs_147.JPG,1,72.01818837675351,3.0315511022044093,0.6446140363332126,0.06430044468397932,0.9914073912368758,0.0041345471865574844
Scabs_148.JPG,1,44.283747494989974,2.471755511022044,0.6563280643552075,0.0665844855268602,0.9948012317854167,0.004433493712876655
Scabs_149.JPG,1,229.7580200400802,7.038476953907817,0.3989626353381386,0.03185043785830103,0.9662863355126882,0.0010144503917654953
Scabs_157.JPG,1,69.46063326653307,3.6000881763527053,0.41362305874633026,0.044751036394843596,0.9923378707950161,0.0020026552584126163
Scabs_17.JPG,1,43.553274549098205,3.196833667334669,0.415715251498861,0.03610974682280626,0.9927946978173113,0.0013039138156071667
Scabs_170.JPG,1,27.115298597194386,2.5907935871743484,0.5459481759685906,0.04677257556093222,0.9959469792168234,0.002187673824603114
Scabs_171.JPG,1,11.255386773547094,1.4470100200400804,0.6649280443598988,0.057385647663687596,0.9985944971192688,0.003293112557780894
Scabs_172.JPG,1,13.316613226452906,1.6138396793587175,0.6447599850645445,0.056834684522160187,0.998244545326175,0.0032301813647334747
Scabs_174.JPG,1,17.794012024048097,2.0584689378757517,0.581895572687057,0.053474951026321854,0.9972848456367143,0.002859570387267521
Scabs_177.JPG,1,14.58139078156313,1.8413907815631265,0.6005754115331662,0.06078050613993603,0.997695144431311,0.003694269926626802
Scabs_179.JPG,1,17.138981963927858,2.0005450901803608,0.5890340226705497,0.06292215713596552,0.997199679664373,0.003959197858643138
Scabs_18.JPG,1,53.6789739478958,3.8728977955911823,0.34588025129395933,0.03187165150206683,0.9902375888374475,0.001015802169469199
Scabs_181.JPG,1,299.89745490981966,8.615891783567136,0.2690118215925404,0.030159217950667658,0.9584568205334477,0.0009095784273958742
Scabs_182.JPG,1,298.52740280561125,8.783362725450905,0.261700943850158,0.029151434567182968,0.9598734364380374,0.00084980613732475
Scabs_183.JPG,1,316.6343927855712,9.221951903807618,0.25315407859897304,0.027301508455878587,0.9593508266944593,0.0007453723639664101
Scabs_184.JPG,1,233.9751863727455,7.880517034068136,0.26776017898675203,0.02788594486799828,0.9708845852237201,0.0007776259211810395
Scabs_188.JPG,1,169.49182765531066,6.301078156312626,0.31119550966353426,0.030903629903743436,0.9788032146209635,0.0009550343412275456
Scabs_189.JPG,1,180.1323486973948,6.630216432865733,0.2986659493274749,0.029636489480857228,0.9780001110639225,0.0008783215087489612
Scabs_192.JPG,1,165.93928657314632,6.657018036072145,0.29695681102366556,0.02999299412307952,0.9830587651019842,0.0008995796964670828
Scabs_193.JPG,1,144.11126653306616,6.224348697394791,0.3098037282802149,0.031165312475571194,0.9863910387084552,0.0009712767016999936
Scabs_201.JPG,1,154.1460881763527,7.130120240480962,0.2622346868680611,0.031646218457155054,0.9451765442861405,0.0010014831426379813
Scabs_203.JPG,1,41.88492585170341,3.717527054108216,0.35129789842236253,0.03021896534832764,0.9921154682291956,0.0009131858667234267
Scabs_204.JPG,1,30.58573547094189,3.1247815631262528,0.3756964982621723,0.03401307692712605,0.9938402969474709,0.0011568894020505946
Scabs_206.JPG,1,27.78345490981964,2.9717274549098196,0.3853653983103724,0.038396653641056815,0.9951514391278741,0.0014743030108312818
Scabs_207.JPG,1,14.763298597194389,2.2321082164328656,0.44990790071837194,0.0404086356601198,0.9965323441159707,0.0016328578359123052
Scabs_21.JPG,1,23.21003607214429,2.7967454909819645,0.395449846327887,0.0337373196642168,0.9952064921610468,0.0011382067381255495
Scabs_23.JPG,1,18.664957915831664,2.5437234468937877,0.43364348635011785,0.04139608999073485,0.9969079411889771,0.001713636266521018
Scabs_24.JPG,1,54.251935871743484,2.049298597194389,0.8153504011323944,0.21644349059128315,0.994920872861944,0.04684778461933888
Scabs_29.JPG,1,95.8741362725451,5.669350701402806,0.2798443047149886,0.025084984287839167,0.9776684294491585,0.0006292564367211379
Scabs_3.JPG,1,6.620196392785573,1.141174348697395,0.6661707417804881,0.10923339861852475,0.9992725145281511,0.011931935373753526
Scabs_30.JPG,1,41.93836072144288,4.026505010020039,0.301731479756146,0.02817603029487971,0.9907179780738943,0.0007938886831779791
Scabs_35.JPG,1,109.53880961923846,5.144925851703405,0.44824128605082514,0.1293484336863778,0.9851002531829982,0.016731017297119278
Scabs_36.JPG,1,21.81501402805611,2.6841683366733466,0.42683610038062186,0.03184862865569575,0.9944332638139004,0.0010143351472484048
Scabs_37.JPG,1,30.34938276553106,3.05809619238477,0.40484531426393133,0.031192432600467904,0.9924460675611239,0.0009729678515347328
Scabs_38.JPG,1,26.07800801603206,2.86664128256513,0.4024525206512137,0.031263640209287,0.993543880240991,0.0009774151991357467
Scabs_41.JPG,1,37.45033266533067,3.4484889779559125,0.37381963518221945,0.0298068000889873,0.9907847326708292,0.0008884453315448535
Scabs_42.JPG,1,39.79105010020041,3.4929739478957917,0.3856184441876733,0.03133329011094158,0.9904722536424124,0.0009817750691764294
Scabs_43.JPG,1,57.5617875751503,4.168456913827655,0.35373394682487447,0.028533464876121795,0.9859772334450089,0.0008141586178368762
Scabs_44.JPG,1,51.46020841683367,3.9913827655310623,0.35081953713926106,0.027193974533981157,0.9880449923545008,0.0007395122509548157
Scabs_45.JPG,1,28.116188376753506,2.879370741482966,0.42649834598545655,0.035751950984369486,0.9933388347673503,0.0012782019991887585
Scabs_48.JPG,1,22.854821643286574,2.7778677354709416,0.4072938330995509,0.03141637494211508,0.9959147873484806,0.000986988614503556
Scabs_53.JPG,1,88.99259719438876,5.794104208416833,0.2681140691909429,0.026246555797631577,0.9837616724857988,0.0006888816912381877
Scabs_6.JPG,1,15.42442885771543,1.5670981963927857,0.6272702831868664,0.07117380469708172,0.9985513582290633,0.005065710475058331
Scabs_61.JPG,1,34.69319438877756,3.5306933867735477,0.34707881504522314,0.025723404740265635,0.993821768394219,0.0006616935514315205
Scabs_63.JPG,1,38.71392384769538,3.1407615230460917,0.48206999641021336,0.044974862022053544,0.9930097550713379,0.002022738213902754
Scabs_64.jpg,1,93.33274549098199,4.4452745490981975,0.3612590486921597,0.03147624993901996,0.9901805671326034,0.000990754310223654
Scabs_66.jpg,1,89.71110621242485,4.592677354709419,0.3423328984466761,0.03215679532703588,0.9883681542619721,0.0010340594857048764
Scabs_68.JPG,1,53.85996392785571,2.2458316633266535,0.7332456610703386,0.17831085244977393,0.9939811340781907,0.031794760101365054
Scabs_7.JPG,1,12.388120240480962,1.785955911823647,0.5633238408227288,0.0632603339854,0.9989780684120324,0.0040018698559443535
Scabs_71.jpg,1,86.25761122244488,4.460496993987976,0.3543313399047134,0.0317226623712837,0.9883747343439557,0.0010063273079224584
Scabs_72.jpg,1,82.9699358717435,4.445671342685371,0.3504029698807713,0.03134206776116304,0.9885391691967104,0.0009823252115453353
Scabs_73.jpg,1,81.74007615230462,4.41543486973948,0.3534979591249836,0.034945236148002226,0.9888532092953828,0.0012211695294396415
Scabs_75.jpg,1,81.31810420841683,4.335939879759519,0.36957829462874076,0.038260100546576734,0.988803616121756,0.0014638352938341611
Scabs_77.jpg,1,84.51038877755511,4.478236472945892,0.3632011748966962,0.03995156916823796,0.9881347982166158,0.0015961278790045017
Scabs_78.jpg,1,74.96386773547093,4.266240480961923,0.3644701951697503,0.04116462763303456,0.9889318388985835,0.0016945265681663922
Scabs_79.JPG,1,125.0201402805611,5.847859719438876,0.4215546933402088,0.0653855180511663,0.975583538467393,0.004275265970819393
Scabs_82.jpg,1,64.80390380761523,3.801386773547094,0.38710284173839693,0.046875525193743786,0.9887248180622833,0.0021973148621893084
Scabs_85.jpg,1,69.07215631262524,4.688412825651302,0.2528369560882895,0.04125611425699822,0.9792991329421736,0.0017020669635864915
Scabs_89.jpg,1,68.98124248496993,4.509723446893788,0.2753176809642691,0.04363118124906598,0.9807655781428019,0.0019036799771888467
Scabs_91.jpg,1,71.20880160320641,4.703326653306614,0.26055623759692276,0.041267506933245046,0.9804271824416128,0.001703007128485428
Scabs_95.jpg,1,124.62367134268538,6.113242484969941,0.2733274228698017,0.029296788596722273,0.9821648915512702,0.0008583018220810362
Scabs_97.jpg,1,102.17008016032064,5.483114228456913,0.289906323765598,0.030332807660442173,0.9839941427328148,0.0009200792205653793
Scabs_98.jpg,1,92.76945490981963,5.116092184368737,0.3185724351148908,0.03156333848578327,0.9854241117910676,0.0009962443363681272
Scabs_99.jpg,1,28.173619238476956,2.8867254509018037,0.3736433288068119,0.044058522911587024,0.9940803269418995,0.0019411534411508387
Shrink_100.jpg,1,76.4307655310621,5.739519038076152,0.25421796880973424,0.01988718326542745,0.9872061690098728,0.00039550005823269765
Shrink_103.JPG,1,261.55567535070134,10.275507014028054,0.20063525066786908,0.02066119766167741,0.9574249673236674,0.0004268850888149041
Shrink_107.JPG,1,248.72057715430861,10.495839679358717,0.18382024044285536,0.02013013373646222,0.954126175404826,0.00040522228424785437
Shrink_111.JPG,1,29.121198396793588,3.351587174348697,0.3601711987686667,0.034605331696305384,0.9904145256771384,0.001197528981811318
Shrink_112.JPG,1,345.9465050100201,12.975931863727457,0.1507126717583671,0.020765393361058978,0.9015730399843985,0.0004312015614395123
Shrink_117.JPG,1,16.216436873747497,2.0699679358717438,0.5032390705240968,0.03864274516605749,0.9984589694304953,0.0014932617539688596
Shrink_120.JPG,1,36.62703406813626,2.8908577154308612,0.4726109661925245,0.04159517609124343,0.996477032682357,0.0017301586740615486
Shrink_121.JPG,1,20.39976352705411,1.7758436873747494,0.6214245566431307,0.07461261833690798,0.9977539370829358,0.005567042815089096
Shrink_122.JPG,1,29.323655310621245,2.042108216432866,0.5885814282628614,0.06872484748786477,0.9905366817863478,0.004723104662230272
Shrink_125.JPG,1,33.220224448897795,2.1898436873747493,0.5816264265134584,0.06369069168104877,0.9927360155492273,0.004056504206810414
Shrink_13.JPG,1,365.74668537074155,12.302020040080162,0.16999272750792033,0.017264791333435486,0.94535255141119,0.0002980730197870691
Shrink_131.JPG,1,27.906661322645288,1.8788617234468936,0.6239232589018632,0.06839182507567536,0.9930310751844705,0.0046774417371817775
Shrink_133.JPG,1,16.112817635270538,1.3453386773547091,0.7508575091479305,0.06191130801558435,0.9972112989309988,0.0038330100602005594
Shrink_134.JPG,1,11.611202404809617,1.2364208416833666,0.7332545225373627,0.0609113407912039,0.997801515919526,0.0037101914369821807
Shrink_136.JPG,1,13.316893787575152,1.338312625250501,0.7277039832996206,0.061021221419241774,0.9974325906725164,0.003723589463496131
Shrink_137.JPG,1,11.744292585170342,1.2642765531062128,0.727938289823594,0.06044437950681436,0.9977750984956866,0.0036535230139638003
Shrink_14.JPG,1,52.62726653306613,2.3930220440881764,0.7114605317010434,0.12920498874559966,0.9932122457520152,0.016693929116750533
Shrink_145.JPG,1,31.185763527054107,2.129547094188377,0.6876520856639885,0.08509930254478741,0.9957988714415665,0.007241891293609262
Shrink_148.JPG,1,73.43069739478958,3.3326052104208412,0.5608343548610679,0.07451233422363046,0.9895478544702795,0.005552087951454012
Shrink_150.JPG,1,69.79541082164327,3.15334268537074,0.6125455573275778,0.08806650764186041,0.9899982954162345,0.007755709768233859
Shrink_153.JPG,1,5.5800360721442885,1.1948577154308617,0.6449205639147912,0.07100668349251373,0.9981781426869974,0.005041949100606021
Shrink_154.JPG,1,33.052228456913824,2.4373507014028055,0.5923253528903993,0.06848782758841905,0.9905423691326727,0.004690582527781014
Shrink_157.JPG,1,483.16187575150303,14.380160320641282,0.14176617717273024,0.017882172386729688,0.9103103011964481,0.0003197720892687178
Shrink_160.JPG,1,106.18608817635268,4.783370741482966,0.42660252649850966,0.05622983230446083,0.9860359318652758,0.0031617940409877873
Shrink_163.JPG,1,120.92850100200403,4.866617234468937,0.4561975573744629,0.05965928484445262,0.9838184679282412,0.0035592302681515336
Shrink_166.JPG,1,77.41886973947896,4.118605210420842,0.4405018827055418,0.04552167213145889,0.9894417518171221,0.002072222633644041
Shrink_168.JPG,1,356.78150300601203,12.141310621242487,0.15275054024311238,0.01799296206154668,0.9378941250964864,0.0003237466837482581
Shrink_169.JPG,1,51.27422044088175,3.3616993987975947,0.46390135767750534,0.04348996591205361,0.9932478983676345,0.0018913771350315852
Shrink_170.JPG,1,39.51884168336672,3.089350701402805,0.4628428607516011,0.03757555719218571,0.9945006632307783,0.0014119224983032191
Shrink_173.JPG,1,10.538817635270542,1.5708817635270544,0.5982193900251996,0.05981354201679705,0.9990505083752653,0.003577659808595146
Shrink_177.JPG,1,14.53048897795591,1.8048056112224449,0.5854418739571301,0.06468547976419535,0.9986447134316032,0.004184211292324127
Shrink_179.JPG,1,163.81970741482965,7.580428857715431,0.2346705589723635,0.026044799500047348,0.9692769414045768,0.0006783315809976667
Shrink_182.JPG,1,110.1550501002004,5.014561122244489,0.40016749161638426,0.04808859567594172,0.9887855759669922,0.0023125130340842003
Shrink_183.JPG,1,102.565374749499,4.884212424849699,0.4063191480426918,0.049490081060968076,0.9893999728671812,0.002449268123421191
Shrink_184.JPG,1,92.27698196392787,4.752685370741483,0.4099189170880373,0.04944714605445608,0.9903830293376972,0.0024450202529307115
Shrink_185.JPG,1,76.82410821643286,4.371050100200401,0.4156867796858814,0.0479616394440098,0.991991339855006,0.0023003188581571968
Shrink_188.JPG,1,65.44220440881763,3.659839679358717,0.42508606443820623,0.039009122827981906,0.992404567240618,0.001521711663808579
Shrink_189.JPG,1,79.5634629258517,4.2538677354709415,0.40331316048778854,0.03438911330656245,0.9902851005509867,0.0011826111140115904
Shrink_2.JPG,1,287.98313026052097,10.4556753507014,0.1849655546717413,0.021095908829150592,0.9520571338116266,0.0004450373693278339
Shrink_22.JPG,1,34.294208416833676,2.1776232464929866,0.6649592875830244,0.08236618827606769,0.9972431727092484,0.0067841889711286315
Shrink_23.JPG,1,23.868905811623243,1.8203046092184367,0.6793417648165245,0.08258612186213135,0.9980904626017996,0.006820467524226811
Shrink_25.JPG,1,23.585987975951905,1.9739238476953904,0.625163023439903,0.06259521415168609,0.9979388971680279,0.003918160834695443
Shrink_26.JPG,1,21.377675350701406,1.8312064128256518,0.6535050185164017,0.0669106316093261,0.9982233432707358,0.004477032622358949
Shrink_29.JPG,1,16.676032064128258,1.6767855711422845,0.650690836501319,0.05864449161585374,0.9986161582092155,0.00343917639688194
Shrink_30.JPG,1,7.123691382765531,1.0235310621242486,0.7247393523581146,0.0670717796095009,0.9994255850435207,0.004498623619985462
Shrink_32.jpg,1,38.913486973947904,2.786817635270541,0.5989114564816471,0.07287978087227019,0.9958181491209284,0.005311462459990121
Shrink_36.jpg,1,95.7666533066132,5.469042084168335,0.37525122493162,0.04177894641482329,0.9833929531241931,0.001745480363532676
Shrink_38.jpg,1,70.19240881763527,4.277458917835671,0.4333500533733085,0.0566777906974641,0.9927655235559484,0.003212371958345548
Shrink_39.jpg,1,60.729655310621254,4.033815631262526,0.41127058776638964,0.04725210491215012,0.9944291486024525,0.002232761418628842
Shrink_40.jpg,1,59.17357915831664,4.065490981963929,0.3909343710268428,0.0334908874713151,0.993706321241903,0.0011216395436162909
Shrink_41.jpg,1,62.43606412825652,4.855390781563126,0.309211278168573,0.022178231315444167,0.9909940681950943,0.0004918739442813483
Shrink_42.jpg,1,48.48013627254508,4.222533066132264,0.35508050311894196,0.030813452085776627,0.9925438048425246,0.000949468829442452
Shrink_43.jpg,1,55.169751503006005,4.3510020040080155,0.33437315987958294,0.030277263547104978,0.9912447252707254,0.0009167126879008518
Shrink_45.jpg,1,40.28719438877756,3.647490981963928,0.3722456915819739,0.04025207309738212,0.9899993408806477,0.0016202293886369936
Shrink_5.JPG,1,83.92492985971946,3.3961923847695403,0.6180457633001298,0.06963876633654849,0.9856743591389705,0.004849557776876399
Shrink_50.jpg,1,98.9684488977956,5.6700200400801615,0.4028167009479834,0.07905392690653602,0.9883094371629685,0.00624952335934394
Shrink_53.jpg,1,68.4456392785571,3.132300601202404,0.4988724308892317,0.07031681071879733,0.9830432913793452,0.004944453869663172
Shrink_56.jpg,1,78.63082965931862,4.055022044088176,0.431011208570502,0.038509275106392245,0.9933963136006012,0.0014829642692198016
Shrink_57.JPG,1,261.0675871743487,10.107507014028059,0.20507386758188653,0.020653786706209622,0.9596918587461309,0.00042657890530560126
Shrink_63.jpg,1,49.73414428857715,3.5832745490981965,0.35553936459417945,0.04166095098299947,0.9898874246272624,0.0017356348368078843
Shrink_65.jpg,1,61.67114228456914,3.9737154308617235,0.3323188027201577,0.03889681463702229,0.9899588987938017,0.0015129621889068718
Shrink_67.jpg,1,65.16070541082163,4.255094188376752,0.3056386374127911,0.03674254015403474,0.9904266341964574,0.001350014256970855
Shrink_68.JPG,1,250.97569939879762,9.915106212424849,0.20743568011627886,0.020913929430096376,0.9600268247288509,0.0004373924442070514
Shrink_70.jpg,1,65.74270941883768,4.372673346693387,0.29424991404113254,0.03532435955925561,0.9904086679757615,0.0012478103782715732
Shrink_71.jpg,1,61.324625250501,4.276649298597194,0.29322735398257693,0.03515332864799685,0.99132224144921,0.0012357565150340761
Shrink_72.jpg,1,45.91311823647295,3.621687374749499,0.3336905197807785,0.03965976763784269,0.9942800679591722,0.0015728971690876742
Shrink_73.jpg,1,38.64856513026053,3.0802444889779563,0.3922612424767225,0.047233578901662056,0.9956525944853776,0.002231010975859535
Shrink_74.jpg,1,73.71513426853707,5.253707414829658,0.2524998014867004,0.024740391336964953,0.9866441058024596,0.0006120869635061705
Shrink_75.jpg,1,77.82593587174347,5.365006012024048,0.2524403244395825,0.02602048304488996,0.9860979616772105,0.0006770655378894059
Shrink_77.jpg,1,61.55117434869739,4.569410821643286,0.30611773194584196,0.02954205995342814,0.9900957624437995,0.0008727333062919426
Shrink_79.JPG,1,215.49159519038076,9.211619238476953,0.2122569643838381,0.021070727713185116,0.9652034538984543,0.0004439755663631873
Shrink_8.JPG,1,37.711438877755505,1.9584609218436868,0.6930093839525104,0.10386095247689496,0.9966836070124097,0.010787097449407833
Shrink_83.jpg,1,60.872088176352705,4.4780761523046095,0.2921348379131097,0.029923456607959788,0.9900786654090492,0.0008954132553684523
Shrink_84.jpg,1,80.00980360721442,5.276681362725451,0.24767979668239312,0.02907743784408696,0.9858456788211979,0.0008454973915767406
Shrink_85.jpg,1,78.0865891783567,5.359511022044089,0.23389528475969854,0.027835921950767024,0.9855361761555563,0.0007748385508491934
Shrink_88.jpg,1,73.03713426853707,5.535547094188376,0.2246008982951604,0.022130792140255116,0.9891367352024723,0.0004897719607551776
Shrink_89.jpg,1,77.87450501002006,5.733855711422846,0.2170557493265416,0.019819771392699848,0.9879590627298303,0.00039282333805888323
Shrink_9.JPG,1,53.50866933867736,2.422681362725451,0.6814364894677619,0.10014868866002154,0.9949760594890786,0.010029759840321926
Shrink_90.JPG,1,269.22907414829655,10.358220440881762,0.20344391074306845,0.020573006913414085,0.9573794556902817,0.00042324861345938375
Shrink_92.jpg,1,65.71655711422846,4.16646492985972,0.3925891974681527,0.03805926489762529,0.9936391089796979,0.0014485076445476127
Shrink_93.jpg,1,76.33737474949899,5.648124248496993,0.2226087176483189,0.020012289748977355,0.9887884108218538,0.0004004917409970241
Shrink_97.jpg,1,69.29679358717436,5.034573146292586,0.25940690240759917,0.0215503323787648,0.9902795134860489,0.00046441682563523845
Shrink_98.jpg,1,68.85371543086173,4.642885771543087,0.35498091046214264,0.043347583090494336,0.9935994290574462,0.0018790129597873106
Shrink_99.jpg,1,47.75830060120241,3.6111022044088177,0.41213661905403476,0.045639446540088766,0.9961517316524584,0.0020829590804856205
Shrink_Surface_Roughness_101.JPG,1,54.784905811623254,4.164977955911823,0.38535081716188613,0.05545757756579552,0.992876161327285,0.003075542909466227
Shrink_Surface_Roughness_110.jpg,1,90.3308617234469,5.536905811623246,0.293225698236648,0.03557328803260273,0.9821872045506416,0.0012654588214505162
Shrink_Surface_Roughness_117.jpg,1,79.09446092184368,5.1975951903807625,0.2876785687166754,0.03578597318733067,0.9800974871922463,0.0012806358769643495
Shrink_Surface_Roughness_12.JPG,1,98.82416432865732,5.074472945891784,0.36705036753720566,0.028568650624817712,0.9836826557236396,0.0008161677985228976
Shrink_Surface_Roughness_124.JPG,1,40.999138276553104,3.6684529058116238,0.3819697293529353,0.05068594622098604,0.9949877931793938,0.002569065144316689
Shrink_Surface_Roughness_125.jpg,1,76.91780360721442,5.042188376753507,0.4126133631951986,0.04903228818316324,0.9863512778782626,0.0024041652844767696
Shrink_Surface_Roughness_130.jpg,1,89.66638877755511,5.5857875751503006,0.3771908090129122,0.039921625641130234,0.9821580474084121,0.0015937361938305468
Shrink_Surface_Roughness_135.JPG,1,47.610857715430846,3.933927855711422,0.3717316121188512,0.051600198056170145,0.9940361647453643,0.0026625804394359853
Shrink_Surface_Roughness_137.jpg,1,93.2713507014028,6.033963927855711,0.32932504757827047,0.0318886362352373,0.9822592333253469,0.0010168851209432894
Shrink_Surface_Roughness_139.jpg,1,89.71050100200401,5.9672625250501,0.3195896958449328,0.028635546478290808,0.9835605549449862,0.000819994522110353
Shrink_Surface_Roughness_162.jpg,1,80.59900601202403,5.231743486973947,0.36715629899795543,0.06384094959124173,0.9841708388799822,0.004075666844711468
Shrink_Surface_Roughness_165.jpg,1,43.36957915831663,3.6106452905811626,0.32455712359925426,0.05101682647389522,0.9839921677259001,0.0026027165834675366
Shrink_Surface_Roughness_168.JPG,1,48.375114228456916,3.7273306613226467,0.36207854367745956,0.04413275647379308,0.9956450599525013,0.0019477001939751252
Shrink_Surface_Roughness_179.JPG,1,60.75988376753507,4.081807615230462,0.36602323405761655,0.04310664098789243,0.9946413273975023,0.0018581824972590476
Shrink_Surface_Roughness_19.JPG,1,27.488941883767538,2.483723446893788,0.5052242658069249,0.04812164173053281,0.9961656142500488,0.0023156924028417563
Shrink_Surface_Roughness_2.JPG,1,105.59790781563126,5.876472945891784,0.24210251737906055,0.02398535402368988,0.9784761436001259,0.0005752972076417364
Shrink_Surface_Roughness_201.JPG,1,77.94128657314629,4.5382565130260515,0.39258098801487307,0.04064343237012495,0.9927987273050559,0.0016518885948249207
Shrink_Surface_Roughness_202.jpg,1,69.84390380761523,4.677611222444891,0.26971790772794696,0.03204914880562201,0.9847957893761713,0.001027147939164903
Shrink_Surface_Roughness_207.jpg,1,55.62654108216433,4.484488977955912,0.26559486536395954,0.030082085094740595,0.9805723689898524,0.0009049318436472142
Shrink_Surface_Roughness_209.jpg,1,65.70512625250501,4.848517034068135,0.25484753374687663,0.030819042657222004,0.9779657673617795,0.0009498133903076695
Shrink_Surface_Roughness_214.jpg,1,67.82078557114228,4.911078156312626,0.25184713580753265,0.027056341182991633,0.9830162207630752,0.000732045598210449
Shrink_Surface_Roughness_219.jpg,1,73.06715831663327,4.802172344689378,0.27226652533523865,0.02782709246240695,0.9830708373052993,0.0007743470749113458
Shrink_Surface_Roughness_220.jpg,1,76.72750701402805,4.933623246492987,0.2650553552482424,0.028190426990290236,0.9841334093348669,0.0007947001738948841
Shrink_Surface_Roughness_221.jpg,1,69.05820440881762,4.510573146292585,0.29482202988773787,0.031157350446168464,0.9857692113787895,0.0009707804868253541
Shrink_Surface_Roughness_222.jpg,1,188.1573627254509,8.015791583166333,0.31398629218480545,0.03711555798204706,0.9679033705318445,0.0013775646443186975
Shrink_Surface_Roughness_228.jpg,1,70.96371543086173,4.658160320641282,0.2835018470814228,0.028139719541748983,0.9895146208006596,0.0007918438158882896
Shrink_Surface_Roughness_231.jpg,1,65.50485771543086,4.4424448897795585,0.29065728428179083,0.030477338156272814,0.9845147623041807,0.0009288681410918029
Shrink_Surface_Roughness_236.jpg,1,76.75412825651304,4.5523246492985985,0.37637189776846264,0.0376899771207672,0.9938452376003623,0.001420534375363955
Shrink_Surface_Roughness_242.jpg,1,58.15204008016032,3.4586693386773546,0.508590847195369,0.06514342515326804,0.9914395110485686,0.004243665840699435
Shrink_Surface_Roughness_243.jpg,1,68.5671863727455,3.9029539078156317,0.44462306803779456,0.05100184408083874,0.9897846588822069,0.0026011880996461858
Shrink_Surface_Roughness_245.jpg,1,62.2707254509018,3.623567134268537,0.4849429426167097,0.057240454897114566,0.9906292365448655,0.0032764696768286072
Shrink_Surface_Roughness_246.JPG,1,165.48291783567134,6.160513026052105,0.44015452741097866,0.0481300522930027,0.983732988813073,0.002316501933727174
Shrink_Surface_Roughness_250.jpg,1,46.925831663326655,3.1626412825651307,0.5149877825654945,0.06788059905310442,0.9947584410149366,0.004607775727808322
Shrink_Surface_Roughness_253.jpg,1,37.74533066132263,2.7552464929859717,0.5612057256525158,0.08148261254355497,0.9959685359535103,0.006639416146923102
Shrink_Surface_Roughness_254.jpg,1,33.84166733466934,2.594957915831663,0.5777666368346208,0.10057050122757565,0.9969641512261715,0.010114425717165795
Shrink_Surface_Roughness_255.jpg,1,48.26970741482966,2.528296593186373,0.6574748512511138,0.12278804716456665,0.9966945785335836,0.015076904526487845
Shrink_Surface_Roughness_256.jpg,1,47.52547895791584,2.940573146292585,0.571701532265859,0.0705341563825465,0.9967389661070962,0.004975067216597524
Shrink_Surface_Roughness_26.JPG,1,32.12779559118236,2.2660721442885774,0.588754361738729,0.04830701930552412,0.9953701355831472,0.00233356811418428
Shrink_Surface_Roughness_266.jpg,1,81.22523046092184,4.389454909819638,0.31260491992567196,0.035681161423656634,0.9782636784010368,0.001273145280541042
Shrink_Surface_Roughness_272.jpg,1,76.52225250501002,4.295991983967936,0.3326688448169761,0.03626062493049061,0.9861162443520867,0.0013148329203497174
Shrink_Surface_Roughness_276.jpg,1,63.93850501002004,3.7836513026052105,0.37587960910576546,0.03540420723201341,0.9922814436919125,0.0012534578897273503
Shrink_Surface_Roughness_280.jpg,1,50.02379559118236,3.0490941883767535,0.4537923045671746,0.05663119015548688,0.9909375318215974,0.003207091698426914
Shrink_Surface_Roughness_286.jpg,1,62.540973947895786,3.987322645290581,0.40751990898324114,0.03641351739697612,0.9941198305470252,0.0013259442492198825
Shrink_Surface_Roughness_291.jpg,1,78.1478156312625,4.391791583166332,0.39977088260283616,0.04112907307740129,0.9916737299909049,0.0016916006522062154
Shrink_Surface_Roughness_293.jpg,1,77.73070541082164,4.346152304609219,0.3962176441329156,0.041462551006557005,0.9902794241903465,0.0017191431359713414
Shrink_Surface_Roughness_295.jpg,1,75.26573547094189,4.439603206412826,0.3336997899191301,0.04157289005505111,0.9887122181531792,0.0017283051875293678
Shrink_Surface_Roughness_296.jpg,1,66.81720641282564,4.301462925851704,0.31096482864356806,0.03854984088902764,0.9888452233036011,0.001486090232569347
Shrink_Surface_Roughness_30.JPG,1,14.770917835671339,1.2816753507014027,0.739298652833703,0.08337063372447284,0.9981192200424215,0.006950662567620208
Shrink_Surface_Roughness_306.jpg,1,32.76713426853708,2.7803927855711423,0.4250864610899351,0.059280987483053584,0.9947607811157243,0.003514235476965956
Shrink_Surface_Roughness_314.jpg,1,61.37659318637275,3.815190380761523,0.3279030837253656,0.046421733633122804,0.9891003512686691,0.0021549773535046047
Shrink_Surface_Roughness_317.jpg,1,65.58280561122247,3.7570981963927865,0.361585795632343,0.051756509214196174,0.9918261867842795,0.0026787362460391735
Shrink_Surface_Roughness_322.jpg,1,67.05823246492986,3.7599959919839683,0.37685719290743097,0.047355432314899686,0.9941062181738007,0.0022425369697310453
Shrink_Surface_Roughness_325.JPG,1,50.56091783567134,4.4221523046092175,0.2690245990841054,0.03442511311963324,0.9926500649909921,0.0011850884132995447
Shrink_Surface_Roughness_327.JPG,1,95.918749498998,4.3114549098196395,0.45511174490230566,0.06429594708354668,0.9867456361545782,0.004133968811370234
Shrink_Surface_Roughness_332.JPG,1,163.6491503006012,6.967050100200401,0.27175521561941723,0.024913110960668148,0.9837758508416357,0.0006206630977385634
Shrink_Surface_Roughness_333.JPG,1,369.3466492985972,10.094937875751505,0.30786944733439464,0.048991236896053676,0.9563115218558063,0.002400141292605251
Shrink_Surface_Roughness_34.JPG,1,84.56262925851702,2.861763527054107,0.7602844607370275,0.13131991442281846,0.987643636001025,0.01724491992401636
Shrink_Surface_Roughness_344.JPG,1,50.662176352705416,3.426617234468938,0.3746531400148905,0.050192847403131194,0.9956880841735585,0.002519321930434014
Shrink_Surface_Roughness_346.JPG,1,125.71290981963931,6.329927855711424,0.24872700409159293,0.02620402505556608,0.966451678101242,0.0006866509291127348
Shrink_Surface_Roughness_350.JPG,1,81.96087775551102,4.358961923847695,0.40420954756145966,0.05682991492483986,0.9931612959908346,0.0032296392303645363
Shrink_Surface_Roughness_351.JPG,1,70.3618997995992,4.0168256513026055,0.42511021581324226,0.05937951515102667,0.9941433486215486,0.0035259268195710057
Shrink_Surface_Roughness_358.JPG,1,166.66421643286574,7.084689378757515,0.38758269966792525,0.047400036569747346,0.9785695012039528,0.002246763466813386
Shrink_Surface_Roughness_36.JPG,1,54.16666533066131,2.307691382765531,0.7441703666057026,0.11010200490513597,0.9929533438297186,0.012122451484130584
Shrink_Surface_Roughness_363.JPG,1,105.38006412825652,5.283767535070141,0.32468242675464737,0.03370233353573418,0.9855088352227689,0.0011358472857538728
Shrink_Surface_Roughness_369.JPG,1,77.42474549098198,4.609619238476954,0.3414929550940494,0.034189912263736584,0.9922212070443309,0.0011689501006020054
Shrink_Surface_Roughness_371.JPG,1,158.71397995991984,6.4106372745490985,0.3145594016059889,0.03325282826087187,0.9832770938839682,0.0011057505873470388
Shrink_Surface_Roughness_379.JPG,1,105.83857715430862,5.419819639278558,0.2739249408981499,0.02782580508471833,0.9832902039762813,0.0007742754286127365
Shrink_Surface_Roughness_38.JPG,1,68.30042084168338,2.642689378757516,0.7376163297034343,0.10046059547727967,0.9914841276504162,0.010092331243649626
Shrink_Surface_Roughness_387.JPG,1,33.71729058116233,1.8319679358717438,0.7153666379889555,0.09653695650032428,0.9971192715149233,0.009319383970345502
Shrink_Surface_Roughness_48.JPG,1,34.19223647294589,1.7297274549098194,0.7418463644806419,0.08861273163584923,0.9946253453194412,0.007852216207967036
Shrink_Surface_Roughness_5.JPG,1,33.08268537074149,2.01848496993988,0.6614111635753217,0.09152289303797363,0.9973082261934451,0.008376439950040363
Shrink_Surface_Roughness_50.JPG,1,59.23103406813629,2.3394989979959924,0.7213978566047569,0.08656946575157115,0.9920628119548522,0.007494272400512449
Shrink_Surface_Roughness_51.JPG,1,35.743450901803605,1.9063527054108216,0.7106521359039293,0.08541954892973905,0.9954318605956353,0.007296499339360082
Shrink_Surface_Roughness_52.JPG,1,29.508741482965934,1.7050541082164332,0.6919379441908526,0.07757173611230406,0.9958890384798317,0.006017374243476936
Shrink_Surface_Roughness_58.JPG,1,276.2412745490982,8.088825651302605,0.3872789188661772,0.05028828909829458,0.9610401302734617,0.0025289120204336534
Shrink_Surface_Roughness_65.jpg,1,94.2922004008016,3.6581082164328658,0.6806292788266176,0.12513738263473692,0.9934478679937104,0.015659364532672557
Shrink_Surface_Roughness_70.jpg,1,56.149947895791584,3.532825651302605,0.4242588798691651,0.05210126120846185,0.9952967274489808,0.002714541419512371
Shrink_Surface_Roughness_82.jpg,1,49.951206412825655,3.680080160320641,0.378891176745979,0.043287297737570805,0.9922548194597633,0.0018737901454211029
Shrink_Surface_Roughness_84.jpg,1,61.42683767535072,3.54906613226453,0.38425942839851857,0.04245916078086714,0.9890193026586447,0.001802780334215526
Shrink_Surface_Roughness_85.jpg,1,70.33448496993988,3.7768416833667335,0.3618592477831817,0.04062001237913526,0.9874867290636465,0.0016499854056811016
Shrink_Surface_Roughness_87.jpg,1,63.005639278557126,3.652156312625251,0.35679802709486735,0.040477413979721745,0.9880245845515647,0.0016384210424857735
Shrink_Surface_Roughness_96.jpg,1,47.861406813627255,3.797759519038076,0.32202434081632697,0.047204789241568006,0.9911256546105347,0.002228292127340854
Shrink_Surface_Roughness_99.jpg,1,48.033042084168336,3.773474949899799,0.32632135894633446,0.04800737231253375,0.990399360138141,0.0023047077963542317
Veining_1.JPG,1,409.10143086172354,14.665623246492986,0.10347865768489593,0.014868646957363722,0.8092828909992095,0.00022107666234272148
Veining_10.JPG,1,264.0359078156313,9.390304609218438,0.25553142161686143,0.023450374679525914,0.9600461142349238,0.0005499200726101502
Veining_100.JPG,1,191.99535871743484,8.351663326653307,0.30042752786317006,0.030422594545806883,0.9708494056747519,0.0009255342588985586
Veining_106.JPG,1,207.279002004008,5.651354709418838,0.6910242155312935,0.243608973089564,0.9660354226281739,0.059345331769751916
Veining_107.JPG,1,436.54395591182356,14.462897795591177,0.16728728067708207,0.02962229097436234,0.8792501450760795,0.0008774801225697884
Veining_108.JPG,1,178.1136873747495,5.857446893787576,0.6138096124349008,0.16481294021961468,0.9794216206864219,0.027163305263834283
Veining_109.JPG,1,307.6560320641283,11.454509018036068,0.2343491542775097,0.04517866250495652,0.9169822842315811,0.0020411115457367643
Veining_11.JPG,1,67.28267334669337,3.1857835671342682,0.5332175091355066,0.06067599243463164,0.993033021257871,0.0036815760579274764
Veining_115.JPG,1,297.2483887775551,11.12567134268537,0.21505030309394563,0.028147344794560276,0.951544859395797,0.0007922730189838594
Veining_119.JPG,1,376.00617234468945,12.465346693386774,0.22281811097517665,0.022572557394053564,0.8735679411352393,0.0005095203473078422
Veining_120.JPG,1,320.7968977955911,10.728961923847692,0.3142886141429523,0.04127697152602072,0.9378910712785733,0.0017037883783599253
Veining_125.JPG,1,92.89932665330663,3.8327214428857723,0.6070424051985495,0.05564544889085838,0.9533207895145076,0.003096415982265132
Veining_126.JPG,1,106.0004008016032,4.028849699398798,0.6093604065306221,0.05803625040108144,0.9472799434609489,0.0033682063606170257
Veining_127.JPG,1,130.7837114228457,4.598228456913827,0.5878396295248517,0.05630503732245116,0.9391263450759476,0.0031702572278826183
Veining_128.JPG,1,17.706488977955917,1.764228456913828,0.6300970254860333,0.06819143099215612,0.9971872441893278,0.004650071260757989
Veining_129.JPG,1,146.3171743486974,5.050681362725451,0.5591772279774484,0.05377272813554648,0.9415234227330134,0.002891506291139392
Veining_132.JPG,1,127.85743486973948,5.394076152304609,0.5060730521695573,0.04956436938308124,0.9319261149554,0.0024566267123425204
Veining_134.JPG,1,85.1529619238477,4.536889779559117,0.4980923591602642,0.053375617714828294,0.941959511457776,0.0028489565664394922
Veining_14.JPG,1,68.18181963927854,4.920048096192383,0.29649278306213905,0.028923689198791454,0.9914892872662078,0.0008365797968682855
Veining_140.JPG,1,229.21882965931863,8.692825651302606,0.2541224635550634,0.023092120803178334,0.9753040986301098,0.0005332460431885816
Veining_141.JPG,1,264.1128416833667,9.176032064128256,0.27548733869597314,0.027263870695604566,0.9701866532347755,0.0007433186453066454
Veining_143.JPG,1,225.83240480961928,8.382160320641283,0.2921718370340427,0.026689178777290424,0.9730897386809959,0.0007123122638061696
Veining_144.JPG,1,227.5579358717435,8.348613226452906,0.30726609219193035,0.027864573783761958,0.975758484877561,0.0007764344721507143
Veining_145.JPG,1,190.0627775551102,7.503154308617235,0.33324381882087134,0.03030938389961908,0.9796106923027514,0.0009186587523744883
Veining_147.JPG,1,184.05262124248497,7.508645290581161,0.30818231056585466,0.024823515360070724,0.9809754881791655,0.0006162069148316671
Veining_153.JPG,1,182.4759519038076,7.377667334669338,0.3121314391842968,0.023899214655606876,0.9759133229643414,0.0005711724611547745
Veining_154.JPG,1,138.07146693386773,6.574064128256513,0.30919872361748435,0.022181687332180094,0.9829503321477812,0.0004920272529025988
Veining_155.JPG,1,156.64451703406814,7.335635270541082,0.29054383708090814,0.022962963606634225,0.9794258355116489,0.0005272976975996079
Veining_157.JPG,1,152.8254629258517,7.168669338677354,0.3016811377437647,0.022424675444941644,0.9773693767820756,0.0005028660688109688
Veining_16.JPG,1,77.55802404809619,4.282280561122244,0.3689228685826787,0.030085519796935557,0.9908264626217602,0.0009051385014518014
Veining_160.JPG,1,118.10937074148296,6.239655310621242,0.347667793297035,0.02786572908492271,0.976966939455674,0.0007764988574343074
Veining_161.JPG,1,383.8957995991984,9.960665330661321,0.40331128188938603,0.04311891033819498,0.947356317723055,0.0018592404287532983
Veining_162.JPG,1,87.48276953907815,5.206352705410821,0.356112295874051,0.027031719675577458,0.9847372522085289,0.0007307138686190015
Veining_166.JPG,1,158.01378356713428,6.580316633266533,0.3346301003395326,0.022624754374888898,0.9725168814241605,0.0005118795105240543
Veining_167.JPG,1,9.156252505010018,1.7662965931863728,0.52303075092964,0.04737662597289456,0.9954493524878114,0.0022445446885755475
Veining_168.JPG,1,123.36790781563126,5.413919839679359,0.4537591430735318,0.0360202314047749,0.9812808008367351,0.001297457070453532
Veining_17.JPG,1,33.30753907815632,3.4816873747495,0.3442573005480896,0.02923580596584415,0.9954742904798102,0.0008547323504724885
Veining_172.JPG,1,404.0905531062124,13.107619238476955,0.2452062567602102,0.02734170934677887,0.9197022883794072,0.0007475690700037349
Veining_173.JPG,1,193.4953507014028,7.619879759519039,0.32585914558678236,0.028981033965639516,0.9805282116507454,0.0008399003297175512
Veining_174.JPG,1,131.51836472945894,6.2448737474949905,0.3442729190449717,0.02921269313560768,0.9874108591250386,0.00085338144023518
Veining_176.JPG,1,15.19688977955912,1.3025971943887775,0.7378736696167021,0.06632842135979426,0.9978178904207017,0.004399459480082411
Veining_177.JPG,1,8.729559118236471,1.059939879759519,0.7386829661646519,0.07114255050897259,0.9988115414280678,0.005061262492921716
Veining_179.JPG,1,19.084821643286578,2.3988176352705417,0.47984207798853135,0.06384879972425486,0.9976984571451532,0.004076669226228008
Veining_18.JPG,1,595.0034148296593,11.20566733466934,0.37146532074735694,0.030354898017540537,0.916272005182909,0.0009214198336552864
Veining_180.JPG,1,11.192076152304612,1.842104208416834,0.5289439140963904,0.06932268248336566,0.9986068577226475,0.004805634306689532
Veining_181.JPG,1,10.03922645290581,1.6242044088176353,0.5653603559712216,0.0724950619690995,0.9987922074199986,0.005255534009903575
Veining_182.JPG,1,269.51887374749504,8.629302605210421,0.31885916854015695,0.030545580988773077,0.9615484975278907,0.0009330325179416953
Veining_19.JPG,1,582.8285090180361,11.27215631262525,0.3784276703305892,0.03056760810311993,0.9199036517963433,0.0009343786651459232
Veining_23.JPG,1,545.534993987976,10.861823647294592,0.3904755209482063,0.03448290205091906,0.913144335232163,0.001189070533853278
Veining_31.JPG,1,208.40582364729462,5.738168336673348,0.3604514339195119,0.03326363207767788,0.9732982870097582,0.0011064692189991208
Veining_34.JPG,1,237.52457314629257,5.6281082164328655,0.43823185604395015,0.03909809655176667,0.9681072331474898,0.001528661153971269
Veining_35.JPG,1,291.9849098196393,10.808228456913827,0.27003185489213155,0.0252552424215251,0.9429252403057622,0.0006378272697700009
Veining_36.JPG,1,224.22629258517034,5.486509018036073,0.4399482734924096,0.04019301466421098,0.9698048489779367,0.0016154784277974785
Veining_37.JPG,1,229.21751102204414,5.478841683366734,0.456516490227605,0.04159159969532555,0.968814125453512,0.0017298611652162043
Veining_39.JPG,1,738.4973907815631,16.52721042084168,0.21482253409974778,0.028245484565924198,0.8919852297875084,0.0007978073983638621
Veining_4.JPG,1,144.45362324649298,6.595346693386773,0.3187231239836359,0.027360629924458486,0.9782399111777531,0.0007486040698631732
Veining_41.JPG,1,602.5100961923848,14.451539078156312,0.23266644846554174,0.03156362438770959,0.9147524754247637,0.0009962623844884156
Veining_46.JPG,1,223.29218036072143,8.992509018036072,0.316304239025296,0.02880389492401546,0.9549272532368133,0.0008296643627937236
Veining_49.JPG,1,122.15547895791583,6.364360721442886,0.3665191681687243,0.033832674455974245,0.9831561448401784,0.0011446498608439323
Veining_53.JPG,1,296.04020841683365,8.676336673346691,0.26139739439840454,0.02604035637698379,0.9559891347686419,0.0006781001602403203
Veining_54.JPG,1,337.38181963927866,9.276080160320642,0.25451700893851925,0.025322670665788662,0.9496537811136991,0.0006412376496479936
Veining_56.JPG,1,330.07256112224445,9.194332665330661,0.25351004544145356,0.025184470875179374,0.9497884042465836,0.0006342575732627581
Veining_57.JPG,1,203.42878957915826,8.51588376753507,0.32417784063368094,0.029488453967509147,0.9569346146762744,0.000869568917393906
Veining_58.JPG,1,342.18546292585165,10.227555110220441,0.2359873302556645,0.022857060420434852,0.9467369692861161,0.0005224452110634094
Veining_59.JPG,1,342.23491382765536,9.308757515030063,0.26520502136496354,0.026471129175700596,0.9457620172487551,0.0007007206798366274
Veining_6.JPG,1,93.6898236472946,5.581270541082165,0.3307932584305907,0.029864332335916986,0.9872984670940148,0.0008918783458700969
Veining_60.JPG,1,326.5315831663327,9.915246492985972,0.25238140020726857,0.0245551063769583,0.9480677056024326,0.0006029532491837382
Veining_61.JPG,1,407.0805971943888,11.287659318637278,0.23763130644887498,0.023498380857328294,0.9338952174008346,0.0005521739029160528
Veining_66.JPG,1,148.15158316633267,5.569923847695391,0.4664782562955962,0.04101728882138725,0.9853316605912578,0.0016824179822570993
Veining_68.JPG,1,398.90674148296597,12.432993987975951,0.27177080443967144,0.02453166646249436,0.9226173155348517,0.0006018026594270705
Veining_71.jpg,1,98.8648336673347,4.587991983967937,0.46796931843834155,0.0511439277193773,0.990006326210752,0.00261570134256489
Veining_72.jpg,1,108.87245691382766,4.671991983967936,0.5061112561726935,0.06811670407436285,0.9798077820070777,0.004639885373954321
Veining_75.jpg,1,111.67872945891783,5.035042084168336,0.4623322614325002,0.04695782081394574,0.9884596020416585,0.002205036935594636
Veining_77.jpg,1,74.79190380761524,4.12877755511022,0.5030759369322843,0.051290768063880436,0.9926537052319259,0.002630742888582777
Veining_78.jpg,1,61.79896192384769,3.7444609218436873,0.5495336635957971,0.08431526725875027,0.9946579616487221,0.007109064292914486
Veining_79.JPG,1,454.1940641282564,12.33239679358717,0.355233502678173,0.03815894995179832,0.9094755324784908,0.001456105461423849
Veining_89.jpg,1,104.02778356713426,4.149082164328657,0.5876503480461898,0.07550375668684446,0.9909622308597482,0.00570081727382621
Veining_9.JPG,1,152.86066533066133,5.784288577154308,0.4033716947695385,0.0321135410841872,0.9759593299342604,0.0010312795209657792
Veining_92.jpg,1,102.83436873747496,3.8077875751503,0.6311041168161565,0.09470233945505596,0.9933868116105397,0.008968533098260649
Veining_96.JPG,1,346.1410100200401,12.161202404809618,0.22776960776378866,0.021598598190098683,0.9533435415462737,0.00046649944377733416
Veining_97.JPG,1,218.59618036072146,9.276188376753508,0.2549301500277069,0.03897305438732299,0.9722253726766517,0.0015188989682772358
Veining_98.JPG,1,214.3225771543086,8.660509018036072,0.3146816164020304,0.03463323452829423,0.97135972042165,0.0011994609338918316
Veining_99.JPG,1,235.02998797595183,9.116304609218433,0.30182575883078294,0.031724097968169364,0.966883459590126,0.0010064183918940077
Wrinkles_Folds_Coldshuts_107.JPG,1,21.87296192384769,2.3470541082164322,0.49838964610311,0.043313456081093826,0.997152466107172,0.001876055477688844
Wrinkles_Folds_Coldshuts_109.JPG,1,34.18320240480961,3.0719799599198394,0.46867271564626156,0.03865995081243758,0.996077998050444,0.0014945917968200932
Wrinkles_Folds_Coldshuts_111.JPG,1,28.762829659318633,2.399503006012024,0.5193270616064787,0.04116502636150976,0.9969725413720888,0.0016945593953437937
Wrinkles_Folds_Coldshuts_12.JPG,1,137.1787334669339,5.744408817635271,0.3447337614423698,0.038756038937101916,0.9848407120650139,0.0015020305540941598
Wrinkles_Folds_Coldshuts_120.JPG,1,38.55956713426853,1.835615230460922,0.7625080635331701,0.14920610224096056,0.9951672677333531,0.022262460945939977
Wrinkles_Folds_Coldshuts_13.JPG,1,205.38640881763527,7.268260521042085,0.39649468149903194,0.03558289083128527,0.9722525303910066,0.0012661421199111652
Wrinkles_Folds_Coldshuts_135.JPG,1,131.9699478957916,6.1152224448897785,0.4118721865036486,0.031934342921410765,0.9735550320550848,0.001019802257822258
Wrinkles_Folds_Coldshuts_143.JPG,1,88.90574348697395,6.005607214428858,0.26291525308937813,0.022330216472676558,0.9833440855517619,0.0004986385677165954
Wrinkles_Folds_Coldshuts_145.JPG,1,57.4002885771543,4.313523046092184,0.36490777799997837,0.03310510716929154,0.9924009549500225,0.0010959481206902783
Wrinkles_Folds_Coldshuts_148.JPG,1,31.556376753507013,3.2987815631262523,0.39376513721852036,0.03513379828016377,0.9956619285245952,0.0012343837815912385
Wrinkles_Folds_Coldshuts_149.JPG,1,34.644833667334666,3.4458757515030056,0.39384868548657037,0.035021019134768565,0.9950186497102722,0.0012264717812378262
Wrinkles_Folds_Coldshuts_151.JPG,1,321.2987935871743,11.840541082164332,0.17878880875655523,0.017680804533516396,0.9330255224206045,0.0003126108489524139
Wrinkles_Folds_Coldshuts_154.JPG,1,79.1258517034068,3.371230460921844,0.5031403353431869,0.03682021316447693,0.9892154444714326,0.0013557280974775203
Wrinkles_Folds_Coldshuts_155.JPG,1,92.77942284569139,3.8438156312625247,0.44188952483906024,0.03354339794272479,0.9872298155172525,0.0011251595455439936
Wrinkles_Folds_Coldshuts_156.JPG,1,109.30226052104211,3.9735310621242492,0.4615090751011666,0.03619033154627528,0.9844333365627289,0.0013097400974293276
Wrinkles_Folds_Coldshuts_157.JPG,1,76.74169539078156,4.595178356713427,0.4256211806605705,0.03365829024902991,0.9806727100805492,0.0011328805024879418
Wrinkles_Folds_Coldshuts_158.JPG,1,123.8681002004008,4.01217234468938,0.5689451556947738,0.04351287971764779,0.9806574285325903,0.0018933707013224846
Wrinkles_Folds_Coldshuts_170.jpg,1,51.31038076152304,3.9825971943887777,0.3656003389138876,0.043502686964801814,0.995070039563209,0.0018924837731575377
Wrinkles_Folds_Coldshuts_176.jpg,1,40.81003206412825,3.318008016032063,0.39161068156994105,0.06072322569920597,0.9923501995521065,0.0036873101393167084
Wrinkles_Folds_Coldshuts_177.jpg,1,45.72761923847697,3.50384368737475,0.38456441421328386,0.062445262346433474,0.992019886786348,0.0038994107895149025
Wrinkles_Folds_Coldshuts_179.JPG,1,154.04567134268535,6.065655310621242,0.43163519994970917,0.03723374088694154,0.9492999875670295,0.0013863514604359022
Wrinkles_Folds_Coldshuts_181.jpg,1,101.61395190380762,5.955811623246492,0.22353575338234796,0.03225601886795434,0.9760306943324955,0.0010404507532098264
Wrinkles_Folds_Coldshuts_184.jpg,1,121.06669338677354,6.446597194388778,0.21822901409676862,0.035379155385688275,0.9724222515617694,0.0012516846358046755
Wrinkles_Folds_Coldshuts_186.jpg,1,142.49155511022045,6.984933867735471,0.2102202018965198,0.03338898173212276,0.9715908248816375,0.0011148241011080277
Wrinkles_Folds_Coldshuts_193.jpg,1,70.93834468937875,5.263611222444889,0.23872387937409606,0.02945735725829772,0.9863162827553419,0.0008677358966429853
Wrinkles_Folds_Coldshuts_194.jpg,1,46.11262124248496,3.7316432865731453,0.3823790318188069,0.04852366290029639,0.995496112606166,0.0023545458612616
Wrinkles_Folds_Coldshuts_195.jpg,1,70.97115030060121,5.262917835671343,0.2367678977759191,0.029279149531959946,0.9862936824832202,0.0008572685973148702
Wrinkles_Folds_Coldshuts_198.jpg,1,65.44880961923847,5.072889779559119,0.24895367324562176,0.026138880913636826,0.9870698297575318,0.0006832410954172875
Wrinkles_Folds_Coldshuts_199.jpg,1,62.77347494989981,4.930661322645291,0.25700642453799305,0.029241718212577025,0.9878711832545536,0.000855078084023759
Wrinkles_Folds_Coldshuts_2.JPG,1,274.3033386773547,8.777374749498998,0.37681368979720486,0.04409869595759836,0.9728191267619619,0.001944694985160702
Wrinkles_Folds_Coldshuts_201.JPG,1,184.21140280561121,7.03050501002004,0.44737779524958465,0.039427841947839,0.9295330782021752,0.0015545547206637727
Wrinkles_Folds_Coldshuts_204.jpg,1,55.4708376753507,4.706613226452905,0.2471158933320988,0.028749198520945318,0.988397408194859,0.0008265164155967245
Wrinkles_Folds_Coldshuts_215.jpg,1,177.36597595190378,7.434617234468936,0.21812030461075915,0.03057630320410311,0.9718174996991897,0.000934910317629246
Wrinkles_Folds_Coldshuts_222.jpg,1,135.4725571142284,6.433326653306612,0.2312810264452028,0.03868415828932826,0.9735512178250291,0.001496464102553804
Wrinkles_Folds_Coldshuts_233.JPG,1,263.3925290581162,8.603374749498998,0.4264632632251663,0.03912238758815146,0.9065617967348476,0.0015305612105975476
Wrinkles_Folds_Coldshuts_24.JPG,1,161.6556993987976,5.359218436873748,0.5338598990393818,0.05274488787260798,0.9814923760372363,0.0027820231966939886
Wrinkles_Folds_Coldshuts_241.JPG,1,91.2453026052104,6.07109018036072,0.21931831943882169,0.024106945528447922,0.9861500707228715,0.0005811448227115553
Wrinkles_Folds_Coldshuts_248.JPG,1,392.08024849699405,13.370132264529062,0.18040483939294957,0.015281450350288554,0.9012327157659634,0.00023352272480833418
Wrinkles_Folds_Coldshuts_250.JPG,1,191.4754629258517,8.297531062124246,0.2932961178791519,0.023334570377233466,0.9594382400284717,0.0005445021746900616
Wrinkles_Folds_Coldshuts_251.JPG,1,119.25527054108215,6.100577154308617,0.34381344461024993,0.023943598611617243,0.981091896890035,0.0005732959144742391
Wrinkles_Folds_Coldshuts_253.JPG,1,372.3776032064128,11.204921843687375,0.28916897122868457,0.029738284091397064,0.966169958235034,0.0008843655407006398
Wrinkles_Folds_Coldshuts_254.JPG,1,56.41581963927856,3.298953907815631,0.5155569756499663,0.03423239231059513,0.9882746340721507,0.0011718566833064928
Wrinkles_Folds_Coldshuts_256.JPG,1,162.44925851703402,7.644713426853706,0.29216125836977347,0.024607256617605006,0.9649687431150197,0.0006055170782446654
Wrinkles_Folds_Coldshuts_262.JPG,1,87.84538677354709,4.373651302605211,0.477896188078388,0.03384191590301677,0.9741261024635042,0.0011452752719868595
Wrinkles_Folds_Coldshuts_265.JPG,1,54.007971943887775,4.06755511022044,0.4116582389013021,0.03667553406313355,0.9810472485254668,0.001345094798816069
Wrinkles_Folds_Coldshuts_27.JPG,1,41.27971142284569,2.6738436873747493,0.5570967374184872,0.04045905397378466,0.9933585193632056,0.0016369350484536204
Wrinkles_Folds_Coldshuts_277.JPG,1,144.78347094188373,6.900392785571142,0.33088307868535655,0.026543838969663763,0.9300615735566219,0.0007045753872474406
Wrinkles_Folds_Coldshuts_283.JPG,1,167.3595470941884,8.148068136272546,0.24939527779064516,0.02140415020582574,0.9544755000553216,0.00045813764603355007
Wrinkles_Folds_Coldshuts_285.JPG,1,57.533494989979964,4.195643286573147,0.38952991301016826,0.02693949298304639,0.9896661309989834,0.0007257362821836057
Wrinkles_Folds_Coldshuts_290.JPG,1,33.07600000000001,2.9795831663326657,0.4443634996120236,0.03120176730460297,0.9933499679792306,0.000973550282930591
Wrinkles_Folds_Coldshuts_292.JPG,1,23.275979959919837,2.409150300601202,0.4855434840867789,0.034080787701593444,0.9957782498169248,0.001161500090361083
Wrinkles_Folds_Coldshuts_298.JPG,1,34.8826372745491,2.443054108216433,0.5091174413578666,0.03599478935824369,0.9940877129783967,0.0012956248609443334
Wrinkles_Folds_Coldshuts_30.JPG,1,192.73678156312624,7.48440480961924,0.335878681664745,0.035440156245141206,0.9708492615519269,0.0012560046746800213
Wrinkles_Folds_Coldshuts_306.JPG,1,96.74974348697395,3.7709378757515033,0.5521411177440013,0.05812134999236029,0.9883675839733869,0.0033780913249344393
Wrinkles_Folds_Coldshuts_32.JPG,1,287.098376753507,9.080468937875752,0.29587374350742934,0.02907462857494446,0.9549054738985159,0.0008453340267709768
Wrinkles_Folds_Coldshuts_36.JPG,1,149.8962084168337,6.943783567134269,0.30531724992691794,0.029568589902619336,0.9771997311342698,0.0008743015088292822
Wrinkles_Folds_Coldshuts_38.JPG,1,173.34180360721444,7.221058116232466,0.33051785445214604,0.031005365558931866,0.9725252047893121,0.0009613326934429984
Wrinkles_Folds_Coldshuts_39.JPG,1,44.10014829659318,3.3887174348697395,0.45909226151775034,0.04597804985369783,0.9951494356002863,0.002113981068349123
Wrinkles_Folds_Coldshuts_40.JPG,1,107.82298997995994,4.584008016032064,0.47047394264884995,0.041670039491174225,0.984355145141109,0.0017363921911960198
Wrinkles_Folds_Coldshuts_41.JPG,1,118.86977955911824,4.888120240480961,0.4588978397518882,0.045222429259828674,0.9810509187081807,0.0020450681081602084
Wrinkles_Folds_Coldshuts_44.JPG,1,20.04895390781563,2.0110781563126254,0.5208069286584589,0.057774925428467905,0.9953388408640036,0.0033379420082650275
Wrinkles_Folds_Coldshuts_49.JPG,1,166.9114108216433,5.853102204408818,0.4068568891551762,0.03231065275124788,0.9758841454281822,0.001043978281211722
Wrinkles_Folds_Coldshuts_50.JPG,1,261.07026452905814,7.186048096192385,0.42317511807688263,0.03481372219443236,0.9587911891758413,0.0012119952530311121
Wrinkles_Folds_Coldshuts_52.JPG,1,272.8677234468938,9.081278557114228,0.3350768025030285,0.03732515871664847,0.9468565102091753,0.0013931674732229988
Wrinkles_Folds_Coldshuts_54.JPG,1,286.6306092184368,9.09480160320641,0.36419549040835963,0.03450345722223943,0.9518570219641749,0.001190488560286906
Wrinkles_Folds_Coldshuts_6.JPG,1,280.38646893787575,7.524713426853707,0.37153973775812627,0.04253087397955624,0.9705877158382462,0.0018088752414648938
Wrinkles_Folds_Coldshuts_60.JPG,1,205.00057715430864,7.724384769539079,0.3500731348110777,0.03661197082766664,0.9618873649587069,0.0013404364078859127
Wrinkles_Folds_Coldshuts_62.JPG,1,122.40022845691384,6.375603206412826,0.35811886078276667,0.03250594862849211,0.9706318656502034,0.0010566366962381682
Wrinkles_Folds_Coldshuts_67.JPG,1,257.7611422845692,10.57240480961924,0.1872859574530428,0.02440218442172317,0.965875844326503,0.0005954666045517891
Wrinkles_Folds_Coldshuts_70.JPG,1,389.50898997995995,13.253519038076153,0.146673582105783,0.0180082782951696,0.9370943713405505,0.0003242980871562765
Wrinkles_Folds_Coldshuts_71.JPG,1,317.7346573146293,9.705903807615233,0.2905221563915142,0.02063578520876306,0.9362302974376128,0.0004258356311822042
Wrinkles_Folds_Coldshuts_72.JPG,1,186.7267615230461,7.790849699398797,0.2695820567256742,0.019388272455657933,0.961615317328221,0.0003759051088148241
Wrinkles_Folds_Coldshuts_78.JPG,1,23.771042084168336,1.7415831663326655,0.6147106642939938,0.05230801146806018,0.9972613109274145,0.0027361280637427155
Wrinkles_Folds_Coldshuts_8.JPG,1,139.8292264529058,5.482404809619238,0.3932466411575452,0.04715311411793916,0.98494395594357,0.0022234161710193933
Wrinkles_Folds_Coldshuts_82.JPG,1,10.432248496993989,1.3759839679358714,0.6532527610839975,0.05779000873592558,0.9983413248352561,0.003339685109698355
Wrinkles_Folds_Coldshuts_84.JPG,1,20.224148296593185,1.7909138276553107,0.6279046401374384,0.05627704093967946,0.9980303974333034,0.003167105336926358
Wrinkles_Folds_Coldshuts_86.JPG,1,67.42847294589178,3.2836072144288577,0.5637766882546817,0.06300589474102707,0.9905348121396886,0.003969742772117381
Wrinkles_Folds_Coldshuts_9.JPG,1,239.22242885771544,6.927110220440881,0.3623476568301673,0.04244972987366495,0.974995621331069,0.0018019795663471226
Wrinkles_Folds_Coldshuts_97.JPG,1,41.15256513026052,3.7223046092184373,0.3639912934281471,0.024491173082676676,0.9938966540883256,0.0005998175589656266
Wrinkles_Folds_Coldshuts_99.JPG,1,38.26053707414829,3.4622845691382764,0.38883450277459924,0.026201628561134623,0.9945547844295148,0.0006865253392556657
