Filename,contrast,dissimilarity,homogeneity,energy,correlation,ASM
IMG_0383.JPG,71.8416112224449,3.5347575150300603,0.5525885165870469,0.09129382999594074,0.9913983458184339,0.00833456339532773
IMG_0384.JPG,132.91546693386775,4.593879759519038,0.5269301219283411,0.0852505085865192,0.9847650698520093,0.0072676492142601835
IMG_0385.JPG,104.12328256513025,4.161855711422845,0.5314229757353306,0.07804959210885165,0.9876342266556866,0.006091738828358118
IMG_0386.JPG,168.09387174348694,4.619434869739479,0.5041047153846294,0.07532773516887352,0.9712908880980341,0.005674267685671944
IMG_0387.JPG,51.62298597194389,2.9329739478957917,0.5090060732947961,0.06539837940133662,0.9850815064766876,0.004276948028321171
IMG_0388.JPG,167.41931863727453,6.203086172344689,0.41640609533457246,0.058967309807462065,0.9839423760474182,0.003477143625929212
IMG_0389.JPG,186.61482965931864,7.248344689378757,0.37217345762835213,0.05469307227878636,0.9791248901292393,0.002991332155292549
IMG_0390.JPG,255.14072144288573,9.096088176352705,0.29231318256668726,0.036928245320194994,0.9706940206697044,0.0013636953024285035
IMG_0391.JPG,163.5608977955912,7.047118236472946,0.31319737230306055,0.033678814842963666,0.9793792430501214,0.0011342625692266296
IMG_0392.JPG,216.14436072144284,7.992160320641281,0.30336160864811224,0.03386357743267311,0.9650264041835258,0.0011467418765386476
IMG_0393.JPG,144.24027254509016,6.250541082164328,0.3095809943998887,0.03525638390951453,0.9737559985855689,0.0012430126063750749
IMG_0394.JPG,196.79221242484962,7.565743486973946,0.3199381547147937,0.03759466811726238,0.971500804401626,0.0014133590708471043
IMG_0395.JPG,268.5071903807615,9.309739478957916,0.2796267717566802,0.034595163158374645,0.9688825104891979,0.001196825313954562
IMG_0396.JPG,262.6436232464929,8.231991983967934,0.3628600103901532,0.05543996378044968,0.9746116944139438,0.0030735895839775723
IMG_0397.JPG,186.66822444889775,6.212777555110219,0.39903901601733516,0.05740856904875526,0.9809631831487703,0.0032957438002257007
IMG_0398.JPG,151.20417635270545,5.6274308617234485,0.43250554978125333,0.06299155276014125,0.9809210342881776,0.0039679357191336586
IMG_0399.JPG,164.45940280561123,5.94254509018036,0.4117867743515754,0.057397812374917596,0.9798231937133598,0.0032945088654262435
IMG_0400.JPG,161.24209619238482,5.899410821643287,0.41323719828270333,0.05632154466193959,0.9804573313720242,0.0031721163931068557
IMG_0401.JPG,43.54096192384769,2.8670220440881757,0.47674628049449974,0.05069135832447068,0.9856621410210729,0.002569613808779883
IMG_0402.JPG,51.278124248496994,3.108200400801603,0.4600290551589458,0.049115623016710075,0.9850765875590697,0.0024123444243195806
IMG_0403.JPG,85.30530661322646,4.158733466933867,0.3961969599349874,0.04438339336829838,0.9749815044799371,0.0019698856068851127
IMG_0404.JPG,66.9022725450902,3.421543086172345,0.41100015066300605,0.04460537572553662,0.971106308605423,0.0019896395436162914
IMG_0405.JPG,97.55381963927854,4.147198396793587,0.40329325606652927,0.043564986958824346,0.9677469896647882,0.0018979080887225352
IMG_0406.JPG,101.46844488977956,4.019442885771543,0.4490434900230089,0.04874034878735741,0.9692215596457079,0.0023756215999132533
IMG_0407.JPG,93.81928657314631,3.920264529058116,0.4158837074498174,0.04468704667836951,0.9734457638798906,0.001996932140834775
IMG_0408.JPG,96.52407615230459,3.917799599198396,0.4237581175713986,0.045823020917296176,0.9721058877370085,0.002099749245986963
IMG_0409.JPG,41.14531863727455,2.770160320641282,0.45928594675584383,0.056689332992890425,0.9795306014014235,0.0032136804751788147
IMG_0410.JPG,50.526637274549095,3.2660040080160315,0.42856272727912864,0.04527875375387278,0.9815705354207109,0.0020501655415038488
IMG_0411.JPG,91.54585971943888,4.538092184368739,0.3583859196153869,0.03658768239967523,0.9757902778372023,0.0013386585033795045
IMG_0412.JPG,77.6347615230461,4.074793587174349,0.38155941600796583,0.039919445716802754,0.9747694790719001,0.001593562146336762
IMG_0413.JPG,83.02335470941885,4.332845691382766,0.36112883448963085,0.03537991354109807,0.9729797128826128,0.0012517382821755742
IMG_0414.JPG,91.07758717434871,4.090805611222445,0.4068518605353065,0.04189914734261258,0.9673036797119692,0.0017555385480379593
IMG_0415.JPG,144.7352745490982,5.507090180360723,0.3579634676854068,0.03467223938656951,0.964305605357663,0.0012021641840795822
IMG_0416.JPG,185.18172344689378,6.587318637274549,0.32204939520193754,0.031232269414702467,0.962270599204024,0.0009754546527925591
IMG_0417.JPG,192.71923446893788,6.38172745490982,0.33729509299742594,0.034196513396952004,0.9613714816975575,0.0011694015285079178
IMG_0418.JPG,155.37330260521043,5.3140400801603205,0.38473409442941103,0.043008735931905455,0.9695269034530738,0.0018497513664603757
IMG_0419.JPG,49.26861723446894,2.8280400801603207,0.5685978368137206,0.08467716604200821,0.9943604086034208,0.00717022244890583
IMG_0420.JPG,51.123070140280554,2.9050901803607214,0.562861888662372,0.0805848609079334,0.9940307039181174,0.006493919807550973
IMG_0421.JPG,49.42077755511023,2.842837675350701,0.5661707587132223,0.08659654238343731,0.9944256034097996,0.007498961152766454
IMG_0422.JPG,47.078965931863735,2.8256913827655317,0.5588779495760136,0.08265917654872314,0.9944293589682867,0.006832539467712981
IMG_0423.JPG,130.53021643286573,4.388252505010021,0.5152746975196814,0.0743436369672931,0.97831666445352,0.005526976357524668
IMG_0424.JPG,82.87811623246493,3.1932424849699403,0.5526618126950649,0.08014383893686698,0.9876646576750516,0.006423034919538476
IMG_0425.JPG,70.15680561122242,2.9656553106212415,0.5508035029537635,0.06955914150397784,0.9895218844588936,0.0048384741667704114
IMG_0426.JPG,88.46476953907816,4.163871743486974,0.4688977023198869,0.05843347954933749,0.9872495918730098,0.0034144715322428423
IMG_0427.JPG,92.65959519038076,4.285326653306613,0.4621409072130265,0.05682629315258457,0.9871125957988266,0.00322922759346348
IMG_0428.JPG,209.8147695390781,6.222456913827653,0.5270661703219578,0.1126142348002911,0.9839546765393377,0.012681965879655097
IMG_0429.JPG,35.24524649298597,2.729615230460922,0.5053477796346738,0.05865124546421531,0.9953440025736411,0.0034399685945036367
IMG_0430.JPG,15.616256513026052,1.821130260521042,0.5775971996374664,0.06210002016398587,0.9977411851182937,0.0038564125043674524
IMG_0431.JPG,35.873262525050094,2.7531022044088167,0.5011357266822007,0.05892460964698628,0.9934756915211592,0.0034721096220497083
IMG_0432.JPG,26.331266533066128,2.0224809619238475,0.5603333034870683,0.06762546705467011,0.9937368442757855,0.004573203794362272
IMG_0433.JPG,66.82929058116233,3.567815631262525,0.4605669198756407,0.049883981042136066,0.9906877504420188,0.00248841156461219
IMG_0434.JPG,245.4456352705411,7.349531062124248,0.37334383197986815,0.042643157596543614,0.9695498216777543,0.0018184388898036556
IMG_0435.JPG,122.16157114228459,4.697883767535069,0.44809849934062085,0.06556463163016715,0.989289230955523,0.004298720920799515
IMG_0436.JPG,40.76201202404809,2.2210180360721443,0.6236468027534604,0.11032608010998092,0.996509868483354,0.012171843952433928
IMG_0437.JPG,53.945154308617234,2.5759118236472944,0.6146830948467344,0.1000587494141515,0.9945916757925959,0.01001175333432396
IMG_0438.JPG,67.66436873747494,3.5791663326653302,0.46677698412552715,0.047788848585210805,0.9839277972653363,0.0022837740491002045
IMG_0439.JPG,142.37668136272546,5.63287374749499,0.39153488083480625,0.0415072534014404,0.9627028114618241,0.001722852084931386
IMG_0440.JPG,94.53316633266532,4.559811623246494,0.3864643995339081,0.04219976727603094,0.9583792558505597,0.001780820358151172
IMG_0441.JPG,120.98419639278556,5.365663326653306,0.34735413040802676,0.034976203078493605,0.9585518727824909,0.0012233347817880253
IMG_0442.JPG,168.45340681362725,6.52223246492986,0.3155015246514687,0.03012152739195087,0.9616267522088789,0.0009073064124240466
IMG_0443.JPG,114.87315430861725,5.082476953907816,0.36927847545799636,0.0331448880535432,0.976610292154087,0.001098583604081911
IMG_0444.JPG,179.9511382765531,6.4727975951903804,0.3580987718184153,0.038447920011916874,0.9558525094991919,0.001478242553242758
IMG_0445.JPG,121.53810821643285,5.201274549098197,0.376119082198413,0.04238728797645904,0.9675771046714591,0.0017966821819992691
IMG_0446.JPG,121.40225651302602,4.980044088176351,0.3876180951146176,0.04257357116582302,0.9655673523877079,0.0018125089618113972
IMG_0447.JPG,97.38023647294591,4.278416833667334,0.41807251380892735,0.0429423292146451,0.975000452108367,0.0018440436383789622
IMG_0448.JPG,146.69648096192384,5.621402805611222,0.3722978463647555,0.041322480848859054,0.9581154838352546,0.0017075474235043232
IMG_0449.JPG,79.2800601202405,4.270689378757516,0.3797920955206483,0.03763858373118224,0.9667156359264194,0.0014166629852892165
IMG_0450.JPG,71.21671743486974,3.96089378757515,0.40698495973632803,0.04186083530954825,0.9689569589221474,0.001752329532813121
IMG_0451.JPG,51.0512264529058,3.824749498997996,0.336813854930057,0.035215884390706775,0.9663175556272657,0.001240158513419625
IMG_0452.JPG,56.45036472945891,3.7187735470941887,0.3820540300792478,0.03450118708557161,0.975677571484331,0.0011903319103136129
IMG_0453.JPG,63.648144288577164,3.810693386773548,0.39943610104283467,0.0379997245826487,0.9775740721755537,0.0014439790683571556
IMG_0454.JPG,50.842312625250486,3.230689378757514,0.4477724166608663,0.04712733196064939,0.9775062913269754,0.0022209854177292453
IMG_0455.JPG,72.35438076152305,4.285338677354709,0.3725685770408221,0.04106245042420168,0.9593910425359401,0.0016861248348400207
IMG_0456.JPG,188.4985531062124,5.805134268537075,0.36156486284933714,0.03195940790125156,0.9364931730848989,0.0010214037533985809
IMG_0457.JPG,118.36893386773546,4.873222444889779,0.4646211377739858,0.042498143493956655,0.9631638212239095,0.0018060922004329303
IMG_0458.JPG,135.1512625250501,4.686300601202404,0.4199758146536628,0.042348301560578346,0.9443186116824582,0.0017933786450656825
IMG_0459.JPG,35.54650901803607,2.519182364729459,0.5139391392785287,0.048757415859155676,0.9878478118469987,0.0023772856012626454
IMG_0460.JPG,62.60648897795591,3.707947895791584,0.3832001247665875,0.038899769194758065,0.9837516556485301,0.0015131920434054487
IMG_0461.JPG,60.274793587174344,3.586657314629259,0.39780098734486835,0.0405850143895308,0.9838988916290531,0.0016471433929984218
IMG_0462.JPG,122.6355871743487,4.486064128256513,0.38590088094887326,0.03675811954893345,0.9508155456194219,0.0013511593527736837
IMG_0463.JPG,124.89346292585168,4.464028056112225,0.47250255418386455,0.050049075638308314,0.9686523817354838,0.002504909972249107
IMG_0464.JPG,36.731014028056116,2.6640480961923854,0.48494254355773203,0.0540015984378689,0.9895420153118613,0.002916172633844845
IMG_0465.JPG,47.18301803607214,2.6727094188376754,0.5105681423580796,0.05031494801347229,0.9826512725051157,0.002531593993598419
IMG_0466.JPG,25.327519038076147,2.869434869739479,0.3940881821604263,0.03800464839708354,0.9879769544977576,0.0014443532997859448
IMG_0467.JPG,77.0542004008016,3.1309138276553106,0.4793072129541522,0.048626400000420504,0.9735858104041967,0.0023645267770008955
IMG_0468.JPG,28.71449699398798,2.496076152304609,0.47777749219456556,0.04273296621086713,0.9892980754760643,0.0018261064011791117
IMG_0469.JPG,41.22743086172345,2.7260841683366728,0.4817493438672178,0.04846594386854977,0.9837539136620032,0.002348947715069417
IMG_0470.JPG,41.10221242484969,2.4841843687374747,0.5548533272486504,0.06131528686515142,0.988018848217184,0.00375956440335581
IMG_0471.JPG,43.28696993987976,2.485438877755511,0.5306035091170802,0.06503105853468996,0.9841779533446678,0.004229038574142273
IMG_0472.JPG,172.06780761523044,3.9822765531062125,0.5489170072029982,0.06530826484565927,0.9504949062182606,0.004265169457150774
IMG_0473.JPG,183.75481763527054,4.500308617234469,0.4625464166897326,0.05203998076241593,0.9547600714063496,0.00270815959775262
IMG_0474.JPG,264.6304128256512,5.078260521042084,0.5717208524101142,0.07805177840464662,0.9531839208162034,0.006092080112128062
IMG_0475.JPG,160.90233266533065,5.248625250501002,0.3889492683046213,0.04289567235365195,0.966924199058004,0.0018400387066718606
IMG_0476.JPG,127.7252625250501,5.199955911823648,0.3684536116725415,0.03967341972922314,0.9684555520075472,0.0015739802330111121
IMG_0477.JPG,123.53817635270538,3.7105611222444876,0.5261978557978587,0.09435520202394415,0.9649555308079217,0.008902904148979315
IMG_0478.JPG,140.19391983967935,4.774673346693385,0.4106964837056499,0.04836741636925714,0.966871111074745,0.0023394069662370834
IMG_0479.JPG,104.90782765531061,3.748124248496994,0.5032714429662901,0.05937476579999251,0.9787088236707602,0.00352536281380396
IMG_0480.JPG,134.69440080160322,4.611667334669339,0.43497202246130995,0.05306925374819955,0.9702455939148049,0.0028163456933907914
IMG_0481.JPG,73.62274549098198,3.4832264529058117,0.5036804947533315,0.056016594505597886,0.9804682499296509,0.0031378588600045796
IMG_0482.JPG,134.3419238476954,5.028480961923847,0.35167529793340313,0.034845330295254315,0.969789100873989,0.001214197043385368
IMG_0483.JPG,172.6487254509018,5.408108216432866,0.4141985612765331,0.044158710657591166,0.9693375419899336,0.0019499917269408557
IMG_0484.JPG,117.93848496993988,4.395927855711423,0.3959476219535575,0.0330617280117822,0.982127833300939,0.0010930778591250636
IMG_0485.JPG,77.79271342685372,3.69545490981964,0.4112123490376035,0.030524432393212814,0.9896224821830005,0.0009317409729278198
IMG_0486.JPG,69.51388376753506,3.2319278557114224,0.46147158071357397,0.045060691314530076,0.9881718532929095,0.002030465901743366
IMG_0487.JPG,71.36873747494992,3.5972264529058124,0.41178812600453624,0.03233088435518616,0.9909920487577932,0.0010452860831884213
IMG_0488.JPG,48.73965931863728,3.0505370741482967,0.4514581652003307,0.043963306223340076,0.9898246523578869,0.001932772294087172
IMG_0489.JPG,79.39474549098196,3.7039318637274548,0.4318954573142427,0.04624992551581497,0.9863412241873017,0.0021390556102184326
IMG_0490.JPG,69.98680561122245,3.333082164328658,0.48864779268305725,0.0525802898506235,0.9890323801621962,0.00276468688077558
IMG_0491.JPG,62.43193186372746,3.030072144288577,0.5161269558881136,0.05560022386678466,0.9879947699501975,0.0030913848940365704
IMG_0492.JPG,47.41984769539078,2.8019078156312625,0.46328840830046547,0.056346007407026166,0.9836782433830846,0.003174872550712648
IMG_0493.JPG,56.92955110220441,3.199739478957916,0.42115969531306674,0.04640302072460523,0.9829075623576602,0.002153240332368143
IMG_0494.JPG,56.341250501002015,3.1439278557114236,0.42835569897828385,0.05043716039754095,0.982511662782424,0.0025439071489672736
IMG_0495.JPG,28.27989178356714,2.3096873747494993,0.4716418898397662,0.045546845891036254,0.9889907405481084,0.002074515170621806
IMG_0496.JPG,39.52511823647295,2.78844488977956,0.42888932774151384,0.03830437205823151,0.9868613919437067,0.0014672249187754269
IMG_0497.JPG,34.0923246492986,2.5531102204408818,0.45007524061034443,0.04246736325532433,0.9905717310166314,0.001803476941859671
IMG_0498.JPG,41.00224048096194,2.4118757515030067,0.49558398703526074,0.05947849803202558,0.9856994311705879,0.0035376917281456713
IMG_0499.JPG,53.23672144288577,3.1612424849699403,0.40532301352023037,0.04634106016757048,0.9827040492607046,0.0021474938574543878
IMG_0500.JPG,22.874112224448897,1.9231462925851703,0.5228043221883611,0.04776838816997909,0.9897743698967636,0.002281818908357798
IMG_0501.JPG,30.5688617234469,2.309214428857716,0.48434677780586377,0.0434954148970186,0.9879125257705763,0.0018918511170637874
IMG_0502.JPG,39.91482164328658,2.5623647294589182,0.4783660752379605,0.04554970978107673,0.986970878995031,0.0020747760611403176
IMG_0503.JPG,36.07183967935872,2.4186212424849702,0.49581321146157037,0.05315756952572925,0.9887849720443425,0.0028257271978827385
IMG_0504.JPG,34.42191583166333,2.3250981963927853,0.5128631960814478,0.05628726933980872,0.9899531812902704,0.0031682566897321706
IMG_0505.JPG,42.92838877755512,2.6806372745490985,0.47367056465409824,0.057021754339461786,0.9857979508871118,0.003251480467949929
IMG_0506.JPG,25.759030060120242,1.974637274549098,0.5504450057279701,0.07339577981202246,0.9870146842560168,0.005386940494214883
IMG_0507.JPG,47.872480961923856,2.7624368737474954,0.47041648230179023,0.03749368483497465,0.9754368312463229,0.0014057764025044081
IMG_0508.JPG,36.327354709418834,2.3358436873747492,0.5316345934417808,0.044987416988290896,0.9834529577420098,0.0020238676872783644
IMG_0509.JPG,85.21357915831665,3.798012024048097,0.42515843386037366,0.03971764261098281,0.9725319009216374,0.0015774911345737572
IMG_0510.JPG,54.265739478957904,3.004352705410821,0.467186846283383,0.051536382828299844,0.9717675847436824,0.002655998755025079
IMG_0511.JPG,53.79845691382766,2.8902565130260522,0.4776130356536207,0.055853774895737666,0.9639513188888074,0.003119644170103735
IMG_0512.JPG,45.647034068136286,3.0985210420841693,0.4087227145501836,0.04923101049957902,0.9559472332099752,0.00242369239480966
IMG_0513.JPG,49.81425651302605,3.2538797595190383,0.413237724312334,0.04762874328342378,0.953926071973715,0.002268497186758286
IMG_0514.JPG,51.52341482965932,3.2168016032064126,0.4205239944604794,0.04238935197919661,0.9688059177424878,0.0017968571612162199
IMG_0515.JPG,48.25860120240481,3.0842364729458915,0.43868791679918756,0.04942802559619893,0.9685173928573322,0.002443129714338497
IMG_0516.JPG,45.36517034068136,2.8932344689378753,0.43543941658856616,0.045999116199005326,0.9673962993550581,0.002115918691089594
IMG_0517.JPG,40.6012745490982,2.8464448897795593,0.4302948389725415,0.04781591901234921,0.966583827901633,0.0022863621109955384
IMG_0518.JPG,18.621274549098203,2.295430861723447,0.43990316059154033,0.04764176099403642,0.9912880719197537,0.00226973739061289
IMG_0519.JPG,21.49556713426854,2.362637274549098,0.4392707547485585,0.045535782764964346,0.9899579858830534,0.002073507512018024
IMG_0520.JPG,18.07550300601202,2.0855230460921845,0.4712351462426867,0.06366271556923393,0.984335600566558,0.004052941353649181
IMG_0521.JPG,24.53459318637275,2.352597194388778,0.4515418090318371,0.06367048953183843,0.9733143348746828,0.004053931237223947
IMG_0522.JPG,26.045639278557115,2.4720841683366737,0.43110362386808654,0.053465870636269314,0.9808357508225696,0.0028585993228942854
IMG_0523.JPG,25.22026052104209,2.309078156312625,0.4570900292891566,0.05270448996048564,0.9828299043734895,0.0027777632619949318
IMG_0524.JPG,16.85677354709419,2.092733466933868,0.46887752812802874,0.06413085359220105,0.9855073154938655,0.004112766382464327
IMG_0525.JPG,11.821298597194389,1.7172665330661325,0.5213753414895906,0.07361602515322875,0.9889755773339138,0.005419319159360809
IMG_0526.JPG,13.132204408817636,1.4952825651302606,0.5845493182117132,0.09063771338449536,0.9870853785941964,0.008215195087569929
IMG_0527.JPG,23.642132264529053,2.1460360721442884,0.47987943506227043,0.059793538848969124,0.9850434191384455,0.00357526728808318
IMG_0528.JPG,17.4058877755511,1.764396793587174,0.5535714790874304,0.05057215619048779,0.9914787624709106,0.002557542981755093
IMG_0529.JPG,25.54622044088177,2.0461643286573152,0.5256111169290433,0.04524934313561471,0.9893984673653641,0.002047503054204602
IMG_0530.JPG,33.842729458917844,2.48687374749499,0.4474945746953425,0.04277312026388966,0.9853615357613844,0.0018295398171091683
IMG_0531.JPG,22.950629258517033,2.2369539078156313,0.4669185198988143,0.04023003551086918,0.9889991206517231,0.0016184557572057948
IMG_0532.JPG,13.072753507014028,1.6984128256513027,0.5399406460168589,0.0449448051491777,0.9940378070924297,0.0020200355098975503
IMG_0533.JPG,7.640184368737476,1.2845771543086175,0.6189014176885517,0.06087444357635971,0.9963376417806569,0.0037056978807314023
IMG_0534.JPG,9.980208416833669,1.581314629258517,0.5542163452212966,0.0708366466931975,0.994947568779075,0.005017830514736889
IMG_0535.JPG,40.934268537074146,2.578725450901803,0.4879319160452926,0.05142558351830567,0.9864426144222018,0.002644590640198232
IMG_0536.JPG,38.609719438877754,2.8537835671342684,0.43145375995102414,0.04700264483506732,0.9871726489258208,0.0022092486214914803
IMG_0537.JPG,19.56502605210421,1.8294829659318634,0.5598408596872742,0.05782852945319986,0.9921050221851687,0.003344138818719604
IMG_0538.JPG,14.53608416833667,1.7968537074148296,0.5476323843816551,0.053161633651844835,0.9943242360216552,0.0028261592925329614
IMG_0539.JPG,37.945078156312626,2.895555110220441,0.4257957831463356,0.046766796774947446,0.9823353531367284,0.002187133280589235
IMG_0540.JPG,35.53077354709418,2.617306613226453,0.4625654774059349,0.05315168182398134,0.9856881781596241,0.002825101280717748
IMG_0541.JPG,29.062372745490986,2.58786372745491,0.4446685954786744,0.051892846623137645,0.988904460131856,0.0026928675306524884
IMG_0542.JPG,25.413567134268526,2.167771543086172,0.5051812502472918,0.07010649292125136,0.9850034785277999,0.004914920349717467
IMG_0543.JPG,9.52559118236473,1.3341523046092185,0.6170687251606904,0.09243199828267745,0.9923661101022961,0.008543674306528888
IMG_0544.JPG,32.514801603206415,2.0393947895791587,0.5386605006948493,0.05838235613637141,0.9809130769845624,0.0034084995080341045
IMG_0545.JPG,45.74788376753507,2.6784649298597194,0.479074452719483,0.050446280910705965,0.9797037099100808,0.002544827257721857
IMG_0546.JPG,28.033863727454914,2.0975350701402813,0.54764617491609,0.05949721785136245,0.9866976633527768,0.0035399189320524825
IMG_0547.JPG,39.664284569138275,2.2920360721442887,0.5454670353262602,0.0574951090049207,0.9877320636868053,0.003305687559487713
IMG_0548.JPG,23.817579158316626,1.64404008016032,0.6404608382414215,0.1008980922434781,0.9869596369488604,0.010180425018373416
IMG_0549.JPG,43.439206412825655,2.5058757515030057,0.5114826948250081,0.08146027780663342,0.9736218683126893,0.006635776860333893
IMG_0550.JPG,31.406340681362728,2.296320641282566,0.5206381267611737,0.06562590557770343,0.9868028502534688,0.0043067594828936455
IMG_0551.JPG,44.21894589178357,2.4823927855711423,0.5225753697550224,0.06325866698849136,0.9810911771082098,0.004001658949160847
IMG_0552.JPG,58.30163126252505,2.635707414829659,0.5426518729594734,0.06584801680707193,0.9738772558336595,0.004335961317424428
IMG_0553.JPG,20.45341082164329,1.830557114228457,0.5885430252562692,0.07341314723390081,0.9803310021420788,0.005389490186786399
IMG_0554.JPG,28.089454909819633,2.2858316633266527,0.5246716951408505,0.07945222452078529,0.9784409647852881,0.006312655981301276
IMG_0555.JPG,21.00553907815631,1.8571142284569138,0.5898416463862846,0.08733773195000541,0.9858287965870717,0.007627879422170996
IMG_0556.JPG,39.68854909819639,2.283162324649299,0.5595663076544194,0.06770033459204083,0.9816871693194018,0.004583335303874282
IMG_0557.JPG,50.23433667334669,2.483122244488978,0.5615253829512711,0.07410569642309854,0.9791564586190367,0.0054916542423524405
IMG_0558.JPG,57.24906613226454,2.657627254509018,0.5459161166441255,0.07654136140481686,0.9781287410041483,0.005858580005702789
IMG_0559.JPG,37.454236472945894,2.3452344689378757,0.5133427800298476,0.0552866354718656,0.9852749394332176,0.0030566120617989477
IMG_0560.JPG,31.909186372745488,2.172633266533066,0.5445239132211876,0.06446056360585514,0.9876783817868996,0.004155164260384496
IMG_0561.JPG,73.74083366733467,3.5176833667334675,0.4263192040415495,0.048078931688991695,0.9727359423430361,0.00231158367235473
IMG_0562.JPG,52.98669338677355,2.9728176352705407,0.4602501909159777,0.05344942387234396,0.9766038448000127,0.002856840912285492
IMG_0563.JPG,35.37298597194388,2.4372585170340684,0.5192153891239976,0.06324575728977691,0.9810135492775026,0.004000025815157369
IMG_0564.JPG,33.69549098196392,2.344188376753507,0.5275509169090267,0.0667564783665676,0.9710500058212218,0.004456427403906008
IMG_0565.JPG,25.702693386773543,2.001434869739479,0.5687001366803207,0.07442359109963056,0.9693247630525278,0.005538870912165009
IMG_0566.JPG,28.37393987975952,2.0222605210420848,0.5756992771517055,0.07924708034098996,0.9582577995898913,0.006280099742571316
IMG_0567.JPG,38.330577154308614,2.3235230460921845,0.5532538794412207,0.07617587732404009,0.9454868644726798,0.005802764286087205
IMG_0568.JPG,31.103743486973944,2.193579158316633,0.5551669157232986,0.07548187166298401,0.9577054469859012,0.005697512949747187
IMG_0569.JPG,22.971174348697392,1.8718396793587175,0.5817773634046769,0.07707762688629839,0.973325806182791,0.0059409605664234285
IMG_0570.JPG,41.48098196392786,2.5337194388777555,0.523648429902015,0.06878245979167125,0.955852454725385,0.004731026774992872
IMG_0571.JPG,25.529346693386774,1.982629258517034,0.5728200684961667,0.07214867677591753,0.9780686654063491,0.005205431560515821
IMG_0572.JPG,36.91881362725451,2.443839679358718,0.5160856534293438,0.06231342152505048,0.9731319076470554,0.0038829625021586252
IMG_0573.JPG,50.109727454909816,2.872685370741483,0.4751348272813069,0.05530492862285782,0.9664454941837475,0.003058635129979398
IMG_0574.JPG,38.674649298597195,2.603843687374749,0.4825615603137608,0.05468142728317304,0.9773835541221632,0.002990058489724941
IMG_0575.JPG,38.193555110220444,2.51908617234469,0.495580678468352,0.057011013652521925,0.9805539473113426,0.003250255677688041
IMG_0576.JPG,70.45262525050101,3.335983967935872,0.43939136307099563,0.05036294916790477,0.9661050305342475,0.0025364266488889595
IMG_0577.JPG,38.274689378757515,2.371178356713427,0.5204369220281387,0.06673170314278311,0.9831151252111504,0.004453120204336528
IMG_0578.JPG,34.35658517034067,2.547238476953908,0.46439137377739387,0.05240277231198501,0.9846428001835101,0.0027460505459817423
IMG_0579.JPG,12.40593587174349,1.5111462925851704,0.6111610503896677,0.05927095311659722,0.9944030523573925,0.0035130458833498657
IMG_0580.JPG,22.983719438877756,1.8086492985971943,0.5824312392637142,0.0577305791743695,0.990229145656704,0.0033328197718081455
IMG_0581.JPG,39.29523446893788,2.2586012024048094,0.5353756550945545,0.06350404335975827,0.9801933651812231,0.00403276352303806
IMG_0582.JPG,31.805691382765527,1.7502284569138276,0.5973410803581671,0.07573918689839752,0.9778216453154236,0.005736424432030392
IMG_0583.JPG,34.19586773547094,1.893647294589179,0.5725262778398097,0.08172955127325188,0.9723243854217412,0.006679719551327107
IMG_0584.JPG,24.327943887775547,1.926821643286573,0.5646654415794766,0.06320620175000942,0.9887717544591421,0.003995023939662893
IMG_0585.JPG,31.485282565130248,2.0275110220440875,0.5596281208642637,0.06054029919645157,0.9858181401164012,0.003665127826795874
IMG_0586.JPG,39.43388376753508,2.349498997995992,0.5212236803086898,0.05348565672251069,0.9835239377672647,0.002860715475038253
IMG_0587.JPG,23.25502605210421,1.7517555110220442,0.5850641782473147,0.05610320840820785,0.9906619223737612,0.003147569993694804
IMG_0588.JPG,22.950480961923844,1.8582004008016033,0.5708601466246328,0.057935301454483425,0.9911060656553461,0.003356499154621869
IMG_0589.JPG,28.866821643286574,1.9364408817635275,0.5797184208694692,0.06330802692762413,0.9893183251696301,0.004007906273468782
IMG_0590.JPG,24.250897795591186,1.8314669338677356,0.5929721709304443,0.06933063641445933,0.9877162411036688,0.004806737145633954
IMG_0591.JPG,19.65417635270541,1.5628657314629257,0.6316731908703248,0.07239358536141942,0.9847981168132884,0.0052408312014811205
IMG_0592.JPG,20.098829659318636,1.6327775551102208,0.6105551250728735,0.07658997527846166,0.9784798264396668,0.005866024313155369
IMG_0593.JPG,11.821118236472945,1.1768617234468939,0.6735490335269758,0.1019248423656918,0.9822602305730268,0.01038867349127112
IMG_0594.JPG,16.588144288577155,1.5366813627254512,0.582089737746018,0.06628252389888095,0.9919339886021904,0.004393372974405725
IMG_0595.JPG,17.343955911823645,1.6458877755511023,0.5626806228239758,0.06603890276318915,0.9922118524941419,0.00436113667816595
IMG_0596.JPG,6.604821643286574,1.2728296593186375,0.5872569089431885,0.07891986545396817,0.9955530754479687,0.006228345163272439
IMG_0597.JPG,17.756232464929862,1.706012024048096,0.5447414431402244,0.071020167454635,0.992279832385149,0.0050438641852843975
IMG_0598.JPG,10.605759519038076,1.1435551102204409,0.661776720596237,0.07534985459806441,0.9954568333173138,0.0056776005879494475
IMG_0599.JPG,17.14233266533066,1.4902525050100202,0.6061973317125795,0.06491198855966474,0.9929797002269282,0.004213566258770045
IMG_0600.JPG,13.534789579158316,1.301627254509018,0.647355308649447,0.07427192612802651,0.9937740471528633,0.005516319010767026
IMG_0601.JPG,26.567338677354705,2.2983206412825643,0.5003936998109941,0.062472136029185645,0.992272878049149,0.003902767780049075
IMG_0602.JPG,29.41522244488978,2.445314629258517,0.4880901578006783,0.04783554499010693,0.9920476056254366,0.002288239364500544
IMG_0603.JPG,34.28615631262525,2.6879759519038076,0.46623461203445093,0.04933181848204791,0.9918111939382481,0.0024336283147457236
IMG_0604.JPG,27.30723847695391,2.4715511022044083,0.4742476932105783,0.05583406995461927,0.9930093456433784,0.003117443367697319
IMG_0605.JPG,28.877827655310625,2.2816593186372742,0.5192710211603647,0.06109461092215074,0.9924777260868719,0.0037325514837289807
IMG_0606.JPG,27.816008016032065,2.3037995991983964,0.5076007040036951,0.059415348841668825,0.9920486150095058,0.003530183677977197
IMG_0607.JPG,16.70353106212425,1.884124248496994,0.5412780335105498,0.0751420627682651,0.9935558270011028,0.005646329597069892
IMG_0608.JPG,19.76479759519038,2.2816072144288575,0.46920503527926555,0.05653311870104307,0.9934039444931102,0.0031959935100662256
IMG_0609.JPG,28.477543086172343,2.399859719438878,0.5115606061667051,0.05288628837567093,0.989377943491128,0.002796959498154626
IMG_0610.JPG,27.72333867735471,2.329679358717435,0.501400826683571,0.04817579409744202,0.9890645590841175,0.0023209071369191293
IMG_0611.JPG,32.74197995991984,2.8029979959919844,0.4373304726535334,0.03829004682987724,0.9885694107598917,0.0014661276862341917
IMG_0612.JPG,21.15549098196393,1.8047815631262525,0.5281324666259247,0.06118510109428018,0.9921879789813937,0.0037436165959172855
IMG_0613.JPG,34.7572384769539,2.0273627254509017,0.5246085164498538,0.057652896357492725,0.9917622679881789,0.003323856458407798
IMG_0614.JPG,43.19277755511022,2.665931863727455,0.4475330382273865,0.04798409933782117,0.9912275461319198,0.00230247378926189
IMG_0615.JPG,25.79602004008016,1.9024569138276552,0.5663654510620062,0.052923898651153406,0.9924152133941299,0.002800939048437557
IMG_0616.JPG,28.844220440881763,2.1667695390781563,0.5322958463780283,0.04550657815334267,0.9948562729983897,0.0020708486552262844
IMG_0617.JPG,59.23262925851706,2.8544649298597196,0.4738500022446133,0.0459619190856094,0.9899907557715244,0.0021124980060321054
IMG_0618.JPG,34.97102605210421,2.5361402805611224,0.5734401526385372,0.0694162725671212,0.9925547585641409,0.0048186188971128625
IMG_0619.JPG,22.937679358717435,2.010208416833667,0.5865551623705195,0.06936512481123458,0.9926354569251672,0.004811520540078152
IMG_0620.JPG,19.99618436873747,1.8739398797595184,0.5870509533083921,0.0691513927903036,0.9927235401336691,0.004781915124838854
IMG_0621.JPG,18.09774348697395,1.998657314629259,0.48852461663964536,0.04069297454150328,0.993752971807634,0.001655918177035434
IMG_0622.JPG,32.770408817635264,2.322376753507014,0.49515056658352685,0.041200439548274334,0.9896182484559808,0.001697476218971008
IMG_0623.JPG,19.404637274549103,1.9197394789579159,0.5133682336855295,0.046163224247430794,0.9924340145006835,0.0021310432729185827
IMG_0624.JPG,22.438845691382767,2.2402004008016028,0.4811115735703933,0.04023707929398256,0.9935204479063271,0.0016190225501102405
IMG_0625.JPG,10.429494989979963,1.7704569138276558,0.5054454765873553,0.03959706046008378,0.996980425318961,0.0015679271970795304
IMG_0626.JPG,16.12698597194389,1.888124248496994,0.5202745319880424,0.04290036769571465,0.9949124561929521,0.0018404415484275167
IMG_0627.JPG,34.26447695390782,2.7629058116232468,0.45313156493452744,0.03726676163614555,0.9905749962320595,0.0013888115228452896
IMG_0628.JPG,26.483010020040084,2.503579158316634,0.4752187686525106,0.03897921898309507,0.9923709746701485,0.0015193795125320786
IMG_0629.JPG,23.1841122244489,2.2794709418837678,0.49679879474846994,0.04143322383427405,0.9939065652140358,0.001716712037301055
IMG_0630.JPG,20.794813627254513,2.1119278557114236,0.5127917894140268,0.04366198366767036,0.9951309717633617,0.001906368817795913
IMG_0631.JPG,34.743515030060124,2.497118236472946,0.49423180638342795,0.04690917617432841,0.992214085143746,0.00220047080935418
IMG_0632.JPG,33.259875751503,2.4075791583166333,0.5030463214738108,0.050100615870020786,0.993105587277526,0.002510071710555379
IMG_0633.JPG,34.71985971943888,2.358168336673347,0.5095687483526555,0.05324105654443254,0.9940667644648997,0.0028346101019674635
IMG_0634.JPG,27.096905811623245,2.010052104208417,0.5562015545484332,0.04951291634943515,0.9915228720425214,0.0024515288854261626
IMG_0635.JPG,37.07324649298597,2.502865731462926,0.49463329821803953,0.049397836718877985,0.9809055763959025,0.00244014627250493
IMG_0636.JPG,37.32238076152304,2.4635110220440883,0.5046302642214608,0.051946027736789795,0.9798002132871579,0.002698389797631335
IMG_0637.JPG,39.24971142284569,2.5504408817635267,0.5001686773364219,0.04976197600585214,0.9824013569698065,0.002476254256007004
IMG_0638.JPG,43.01094589178358,2.6744889779559116,0.48300340309041195,0.046837256318056214,0.981590266806084,0.0021937285794032964
IMG_0639.JPG,13.240280561122246,1.6010260521042081,0.593948902539169,0.05775695629565455,0.9968326341784638,0.0033358660005381497
IMG_0640.JPG,63.077318637274566,3.780308617234469,0.4072893684462861,0.04223650156641791,0.9849107567570144,0.0017839220645700226
IMG_0641.JPG,57.31860120240483,3.5703446893787585,0.41617713423783426,0.04338625398292119,0.987024751121306,0.0018823670346705445
IMG_0642.JPG,52.62799599198397,3.390072144288577,0.4218919207177718,0.04475863761579796,0.986450401019328,0.002003335641222324
IMG_0643.JPG,34.88773547094189,3.011967935871744,0.39108485582819696,0.04650866667708306,0.9847166528576186,0.0021630560760800164
IMG_0644.JPG,13.660264529058116,2.0221963927855713,0.4983300941045853,0.05777410413885926,0.9941648783569366,0.0033378471090477545
IMG_0645.JPG,61.690040080160315,4.099362725450902,0.3435055654198344,0.04013217306469109,0.975811261812694,0.0016105913148943174
IMG_0646.JPG,56.62654509018036,3.8522044088176353,0.35696547338837764,0.04074188337127176,0.9797228761596151,0.0016599010606383109
IMG_0647.JPG,20.026224448897796,2.0443567134268537,0.508448982454518,0.06286631094245827,0.9912288131438199,0.0039521730515138485
IMG_0648.JPG,19.175831663326655,2.1928897795591187,0.47864746180459655,0.06543596183249216,0.9891594493752175,0.00428186510094337
IMG_0649.JPG,26.717318637274552,2.2283567134268543,0.5297498015766325,0.06349333844183855,0.9899106973151195,0.004031404026489853
IMG_0650.JPG,49.20179559118236,3.159879759519038,0.46999499109420007,0.053302592552574884,0.9872201362539279,0.002841166372825812
IMG_0651.JPG,65.07349098196394,3.7867815631262522,0.4213224453216814,0.04515967416954771,0.9840083224111353,0.002039396171099715
IMG_0652.JPG,56.441250501002,3.6767695390781565,0.3968583916100135,0.038972014837447125,0.9901980834299628,0.0015188179404901987
IMG_0653.JPG,57.30321042084168,3.3614549098196393,0.4493190854064681,0.04235359447024943,0.9885899851455495,0.0017938269645503431
IMG_0654.JPG,74.00981563126251,3.9235470941883768,0.41624385751821796,0.04071780740166442,0.984991933015412,0.0016579398395990378
IMG_0655.JPG,62.92618837675351,3.579815631262525,0.4405591101924269,0.044272272409271084,0.9863635324817914,0.0019600341042807054
IMG_0656.JPG,56.166180360721434,3.2653306613226447,0.4506314163029331,0.04767897142480365,0.9814220194644916,0.0022732843161272433
IMG_0657.JPG,49.944120240480956,3.183406813627255,0.45306151033777514,0.05328351926409299,0.9874199494146692,0.0028391334251669687
IMG_0658.JPG,53.48332665330661,3.2419959919839676,0.4679537684099592,0.05411331149469382,0.9892448592957446,0.0029282504809217623
IMG_0659.JPG,30.380332665330666,2.3542484969939883,0.5298539153377454,0.06816415108078651,0.9908483620281999,0.004646351492564288
IMG_0660.JPG,39.469430861723446,2.588196392785571,0.5405462406377145,0.07572935547979008,0.9853742040024336,0.005734935281384412
IMG_0661.JPG,70.41465731462927,3.7370621242484976,0.4259575476433343,0.048841631728882694,0.9792673552535703,0.0023855049899398004
IMG_0662.JPG,66.78818036072144,3.658208416833668,0.433163222023838,0.052926343028347166,0.9838992543820814,0.0028011977863542726
IMG_0663.JPG,60.861338677354716,3.454396793587175,0.4695450924066974,0.060606297102702225,0.9863403928949166,0.003673123248501012
IMG_0664.JPG,43.46604408817636,2.736649298597195,0.5220770156777037,0.07052524092259688,0.9882197878012089,0.004973809607190333
IMG_0665.JPG,31.856204408817632,2.2074028056112223,0.5381271790480078,0.050338260938327245,0.9922795497554474,0.0025339405142951227
IMG_0666.JPG,34.61602805611222,2.229142284569138,0.5511137913052707,0.049500580487956934,0.9903631256394891,0.002450307468644703
IMG_0667.JPG,38.97689378757514,2.637390781563126,0.5003006725529319,0.03976607485627746,0.9916796903980467,0.0015813407094750623
IMG_0668.JPG,46.50641683366734,2.7557314629258514,0.5082346107101318,0.03881457213154592,0.9933162622879381,0.0015065710097549808
IMG_0669.JPG,33.56733466933867,2.676705410821643,0.5252382745127467,0.05316980304374863,0.9931552526144705,0.002827027955711021
IMG_0670.JPG,93.14237274549095,3.9722244488977942,0.44399890649954404,0.045760375345480164,0.9812637338943142,0.002094011951759229
IMG_0671.JPG,99.56198396793587,3.7562605210420843,0.4498899357729908,0.046666813634672705,0.971360957996996,0.0021777914948132742
IMG_0672.JPG,51.0074869739479,2.725298597194389,0.5276988397031174,0.05184594038235188,0.9871186023180784,0.0026880015341303855
IMG_0673.JPG,33.75274148296592,2.3034509018036067,0.5677350350690027,0.053003737710280344,0.9918361183184229,0.0028093962112601947
IMG_0674.JPG,23.687551102204417,1.9221563126252508,0.5985846274363207,0.0603210187139904,0.9936581459510979,0.0036386252986935802
IMG_0675.JPG,49.530244488977964,2.7769539078156322,0.4748457233796493,0.04424863023127686,0.9850757144646652,0.0019579412773442686
IMG_0676.JPG,35.23872945891783,2.578905811623246,0.47640893964541325,0.05164448810856172,0.9848022390627184,0.0026671531519953727
IMG_0677.JPG,20.66444088176353,1.9235430861723448,0.5946916610604817,0.06419256676413994,0.9928439430729162,0.0041206856277685635
IMG_0678.JPG,57.48710621242485,3.198881763527054,0.46457433128857517,0.044858296288609566,0.9823171756388328,0.002012266745916683
IMG_0679.JPG,64.34932264529057,3.382573146292585,0.4532354349140751,0.0433942300377073,0.9801302713063694,0.0018830592005654584
IMG_0680.JPG,70.27685370741483,3.5854148296593196,0.44365316639750235,0.041694688322965794,0.980572255538465,0.00173844703434926
IMG_0681.JPG,69.78284168336674,3.480733466933868,0.4535629784577876,0.044331005982419215,0.9800042747903062,0.001965238091413288
IMG_0682.JPG,75.49289779559119,3.6127374749499,0.45360646536878774,0.046853340469067827,0.9798871088577975,0.002195235513110389
IMG_0683.JPG,60.44895791583168,3.235218436873748,0.4920612635573904,0.047975758366803505,0.98571222062963,0.0023016733908699165
IMG_0684.JPG,114.03245691382769,4.342845691382766,0.4228205813792001,0.0386700762566041,0.9789267983435151,0.0014953747976915758
IMG_0685.JPG,117.0670981963928,4.437158316633267,0.41903668229126,0.03755750875109397,0.9786372579778159,0.0014105664635884999
IMG_0686.JPG,123.37159519038076,4.570825651302606,0.4122968901140916,0.03737824479833262,0.9797118805264738,0.0013971331842040793
IMG_0687.JPG,140.0850260521042,4.75498997995992,0.4126570789168254,0.04108780928029052,0.9778788241947366,0.0016882080714535283
IMG_0688.JPG,136.5044889779559,4.7555831663326655,0.4069185605715575,0.04189457033403972,0.9791887295378319,0.001755155023473801
IMG_0689.JPG,125.78123446893792,4.591583166332667,0.41666128571823335,0.043429213600865296,0.9816993343797159,0.0018860965939895833
IMG_0690.JPG,120.91229659318638,4.525691382765531,0.41773063110675723,0.04121046245377201,0.9824390330738924,0.0016983022156537523
IMG_0691.JPG,114.17038076152305,4.373314629258517,0.4261368477438092,0.042532559650781274,0.9829738346820658,0.0018090186304472674
IMG_0692.JPG,129.12183967935871,4.261254509018035,0.46690710908718114,0.05071529525227484,0.9809277022992381,0.0025720411725254112
IMG_0693.JPG,128.56860521042086,4.111458917835672,0.4772707192133091,0.05809998418430264,0.9787125028204776,0.003375608162216217
IMG_0694.JPG,116.9331382765531,3.8318236472945895,0.5079862279227436,0.07277265799438182,0.980406754928482,0.005295859751567263
IMG_0695.JPG,127.93552304609217,3.9893747494989977,0.4904535277729002,0.06047587313632999,0.9798867182571568,0.003657331231601479
IMG_0696.JPG,105.66851703406813,3.68613627254509,0.5025156085998835,0.07140488175134205,0.9815582071688641,0.005098657137923141
IMG_0697.JPG,88.04709418837675,3.376176352705411,0.5221277419017548,0.07579156414362066,0.9836064203656782,0.0057443611953365645
IMG_0698.JPG,90.4060641282565,3.4194348697394794,0.5117924633088359,0.0661838606036547,0.9819712299320986,0.004380303404403998
IMG_0699.JPG,81.58513426853708,3.1016713426853704,0.5373817507502201,0.0843651350389277,0.9800248691501382,0.0071174760101365055
IMG_0700.JPG,44.33874949899799,2.2965210420841675,0.5893292126378972,0.09091422389727001,0.9866249637023339,0.00826539610684294
IMG_0701.JPG,56.89486573146293,2.7209338677354706,0.5197380865283707,0.05563503998078874,0.9848757267973497,0.003095257673663961
IMG_0702.JPG,67.18933066132263,2.9389579158316628,0.4887441032761218,0.060233561870226424,0.980609636790336,0.0036280819755743943
IMG_0703.JPG,58.01703006012022,2.7473547094188375,0.5015336924332875,0.058844133007715904,0.9831588096782182,0.00346263198942976
IMG_0704.JPG,52.94929058116231,2.494452905811622,0.5288843172749284,0.06912005382692335,0.9839601843016583,0.0047775818410367805
IMG_0705.JPG,52.577579158316645,2.4605130260521046,0.5271497639430579,0.062235786226064155,0.9843018737323189,0.003873293087176357
IMG_0706.JPG,55.06020841683366,2.51190380761523,0.5202452971828762,0.06896335608242012,0.9830886114262224,0.0047559444821506725
IMG_0707.JPG,50.67915430861723,2.360012024048096,0.547756841801423,0.056746222699201286,0.9861118104647278,0.003220133790627347
IMG_0708.JPG,44.17827655310621,2.2037995991983967,0.5792612023346555,0.06022115165019579,0.9882584776291191,0.0036265871060758787
IMG_0709.JPG,43.767338677354715,2.2712985971943884,0.5857494144795545,0.06169266331492528,0.9885088210013968,0.0038059847068887273
IMG_0710.JPG,66.99597995991984,2.5749138276553105,0.55627290864326,0.05593699780200501,0.9822277903006339,0.003128947723101514
IMG_0711.JPG,61.206152304609226,2.516404809619238,0.5585434727335832,0.05707986091122238,0.9837269431694396,0.003258110521644492
IMG_0712.JPG,53.181827655310606,2.3053947895791578,0.5774315931687058,0.06589591578985957,0.9828920557985209,0.004342271717784263
IMG_0713.JPG,44.09155911823647,2.3214028056112217,0.5607812681619033,0.054603756010011995,0.9879567087802416,0.002981570170400921
IMG_0714.JPG,51.29365931863727,2.446789579158316,0.5463192232576212,0.0582049432127197,0.9857341514890066,0.0033878154143959244
IMG_0715.JPG,38.166148296593185,2.520328657314629,0.519561268861502,0.05412947633992502,0.9888275463505013,0.0029300002088345025
IMG_0716.JPG,22.96847294589178,1.9941482965931863,0.5629986046705566,0.05877041014481629,0.9893911288694935,0.003453961108589926
IMG_0717.JPG,21.629999999999995,1.9253827655310618,0.565391737302132,0.05453463981407453,0.9909409246043648,0.0029740269396508435
IMG_0718.JPG,14.236833667334672,1.6208737474949897,0.608390168767768,0.06414745529245809,0.9948492613080274,0.00411489602049791
IMG_0719.JPG,11.360637274549097,1.4492064128256514,0.6396513303226193,0.06657144479443891,0.9963220574991825,0.004431757262019028
IMG_0720.JPG,22.489478957915836,1.805679358717435,0.6117269643530577,0.07106778740826816,0.9940947702892596,0.005050630407106799
IMG_0721.JPG,43.73394789579157,2.3690661322645292,0.5742915259854182,0.05464830121380643,0.9911025148267522,0.002986436825554917
IMG_0722.JPG,47.83009619238478,2.523675350701403,0.5644815204402913,0.05746738035809242,0.9913343017769982,0.0033024998052216667
IMG_0723.JPG,46.803731462925846,2.540853707414829,0.5583572199233139,0.05415716712503556,0.992653550056387,0.002932998751009032
IMG_0724.JPG,60.62451703406815,2.9398517034068137,0.5501150015676155,0.059989176510336945,0.9921079510595021,0.0035987012983883615
IMG_0725.JPG,58.97244488977956,2.8798997995991984,0.5625061185965051,0.062484945323612234,0.9922360742605804,0.0039043683920948107
IMG_0726.JPG,55.40671342685371,2.761807615230461,0.572805342296944,0.073310009607177,0.9907051749684115,0.005374357508604383
IMG_0727.JPG,61.59563527054108,2.9071462925851703,0.5428583550494996,0.05740472913004878,0.9927302194753735,0.0032953029264942706
IMG_0728.JPG,56.04240480961922,2.7566252505010014,0.5570640935057257,0.05910777482924626,0.9931796957213043,0.003493729045264877
IMG_0729.JPG,56.12922244488978,2.830537074148296,0.5319048502538675,0.043927770047310535,0.991196290020478,0.0019296489813293925
IMG_0730.JPG,55.087374749499,2.8883446893787577,0.5203839968073557,0.04381569533134041,0.9913239664163183,0.0019198151573688457
IMG_0731.JPG,55.62984368737476,3.072224448897796,0.4806328025439214,0.0393948677698503,0.9914074848895275,0.00155195560660399
IMG_0732.JPG,45.883234468937886,2.846,0.4872400170461552,0.04012212742735298,0.9924261188122789,0.0016097851092967503
IMG_0733.JPG,49.285290581162315,2.9372184368737475,0.49099968676010636,0.041977302717037666,0.9916136429457144,0.001762093943397818
IMG_0734.JPG,39.38247294589178,2.5960440881763525,0.5082266811641519,0.04469848393453989,0.9934299038744341,0.00199795446604632
IMG_0735.JPG,23.425498997995998,2.0125691382765534,0.554288667935995,0.046511241578680626,0.996123293717347,0.002163295593190389
IMG_0736.JPG,26.03830460921844,2.112412825651303,0.5375553077400033,0.04238685128748799,0.9955273293483727,0.001796645162067622
IMG_0737.JPG,17.12184769539078,1.696805611222445,0.5913775646760806,0.05947408503285121,0.9962299398493084,0.0035371667904948167
IMG_0738.JPG,18.178977955911822,1.7985450901803601,0.5782975455744308,0.06440432379917062,0.9953626046313236,0.004147916924028415
IMG_0739.JPG,14.0130621242485,1.614697394789579,0.5904722726788673,0.06546510877671187,0.9955635000503762,0.004285680467146718
IMG_0740.JPG,10.954188376753507,1.5106933867735473,0.6023148117948627,0.06931126857588589,0.995615789148279,0.004804051951598587
IMG_0741.JPG,16.257094188376755,1.741503006012024,0.5878649063706718,0.07126971657381588,0.9929406382149016,0.005079372500512045
IMG_0742.JPG,9.791959919839679,1.3365611222444889,0.6304869298254798,0.07738502879080092,0.9953026496173997,0.005988442680953088
IMG_0743.JPG,15.670344689378759,1.6796432865731465,0.596712060065627,0.07571110580013841,0.9929950284575556,0.005732171541479752
IMG_0744.JPG,14.852268537074146,1.589374749498998,0.5990978468411283,0.07230282791775103,0.9934724309773656,0.005227698924903917
IMG_0745.JPG,30.868388777555115,2.299595190380762,0.547035039126524,0.07184092626261396,0.9862531347614096,0.005161118686270336
IMG_0746.JPG,40.322729458917834,2.6215030060120244,0.44368140254134586,0.05293846444834342,0.9788272848894208,0.0028024810181485208
IMG_0747.JPG,20.70195991983968,1.5994268537074148,0.5914053992892382,0.07149892115635863,0.9865627058114752,0.005112095726523187
IMG_0748.JPG,23.253434869739486,1.9713106212424851,0.5307390828555838,0.05543804931396581,0.9899557671213406,0.003073377311737705
IMG_0749.JPG,16.68465330661323,1.6459839679358719,0.5803905254840022,0.06459120527673415,0.9917987256346165,0.004172023799101209
IMG_0750.JPG,35.1592985971944,2.5064649298597197,0.4709717771012255,0.055051838195789495,0.980895515652967,0.0030307048887353873
IMG_0751.JPG,22.649823647294593,1.9807334669338679,0.5197735187036963,0.05172425097537226,0.9905275112614028,0.002675398138963298
IMG_0752.JPG,29.920625250500997,2.351559118236473,0.4815528493679075,0.04899228517891547,0.9885888616916099,0.0024002440070521806
IMG_0753.JPG,31.51894589178356,2.3072985971943885,0.4850623074739454,0.04525765025503202,0.9870657043567266,0.0020482549066068
IMG_0754.JPG,22.474088176352705,1.9020480961923847,0.5386364543484446,0.060220245215571476,0.9887745156185292,0.0036264779338235596
IMG_0755.JPG,38.284180360721436,2.4986893787575153,0.48237130448033055,0.0524145121814994,0.9808428369880625,0.002747281087224549
IMG_0756.JPG,39.19506212424851,2.5866292585170343,0.46864445759273654,0.048464986539370515,0.9827701312695359,0.0023488549202613654
IMG_0757.JPG,26.623919839679363,2.217002004008016,0.49378382637203105,0.04959493538490466,0.9887317565389133,0.0024596576158328687
IMG_0758.JPG,28.429294589178355,2.2241563126252504,0.4954752065209206,0.0499232098549498,0.9874785055899293,0.0024923268822213567
IMG_0759.JPG,35.84145090180361,2.4473426853707414,0.4843968582032964,0.05185676677681649,0.9836677080250827,0.0026891242605451386
IMG_0760.JPG,29.76234068136273,2.2278076152304616,0.5021244210716178,0.05238010177105366,0.9876807693931794,0.0027436750615459386
IMG_0761.JPG,37.934657314629256,2.539731462925852,0.47379297953234145,0.05030928084221128,0.9835495847481878,0.0025310237388604865
IMG_0762.JPG,35.914496993987974,2.524869739478958,0.46932106855106265,0.04565591167894754,0.9854551376434596,0.0020844622712358585
IMG_0763.JPG,37.21766733466934,2.5531062124248494,0.46490966187194294,0.047423077730282794,0.9835350077825671,0.002248948301412444
IMG_0764.JPG,36.2122124248497,2.4890300601202404,0.4723534908233589,0.04500415360688523,0.9855400927038307,0.0020253738418721206
IMG_0765.JPG,36.21515430861724,2.4915871743486973,0.48518504705742843,0.04897291225928967,0.9840504797446332,0.0023983461351560847
IMG_0766.JPG,33.50323046092184,2.2506773547094188,0.518076939382159,0.05700628114070955,0.9838339331104131,0.0032497160894936167
IMG_0767.JPG,39.664709418837674,2.690529058116233,0.45506558654333074,0.04510782375812114,0.9817928773145966,0.0020347157641937177
IMG_0768.JPG,28.56313827655311,2.0718837675350708,0.5216184588117658,0.053834017622761715,0.987055761597417,0.0028981014534078193
IMG_0769.JPG,31.253250501002,2.094324649298597,0.526330628117145,0.06061965621734222,0.982731913802306,0.003674742719908757
IMG_0770.JPG,49.707823647294575,2.879486973947895,0.4551525028354509,0.05138227828280915,0.9729266421256973,0.002640138521532041
IMG_0771.JPG,19.378304609218432,1.8660240480961918,0.5178171895948587,0.04557116563821857,0.9902965584713193,0.002076731137625953
IMG_0772.JPG,14.33891382765531,1.3876272545090182,0.6177168985114715,0.0620819018515046,0.9915745683213271,0.0038541625374998497
IMG_0773.JPG,15.183250501002007,1.7158837675350704,0.5658562894459076,0.058457544911586334,0.9920272486851017,0.003417284557090133
IMG_0774.JPG,23.961919839679364,2.016476953907816,0.5257148795987843,0.04951842121739439,0.9908488000325272,0.0024520740398632944
IMG_0775.JPG,17.9321122244489,1.8393907815631267,0.5368298971588319,0.05588609632122334,0.9923464267697439,0.0031232557620250534
IMG_0776.JPG,20.745334669338682,2.072693386773547,0.5110011321633395,0.05509797473712852,0.98998978790501,0.0030357868201332525
IMG_0777.JPG,44.26500601202405,2.77248496993988,0.45970436013637866,0.049949383980950814,0.9797748308891009,0.0024949409600764656
IMG_0778.JPG,30.91700601202405,2.371074148296594,0.47525284331972767,0.05386886875239323,0.9861370165441815,0.002901855020662568
IMG_0779.JPG,8.239543086172345,1.3737955911823647,0.5839787967415577,0.05342025879103364,0.9963934758452366,0.0028537240493010066
IMG_0780.JPG,20.80151503006012,2.2091222444889778,0.44768219608997595,0.04087310185659632,0.9905837224856511,0.0016706104553796974
IMG_0781.JPG,16.696356713426855,1.745486973947896,0.5160529894458356,0.045866447837441586,0.9914112424776647,0.00210373103722475
IMG_0782.JPG,13.341478957915834,1.946721442885772,0.4715306196376279,0.045353169816558465,0.9912221458057773,0.0020569100124095898
IMG_0783.JPG,10.304316633266533,1.8427935871743486,0.48065813034318533,0.048501430758145746,0.9921896490087798,0.0023523887855872064
IMG_0784.JPG,15.72769138276553,2.1980961923847695,0.4506063159007786,0.050771115981897784,0.9863537358473131,0.0025777062180473167
IMG_0785.JPG,24.59466132264529,2.663014028056112,0.4108155792212796,0.03921354687125181,0.9894835144513673,0.0015377022582238624
IMG_0786.JPG,21.563983967935872,2.2599919839679363,0.4843632653562874,0.05067930011627291,0.9878991127022201,0.0025683914602752595
IMG_0787.JPG,27.76328657314629,2.634717434869739,0.46029076367853755,0.0472965551882393,0.9855847854732811,0.002236964132674166
IMG_0788.JPG,38.316601202404804,3.334677354709419,0.4179717192127339,0.04394708741867164,0.9858408066781339,0.0019313464925843672
IMG_0789.JPG,29.201707414829656,2.7623647294589184,0.4355192601108541,0.04556660166711148,0.9906277680826083,0.002076315187489207
IMG_0790.JPG,7.31955511022044,1.492076152304609,0.5605227521437331,0.047913470295319026,0.9974819477353286,0.002295700635740419
IMG_0791.JPG,5.113190380761522,1.1035390781563126,0.6405850742122051,0.05698451916755401,0.9981158900364203,0.0032472354247573307
IMG_0792.JPG,34.350677354709426,2.0884008016032065,0.5384229299172901,0.05005652011680388,0.9873313836406373,0.0025056552062039917
IMG_0793.JPG,36.80492985971944,2.26124248496994,0.5315627476018834,0.056545825130041125,0.9845422629424059,0.0031974303396371906
IMG_0794.JPG,15.377959919839675,1.5880440881763527,0.5975335234801854,0.06804701922726343,0.9945355312940188,0.004630396825715559
IMG_0795.JPG,30.8230501002004,2.69483366733467,0.45735263734318893,0.05915701279173176,0.9897436288703036,0.0034995521624411148
IMG_0796.JPG,27.041723446893787,2.482452905811623,0.47461763077155195,0.05850750746018066,0.9911245111082463,0.0034231284292030955
IMG_0797.JPG,25.45836873747495,2.3313707414829663,0.4982681234858172,0.06477139443313773,0.99283999833452,0.004195333536813105
IMG_0798.JPG,64.25753907815631,2.8388456913827658,0.5231940600194511,0.07022949905431142,0.9777156436845479,0.004932182537419528
IMG_0799.JPG,60.56402805611223,3.052805611222445,0.45766287846391074,0.05320906386218849,0.9772048447718025,0.002831204477090453
IMG_0800.JPG,46.49021643286573,2.5765250501002,0.4891139123549438,0.04310106887006886,0.9858175939261934,0.001857702137742419
IMG_0801.JPG,28.174108216432867,1.9785330661322647,0.5568190085949113,0.047808986413968205,0.991316819517154,0.0022856991819309963
IMG_0802.JPG,33.09360320641282,2.0630300601202403,0.5504492203869817,0.05167610486070952,0.9866474985722622,0.0026704198135750457
IMG_0803.JPG,50.71941082164328,2.713647294589178,0.4831370787313742,0.049879027152998065,0.9764717165492449,0.0024879173497295184
IMG_0804.JPG,51.62823647294588,2.9680200400801597,0.4333113259601689,0.04085957569142182,0.9786717874862346,0.0016695049256830285
IMG_0805.JPG,33.61752304609219,2.5021643286573148,0.490872507259434,0.04919613813083222,0.9872117342719579,0.0024202600069879237
IMG_0806.JPG,51.31666533066132,3.1263486973947896,0.4457573026222087,0.04556973557965854,0.9819636384604505,0.002076600800799997
IMG_0807.JPG,33.005775551102204,2.4834909819639286,0.49637445904615174,0.05141442605976841,0.9881716137380615,0.0026434432070553933
IMG_0808.JPG,20.324617234468942,1.9829979959919843,0.5330533418093277,0.053305366055897335,0.9928268517526126,0.002841462050353212
IMG_0809.JPG,54.757527054108216,2.893254509018036,0.45596044438568073,0.045909554277373386,0.9796114119291817,0.002107687173947093
IMG_0810.JPG,22.21329058116232,1.9065410821643283,0.5540089921941111,0.05441284565299943,0.9925744579488329,0.0029607577720571383
IMG_0811.JPG,60.728440881763504,3.0901482965931852,0.4411901530605232,0.04133398581725004,0.979719832162844,0.0017084983835406276
IMG_0812.JPG,57.88285771543086,3.059066132264529,0.43028311147299325,0.04200892997673674,0.9792550572489459,0.0017647501977903705
IMG_0813.JPG,52.372749498998,2.9235951903807615,0.43591942632078684,0.04044078980547291,0.9794335842710066,0.0016354574800904412
IMG_0814.JPG,38.771739478957905,2.5189058116232466,0.47008206776379075,0.04737498719884486,0.9846333067278026,0.0022443894120907143
IMG_0815.JPG,31.03485771543086,2.190240480961924,0.5086753609105403,0.0480175480940056,0.9893750960460537,0.0023056849249601407
IMG_0816.JPG,47.626308617234486,2.5297875751503005,0.521108611110086,0.05396337118394688,0.9856411078016358,0.0029120454295364284
IMG_0817.JPG,54.60431663326652,2.7995310621242484,0.5140098034454055,0.059107913164083675,0.9834755426242485,0.003493745398612856
IMG_0818.JPG,36.05749498997996,2.205679358717435,0.5718401372540941,0.06655988883955656,0.9891510491446116,0.004430218802334127
IMG_0819.JPG,45.68972745490982,2.5106973947895797,0.544296325503986,0.061500235860748265,0.9845613974045242,0.0037822790109276667
IMG_0820.JPG,41.12466132264529,2.389310621242485,0.5507569000707928,0.06416195576229501,0.9849682952025479,0.004116756567242702
IMG_0821.JPG,60.987991983967945,3.427190380761523,0.4221262709092143,0.04641092691005055,0.9770037021509581,0.002153974136650054
IMG_0822.JPG,72.91104609218436,3.5734028056112224,0.41915852546401633,0.04447208393964397,0.968552871031997,0.001977766249934739
IMG_0823.JPG,47.45432865731463,2.8449819639278555,0.4676081455646612,0.04853519744373195,0.9755064478711978,0.0023556653909020445
IMG_0824.JPG,34.65581162324649,2.283322645290581,0.5183856833245171,0.05356289861926403,0.9859272605820721,0.002868984108497556
IMG_0825.JPG,19.028036072144285,1.7101362725450897,0.5845705537712259,0.059883704427763494,0.9935073675567669,0.0035860580559917412
IMG_0826.JPG,27.48215230460922,2.104973947895792,0.5368463026786937,0.04969383106055032,0.9915083136692704,0.002469476845474516
IMG_0827.JPG,23.5570501002004,2.0060360721442887,0.5484356129241647,0.05169904946607744,0.9931991870208507,0.0026727917156959217
IMG_0828.JPG,40.255991983967945,2.482781563126253,0.49695047901300343,0.045354076830771736,0.9882418898081845,0.0020569922851715458
IMG_0829.JPG,44.94503006012025,2.7435871743486975,0.4728587872944343,0.048960507602490766,0.9828609066553969,0.0023971313046935562
IMG_0830.JPG,75.70501803607215,3.927174348697395,0.3653027961768358,0.04192906315627985,0.9727850087260581,0.0017580463371633045
IMG_0831.JPG,65.50131863727454,3.1405651302605206,0.4597730901996475,0.05142647691004515,0.9784617244691984,0.002644682527379407
IMG_0832.JPG,64.61576753507015,3.061298597194389,0.4743739295166143,0.05715767633359116,0.9786069267345597,0.0032669999638555666
IMG_0833.JPG,20.452749498998,1.8750501002004007,0.5112189026064018,0.056980569830526386,0.9898269088595768,0.003246785338211494
IMG_0834.JPG,25.35130661322645,2.6199559118236464,0.4299938988818511,0.04698142949988365,0.9860640531632153,0.002207254717852538
IMG_0835.JPG,10.152973947895793,1.261751503006012,0.6087030993326352,0.049167320038187065,0.9969929174717828,0.002417425359737511
IMG_0836.JPG,10.518420841683369,1.2800320641282565,0.5982836344435807,0.04948112218092194,0.9967583255942652,0.002448381452283325
IMG_0837.JPG,3.6212505010020046,0.8474629258517035,0.6854129977833338,0.06262283172884105,0.998682695657727,0.00392161905373874
IMG_0838.JPG,10.91283366733467,1.3839599198396795,0.572230303396167,0.0516919412183421,0.9960798121966822,0.0026720567869205347
IMG_0839.JPG,8.688360721442885,1.392817635270541,0.5676203868264577,0.050823064563551824,0.9964978353448675,0.002582983891630957
IMG_0840.JPG,10.55444889779559,1.597166332665331,0.5347809425825465,0.045986723386171734,0.9961474080603423,0.0021147787277962745
IMG_0841.JPG,8.855843687374753,1.438480961923848,0.5602289693196358,0.04899370763698664,0.9966014864171108,0.002400383388018523
IMG_0842.JPG,13.669426853707416,1.7581082164328656,0.5256017211103381,0.048031386115251776,0.9949790234018526,0.002307014052152401
IMG_0843.JPG,8.068412825651302,1.1601963927855712,0.6347373644910631,0.05992985847970811,0.997049042375133,0.003591587937397842
IMG_0844.JPG,18.94096593186373,1.9411503006012025,0.5035849775471334,0.04511146752023603,0.9934422761747177,0.00203504450182931
IMG_0845.JPG,10.638765531062123,1.318933867735471,0.6048970977199271,0.05397323049439941,0.9956681912684429,0.002913109610001566
IMG_0846.JPG,19.98323847695391,1.8900200400801608,0.5076901888410478,0.0462542462414021,0.9912524752435089,0.0021394552953602603
IMG_0847.JPG,16.01465330661323,1.6043767535070144,0.5536147134046284,0.04866891882901553,0.9931919092406455,0.002368663659985302
IMG_0848.JPG,19.294172344689382,1.6138356713426854,0.5638002404165081,0.05257555984689927,0.9904930414874987,0.0027641894932148863
IMG_0849.JPG,18.261507014028055,1.4718236472945891,0.6026457673957115,0.05695671399234816,0.9914548319869928,0.003244067268806149
IMG_0850.JPG,18.800164328657313,1.5511462925851704,0.5839012416850933,0.05227426895118424,0.9917474489151248,0.002732599194380745
IMG_0851.JPG,24.73066132264529,1.7306613226452905,0.5649324949847524,0.05651183401008323,0.9873827626849786,0.0031935873831832
IMG_0852.JPG,21.454264529058122,1.5471543086172348,0.5976327062501868,0.05997205223777359,0.989339081204208,0.003596647049610244
IMG_0853.JPG,28.715450901803607,2.0207094188376757,0.5155698878686453,0.049441029560014234,0.9875331189662296,0.002444415403954201
IMG_0854.JPG,20.697887775551102,2.265623246492986,0.4607166380827827,0.0498385594545628,0.9896328939371188,0.0024838820085059912
IMG_0855.JPG,23.943939879759522,2.59924248496994,0.4304236402280203,0.05271559202775566,0.9864305274864881,0.0027789336428367755
IMG_0856.JPG,32.91950300601202,2.4690901803607215,0.4808558841682503,0.038192397282757404,0.9899252672124473,0.001458659210203975
IMG_0857.JPG,25.054144288577156,2.2506172344689386,0.4818589019273465,0.03895785119616599,0.9928258838983239,0.0015177141698226116
IMG_0858.JPG,28.1597875751503,2.2190260521042084,0.5165547513998064,0.045155740981747475,0.9906071385770059,0.0020390409436106685
IMG_0859.JPG,38.82208416833668,2.7360160320641285,0.45957487448895823,0.041075842418900776,0.9878004740184722,0.0016872248304223682
IMG_0860.JPG,45.711983967935865,3.0072785571142284,0.4386021086675439,0.0381665789433894,0.9870259919672918,0.001456687748241975
IMG_0861.JPG,51.890977955911836,3.1624969939879763,0.4369927816435693,0.038780535219721565,0.9852506566305588,0.001503929911928065
IMG_0862.JPG,32.62303406813627,2.4848537074148296,0.48990046800338133,0.04385540290855426,0.9908588714440653,0.0019232963642716293
IMG_0863.JPG,41.0169498997996,2.74291382765531,0.4756154511422775,0.04321352228642748,0.9894714927414738,0.0018674085083995647
IMG_0864.JPG,33.70317835671342,2.4167895791583165,0.5083026863034164,0.04531006461941363,0.9914260205696436,0.0020530019558154386
IMG_0865.JPG,39.336396793587184,2.68374749498998,0.47629062304413317,0.041344109522728156,0.9918382643263668,0.0017093353922273413
IMG_0866.JPG,40.744224448897796,2.7733226452905813,0.4726436945304331,0.039612113623292505,0.9917081504881617,0.0015691195457046357
IMG_0867.JPG,32.97597194388778,2.4665210420841683,0.49747975889548485,0.04115589463762194,0.9924972870004649,0.0016938076634230384
IMG_0868.JPG,41.44495390781562,2.7885370741482967,0.46887656801367006,0.03992519812971509,0.9905982301999128,0.0015940214456970053
IMG_0869.JPG,47.670645290581156,3.1543406813627244,0.43489031330436256,0.03584890541567384,0.9911600024510264,0.0012851440195019292
IMG_0870.JPG,45.545875751503004,3.0127695390781564,0.450428053057504,0.03795195724638044,0.9919512094565455,0.0014403510588310887
IMG_0871.JPG,52.60313026052104,3.4857675350701394,0.39852418227470854,0.0316786993706384,0.9896866994031287,0.0010035399938152858
IMG_0872.JPG,56.15209218436875,3.4730781563126256,0.41439230901843804,0.033109695357992804,0.9893738432806708,0.00109625192669909
IMG_0873.JPG,44.98569138276553,3.0572424849699398,0.4462847507181034,0.034713972103424764,0.9924222921908069,0.0012050598591973527
IMG_0874.JPG,47.64220841683366,3.2744408817635264,0.42115672385857167,0.032806163452382166,0.9930698640853162,0.0010762443604644151
IMG_0875.JPG,38.62426052104208,2.792701402805611,0.47630226666658926,0.039467052007769204,0.9946657609294729,0.001557648194183959
IMG_0876.JPG,54.37596392785571,3.445070140280561,0.41888081351323253,0.03689547826169723,0.9921252139109247,0.0013612763161593728
IMG_0877.JPG,55.80568737474949,3.622120240480961,0.3945257507766523,0.03346151888800302,0.9920955379756137,0.0011196732462921831
IMG_0878.JPG,35.68931462925852,2.712480961923848,0.480322406794911,0.04578696161169805,0.9950357155626515,0.002096445853631111
IMG_0879.JPG,63.60221643286574,3.823795591182365,0.3906111486357573,0.03564292770675345,0.9909254219602853,0.001270418295508853
IMG_0880.JPG,54.84856913827656,3.5720320641282566,0.39503881386038364,0.032691127303571155,0.9917335097373815,0.0010687098043782955
IMG_0881.JPG,46.152492985971946,3.2505931863727455,0.4172891940723769,0.03583352796948765,0.9931853026292006,0.0012840417267400534
IMG_0882.JPG,41.70350300601203,2.923334669338678,0.4542401429484034,0.04070983327081617,0.9939563717916401,0.001657290524937651
IMG_0883.JPG,41.4957114228457,2.948184368737475,0.45073606606849703,0.04136332218270522,0.9935046056160672,0.0017109244219902736
IMG_0884.JPG,43.26617234468938,3.1712625250501003,0.42524385092683675,0.041548572809114476,0.9929159811600459,0.001726283902474287
IMG_0885.JPG,50.87949498997996,2.9615470941883766,0.5025551866012822,0.062394841747066394,0.9909619121577238,0.003893116276641459
IMG_0886.JPG,40.23328657314629,2.505262525050101,0.5525393266709314,0.07630355252268284,0.9927371331655942,0.0058222321275818185
IMG_0887.JPG,43.75555511022044,2.6522364729458916,0.5368298196864055,0.07581780946166497,0.9910384553394019,0.005748340231565334
IMG_0888.JPG,45.76367935871743,2.8090100200400796,0.5076194972072239,0.07260635943903423,0.9912613701344498,0.005271683430990236
IMG_0889.JPG,31.637863727454913,2.2047655310621237,0.5659605124896696,0.08943389615486193,0.993222341015737,0.007998421781438628
IMG_0890.JPG,25.632625250501004,1.9218597194388778,0.5993654203734967,0.09229143238205026,0.9926073899820901,0.008517708491130555
IMG_0891.JPG,25.88120641282565,1.984877755511022,0.5909173868243727,0.0986496632798951,0.9896633113700601,0.009731756065236685
IMG_0892.JPG,25.69222044088177,2.294673346693387,0.4805921454298381,0.03457997413745335,0.9926736866910905,0.0011957746113469424
IMG_0893.JPG,20.670428857715432,2.195559118236473,0.4925971891716723,0.04367219037106312,0.9930296137170773,0.0019072602118063782
IMG_0894.JPG,28.401723446893786,2.613731462925852,0.4466508943672206,0.040098637824976704,0.989197160816636,0.0016079007554186528
IMG_0895.JPG,18.11034869739479,2.0144689378757517,0.5138039844908987,0.04626288309641066,0.9935494080845417,0.002140254352392159
IMG_0896.JPG,35.125410821643285,2.7125450901803605,0.4628303926979663,0.044465626759155046,0.9896424471404032,0.0019771919630844855
IMG_0897.JPG,37.594108216432865,2.798092184368737,0.4612329518877678,0.044571509322608865,0.9901131873127198,0.0019866194432954093
IMG_0898.JPG,35.5240881763527,2.675102204408818,0.48602654540154516,0.04868142987765739,0.9897766643135896,0.0023698816149332735
IMG_0899.JPG,49.83872945891783,3.107931863727455,0.4621866794884073,0.0468735931886891,0.9868523209023732,0.002197133738418721
IMG_0900.JPG,26.021026052104215,2.284953907815632,0.5185627685208708,0.048393591715407885,0.9942150811394396,0.002341939719117595
IMG_0901.JPG,31.050529058116236,2.5162845691382767,0.4973583258916877,0.04457412485980675,0.993926019328582,0.0019868526070176426
IMG_0902.JPG,55.03052905811623,3.458368737474949,0.4221571996629715,0.03749442433345207,0.9887969898010691,0.0014058318560969626
IMG_0903.JPG,54.11239278557115,3.4450661322645297,0.4199378416597132,0.03591138247206106,0.9893899924713447,0.0012896273910546546
IMG_0904.JPG,42.933142284569136,3.02250501002004,0.4540577795641998,0.038675802766168305,0.9921552016104136,0.0014958177196075521
IMG_0905.JPG,47.94892184368739,3.1884088176352705,0.45152368956382655,0.04156934642505915,0.9880233248006702,0.0017280105622065776
IMG_0906.JPG,63.058757515030045,3.6233026052104194,0.4319394968563486,0.04054248147864863,0.9857694652559494,0.0016436928044465677
IMG_0907.JPG,68.64947895791582,3.8076753507014023,0.4274931551681976,0.04284151125680232,0.9850590807193447,0.00183539508676672
IMG_0908.JPG,56.88230060120241,3.675142284569138,0.40053844818680673,0.03212480981436019,0.9896942594135225,0.0010320034056088127
IMG_0909.JPG,49.78911823647296,3.285711422845692,0.44743566793917816,0.03810812706597521,0.990751539454181,0.0014522293484765124
IMG_0910.JPG,15.870809619238477,1.8803006012024048,0.5665175218629921,0.0443519389155008,0.9968650887846154,0.0019670944855643144
IMG_0911.JPG,45.21341883767535,3.2096913827655316,0.4449797309622018,0.035540846055579944,0.9906132251513811,0.0012631517383464323
IMG_0912.JPG,96.01686973947898,4.793839679358717,0.34703409969819615,0.03328278401625446,0.9692084243160413,0.0011077437118726433
IMG_0913.JPG,70.35858517034069,4.14802004008016,0.36877662793761856,0.03427779656688237,0.9807397608452064,0.0011749673374805724
IMG_0914.JPG,65.46171543086173,4.000537074148298,0.3733982494873234,0.035390076068108275,0.9814808957778887,0.00125245748410649
IMG_0915.JPG,68.58534268537073,3.9571022044088173,0.3893987950829226,0.03355894686738145,0.9797719494312426,0.0011262029148477314
IMG_0916.JPG,78.65454509018036,4.083995991983968,0.4000976611706167,0.037125012175756714,0.9757649960665414,0.001378266529050084
IMG_0917.JPG,71.74251703406814,4.086236472945892,0.38002762911292076,0.03401547869650884,0.9794072069991818,0.0011570527909526465
IMG_0918.JPG,68.51587975951905,4.083943887775551,0.3660580226370654,0.03108856008693298,0.9806442640416363,0.0009664985682788423
IMG_0919.JPG,72.57807615230463,4.121114228456915,0.3775967534945059,0.033018360219701184,0.9798366695553479,0.0010902121115979459
IMG_0920.JPG,76.21815631262524,4.053555110220441,0.3946171293138936,0.03891826464227012,0.9726935973280878,0.0015146313227657724
IMG_0921.JPG,70.22980360721444,4.042428857715431,0.37727503796883755,0.03460174292331053,0.9779037201695713,0.0011972806133308705
IMG_0922.JPG,71.0325130260521,3.9748617234468937,0.3924923425917657,0.034643998291826905,0.9780298088225269,0.0012002066176441057
IMG_0923.JPG,45.556601202404806,3.176480961923847,0.43561166950231156,0.039389159237514716,0.9850059064100769,0.001551505865438291
IMG_0924.JPG,50.71755911823647,3.315258517034068,0.4275136083737839,0.040821428029769034,0.9806904746924876,0.001666388986389613
IMG_0925.JPG,35.327414829659325,2.814957915831664,0.45431214191634034,0.04448700947097519,0.9852843882371991,0.001979094011670636
IMG_0926.JPG,46.28764729458917,3.165114228456913,0.42882258616463553,0.04937872441310084,0.9729982227074072,0.0024382584246649603
IMG_0927.JPG,97.49868136272543,3.721759519038076,0.5133139250339009,0.06582226870860317,0.9844918922550077,0.0043325710579475585
IMG_0928.JPG,58.382601202404814,3.31887374749499,0.4561268394386697,0.053056306569346255,0.9754037807776738,0.0028149716667804545
IMG_0929.JPG,17.53437675350701,1.2691583166332665,0.7012560602146173,0.0944170659948449,0.9955302800757166,0.008914582351074896
IMG_0930.JPG,21.246593186372742,1.528180360721443,0.6381548598056496,0.07816121992712745,0.9950785862261674,0.006109176300496785
IMG_0931.JPG,21.138553106212424,1.7671783567134272,0.568312545915384,0.052404026402604664,0.9955478298961328,0.0027461819832048867
IMG_0932.JPG,70.80978356713426,3.1537114228456913,0.5091258373638594,0.06052929518107881,0.9761247342915771,0.0036637955751181706
IMG_0933.JPG,78.08299799599197,3.332208416833667,0.49593221386516817,0.057183037621020984,0.9748449464366233,0.0032698997915671015
IMG_0934.JPG,79.1806613226453,3.3388016032064125,0.5002869318478407,0.05672516183285787,0.9728318031583157,0.003217743984963915
IMG_0935.JPG,76.37249699398797,3.254877755511022,0.5067161945959191,0.05852979278647702,0.9753928208104371,0.0034257366436279374
IMG_0936.JPG,72.2082244488978,3.111935871743487,0.5186723077779297,0.053122787673072595,0.9769306205087774,0.0028220305701583534
IMG_0937.JPG,73.19977555110222,3.1916312625250507,0.4995821639166845,0.05136830399976845,0.976220407449571,0.002638702655812628
IMG_0938.JPG,61.37806412825651,2.942440881763527,0.5062681562656347,0.048364633302309334,0.9793121588259542,0.002339137754466849
IMG_0939.JPG,69.63781563126254,3.233807615230461,0.4764497330888536,0.04524127416930579,0.9777702857238377,0.002046772888462295
IMG_0940.JPG,32.53200801603207,2.0040160320641287,0.573005964222146,0.05668345873284107,0.9924639636056686,0.0032130144939176964
IMG_0941.JPG,20.870280561122243,1.6154749498997998,0.6406969404814996,0.06336617180982619,0.9966740384138105,0.004015271729832411
IMG_0942.JPG,17.000444889779555,1.5074989979959919,0.6448750916204025,0.06393635572114877,0.9973069691103055,0.004087857582901272
IMG_0943.JPG,14.453182364729457,1.2622164328657315,0.6867887092695294,0.07318300865647044,0.9976550529540176,0.005355752756013028
IMG_0944.JPG,24.38406012024048,1.6407735470941884,0.6567029563321124,0.0726400068287853,0.9963295583202171,0.005276570592085975
IMG_0945.JPG,26.487022044088178,1.792128256513026,0.6335891845176946,0.07174450425270429,0.9961475647360781,0.005147273890466303
IMG_0946.JPG,15.785563126252505,1.4706533066132264,0.6449831662041363,0.07062887152021406,0.9976281758032,0.0049884374922189055
IMG_0947.JPG,15.010208416833667,1.27937875751503,0.6858480998043517,0.07246911731742846,0.997729228645289,0.00525177296476721
IMG_0948.JPG,23.19312224448898,1.587823647294589,0.644346566361899,0.06557293386285923,0.9959247797075427,0.00429980965538291
IMG_0949.JPG,29.352220440881762,1.6972384769539077,0.6434027625720796,0.06341350503950317,0.9947228571176899,0.0040212726213950944
IMG_0950.JPG,17.514633266533068,1.4439799599198395,0.6586043878857412,0.06137114393231573,0.9968412386467185,0.0037664173075610138
IMG_0951.JPG,24.100629258517035,1.6382324649298596,0.6402544349821566,0.05973689742250608,0.9954549099345819,0.0035684969136670136
IMG_0952.JPG,27.511250501002003,1.7741603206412822,0.6240311428990633,0.05892526284761259,0.9943425626097684,0.0034721866016602324
IMG_0953.JPG,19.734468937875747,1.6147655310621243,0.6293937640201743,0.06048744724462745,0.9956802873900271,0.003658731274171589
IMG_0954.JPG,17.491947895791583,1.4743927855711423,0.6598818396127576,0.06592584424099396,0.9961008106515655,0.0043462169388877965
IMG_0955.JPG,24.65521442885772,2.117731462925852,0.5400550741684285,0.05426369304921871,0.9933981279147357,0.002944548383339827
IMG_0956.JPG,27.34651703406813,2.2177555110220437,0.5335130941080856,0.052558169023281184,0.9931021214609085,0.002762361131079794
IMG_0957.JPG,21.164657314629252,1.909474949899799,0.5706943300059277,0.05420812678884765,0.9943344468458925,0.002938521009955782
IMG_0958.JPG,24.019907815631264,1.9207735470941882,0.5816527536443667,0.05383984905688804,0.9938093297988345,0.002898729346468488
IMG_0959.JPG,35.760352705410824,2.2512865731462934,0.5548840041908825,0.04907419821672829,0.9907782977815437,0.0024082769306147376
IMG_0960.JPG,28.059663326653304,2.0541723446893787,0.5766139861418663,0.05234266170074597,0.9926825494594289,0.0027397542339187386
IMG_0961.JPG,38.73387575150301,2.1636633266533063,0.5888804203282874,0.05531021085497312,0.9902435893318214,0.0030592194248215865
IMG_0962.JPG,21.521354709418837,1.781931863727455,0.6109126268328738,0.05783727647111494,0.9944531229093708,0.0033451505495961857
IMG_0963.JPG,18.415338677354708,1.650304609218437,0.6145969353421364,0.06087484864705963,0.9952139601184176,0.003705747197802418
IMG_0964.JPG,18.812104208416834,1.5987575150300606,0.6226326148488033,0.06338998931866371,0.9951655324901088,0.0040182907458202995
IMG_0965.JPG,12.020517034068137,1.3716192384769539,0.6417224988660519,0.06961055372746446,0.9971303532979793,0.004845629190244215
IMG_0966.JPG,13.715478957915833,1.2753346693386771,0.6652192100553365,0.06861133111206083,0.9970907917828981,0.004707514756968847
IMG_0967.JPG,17.70102605210421,1.6239438877755508,0.5953426370757378,0.058557710078322125,0.9963227817727625,0.003429005409616829
IMG_0968.JPG,15.2026372745491,1.4824609218436875,0.6167113514887371,0.05919597151430081,0.9969727350467809,0.003504163043521913
IMG_0969.JPG,15.531735470941879,1.53112625250501,0.6061001306489329,0.06096238868091864,0.9966311655419667,0.0037164128336833967
IMG_0970.JPG,15.119290581162328,1.4564929859719438,0.6241956147323667,0.062029117996888934,0.9966960147919551,0.0038476114794719703
IMG_0971.JPG,17.901923847695386,1.5036392785571142,0.6242673566241682,0.061324613247267575,0.9960019193216775,0.003760708189926946
IMG_0972.JPG,20.66563527054108,1.5237995991983964,0.6253387512167482,0.05972155710356155,0.9953811699382275,0.0035666643828739628
IMG_0973.JPG,11.874360721442887,1.3199078156312625,0.6494310988618335,0.0627362862711359,0.9974798399939288,0.003935841615093915
IMG_0974.JPG,18.733334669338674,1.466553106212425,0.6429925209973059,0.061670960233444684,0.9954969393422692,0.0038033073361151155
IMG_0975.JPG,22.066889779559116,1.5383527054108215,0.6355862828672897,0.0599958789245542,0.9948689030093938,0.003599505487929767
IMG_0976.JPG,22.733603206412827,1.5042404809619236,0.6483507153165701,0.06415689691105186,0.9949410156704582,0.004116107421255336
IMG_0977.JPG,17.231030060120244,1.3682244488977953,0.6610370445384058,0.06446933923675416,0.996286750039399,0.004156295701623689
IMG_0978.JPG,18.13242084168337,1.4148416833667339,0.6578014777190312,0.06362973248768529,0.9960751266102309,0.004048742856454393
IMG_0979.JPG,21.221206412825655,1.450128256513026,0.6572521730939951,0.0665008787462889,0.9955640925829317,0.004422366874028619
IMG_0980.JPG,8.306288577154309,1.0603647294589178,0.7022161038681871,0.07142613974576935,0.9981796389819336,0.005101693438982172
IMG_0981.JPG,8.958448897795591,1.0026012024048094,0.7283546706613432,0.07446434631238925,0.9981088651782096,0.005544938871731439
IMG_0982.JPG,15.121783567134266,1.192605210420842,0.6992311786759146,0.07151450021968776,0.9969148602020267,0.00511432374167172
IMG_0983.JPG,10.363266533066133,1.076933867735471,0.7109105400804779,0.07270461341209623,0.9978838974360732,0.005285960811402363
IMG_0984.JPG,9.742741482965933,0.9954949899799598,0.7266048807851431,0.0771984229608646,0.998053233696895,0.005959596507644547
IMG_0985.JPG,7.986713426853708,0.9079559118236474,0.7355005146744885,0.0781254841824989,0.9983311167481697,0.006103591278749886
IMG_0986.JPG,11.757218436873746,1.059743486973948,0.7105196139490876,0.07267568278629616,0.997627978279187,0.005281754868454344
IMG_0987.JPG,16.169358717434875,1.9927094188376755,0.49657056329328175,0.043320368218577765,0.9936680338462833,0.0018766543025931627
IMG_0988.JPG,15.62402004008016,1.9571342685370743,0.4992231307556329,0.04159683605627344,0.9943207009192989,0.0017302967698924903
IMG_0989.JPG,16.34766733466934,1.937623246492986,0.5133524619305854,0.04224170333398291,0.9941752128066335,0.0017843615005562227
IMG_0990.JPG,15.651358717434869,1.948264529058116,0.5063531337883284,0.04008211929080374,0.9950693043836065,0.0016065762868422216
IMG_0991.JPG,10.084925851703405,1.3661763527054107,0.6173703270525623,0.050330737325679095,0.9968531414622165,0.0025331831197465066
IMG_0992.JPG,19.22882965931864,2.0943366733466933,0.5071098291475945,0.04024047876629748,0.9948617205711919,0.0016192961313408383
IMG_0993.JPG,11.396613226452907,1.4088617234468943,0.6295910040482047,0.05164937989113503,0.9971252124392315,0.0026676584431387837
IMG_0994.JPG,23.78615631262525,2.070380761523046,0.5197082242441196,0.04074251551477405,0.9942280583955703,0.0016599525704716043
IMG_0995.JPG,33.719126252505006,2.556697394789579,0.472659387908125,0.03630508311523023,0.9923004421431959,0.001318059060003775
IMG_0996.JPG,27.643466933867735,2.345847695390781,0.4855617279239128,0.03744575920971072,0.9938246584999844,0.0014021848827916353
IMG_0997.JPG,27.779859719438882,2.4363326653306614,0.47373300562738846,0.037866892115247554,0.9943223285199866,0.0014339015184677971
IMG_0998.JPG,25.82066533066132,2.4069018036072145,0.4773869863771387,0.03691060532653376,0.9952661171739592,0.001362392785571142
IMG_0999.JPG,29.60581563126253,2.6557234468937874,0.4568815972092685,0.03684690111407409,0.9945843661020544,0.0013576941217103547
IMG_1000.JPG,26.638080160320637,2.5472024048096196,0.4626351611326961,0.03685483559196019,0.9953580678054524,0.0013582789065104159
IMG_1001.JPG,25.716076152304606,2.5342004008016032,0.4645638815650467,0.03686752267315108,0.9957615903678723,0.001359214228055309
IMG_1002.JPG,22.017058116232462,2.343118236472946,0.4791303351141974,0.0378725647841371,0.9964291667458732,0.0014343311633286614
IMG_1003.JPG,19.589711422845696,2.1048056112224454,0.5070191405943325,0.041743041818185445,0.9968161871495264,0.0017424815402347785
IMG_1004.JPG,27.30309819639279,2.5065931863727453,0.4756378280397496,0.046575546815021164,0.9955033634435542,0.002169281561118228
IMG_1005.JPG,27.600809619238486,2.5403446893787582,0.47428979396230664,0.04451737895392759,0.995451599476328,0.001981797028927595
IMG_1006.JPG,18.93579158316633,1.648456913827655,0.6210419227343983,0.08990933229304615,0.995187692734552,0.008083688033381392
IMG_1007.JPG,19.119030060120245,1.6570340681362725,0.620242634570502,0.08774162108094063,0.9953141650241608,0.007698592069911366
IMG_1008.JPG,22.48525851703407,1.817803607214429,0.5954966637609322,0.0883587223209203,0.9948518441443192,0.0078072638101855
IMG_1009.JPG,24.55519438877756,1.8367094188376756,0.6021620602786755,0.09126744661850576,0.993838948765349,0.0083297468122618
IMG_1010.JPG,28.877326653306614,1.9791222444889782,0.5904638864017961,0.09584961528564746,0.9933412532665016,0.009187148750406625
IMG_1011.JPG,35.95856112224449,2.1115711422845695,0.5930630382086848,0.08280297138965208,0.9919492465930343,0.00685633207095554
IMG_1012.JPG,35.03393587174348,2.285687374749498,0.5353616224404957,0.05609104674793486,0.9929822896945741,0.0031462055252790134
IMG_1013.JPG,39.49541482965932,2.3700761523046094,0.5365993961321847,0.06356415282603764,0.992343033536294,0.004040401524491869
IMG_1014.JPG,40.10398396793587,2.3660761523046094,0.5436633964657248,0.06998152528969315,0.9923073104145835,0.004897413881871961
IMG_1015.JPG,40.65685370741484,2.381775551102205,0.54425735566389,0.06680229637532578,0.9922414558158988,0.004462546801016864
IMG_1016.JPG,40.98836472945891,2.363811623246493,0.5512270820549652,0.06715206942537758,0.9922919888711096,0.00450940042811073
IMG_1017.JPG,48.59160320641281,2.521559118236472,0.5429764878085563,0.058020665117978494,0.990964927387288,0.0033663975807326062
IMG_1018.JPG,52.447342685370735,2.5825651302605213,0.5413740325145393,0.05818794014370294,0.9905103373013828,0.003385836378167156
IMG_1019.JPG,53.275855711422835,2.5489138276553103,0.5536375682180115,0.05788533858276788,0.9902503152170643,0.003350712422841676
IMG_1020.JPG,58.64629659318638,2.6491503006012023,0.5481974615254278,0.05663861923655392,0.9892200825074607,0.0032079331890233365
IMG_1021.JPG,56.02882164328658,2.6472344689378753,0.54252537939153,0.05265253624598006,0.9886843550276688,0.0027722895731342443
IMG_1022.JPG,39.52540681362725,2.386024048096192,0.5531629262353854,0.05314847155917269,0.9917836603665022,0.0028247600290761885
IMG_1023.JPG,49.32526653306615,2.6788537074148304,0.5165290657153511,0.047473844510284795,0.9897407781776033,0.002253765912586698
IMG_1024.JPG,35.003751503006015,2.2871342685370752,0.5524894356647978,0.05032702784476573,0.9925431290987685,0.0025328097316878254
IMG_1025.JPG,30.413314629258522,2.2303486973947897,0.5516539850127529,0.055663164390180285,0.9929428607981787,0.0030983878699282342
IMG_1026.JPG,37.407186372745485,2.3899198396793584,0.5420694775324455,0.05195851489729328,0.9913603208941878,0.0026996872703322476
IMG_1027.JPG,31.37907815631263,2.3035591182364734,0.5437159723348205,0.059267676750481536,0.9924448836728811,0.0035126575073995696
IMG_1028.JPG,40.98273747494989,2.517959919839679,0.522787928632569,0.0528170383075783,0.9917323667003641,0.0027896395355841938
IMG_1029.JPG,39.63493787575149,2.405607214428857,0.5495837517024452,0.05963507329163037,0.9925545869129618,0.0035563419664981256
IMG_1030.JPG,32.75343086172345,2.239138276553107,0.5593876012495586,0.06375841649660004,0.9946569507629258,0.00406513567415392
IMG_1031.JPG,39.19772344689378,2.2460681362725454,0.5677259686213358,0.06699517376511566,0.9936305848062112,0.004488353307818041
IMG_1032.JPG,40.49582765531062,2.485454909819639,0.5319976185048939,0.051383498505053166,0.9901689536387638,0.0026402639186188007
IMG_1033.JPG,15.459939879759519,1.7395470941883768,0.5777610754786646,0.05795804717542357,0.9942025086976902,0.0033591352323886245
IMG_1034.JPG,20.014072144288573,1.7607174348697392,0.5828214037478507,0.06083961899222841,0.9921418606816172,0.0037014592391195196
IMG_1035.JPG,14.361346693386775,1.5979318637274549,0.5950066937156027,0.061887000990213485,0.9945458420657836,0.003830000891562685
IMG_1036.JPG,14.34087775551102,1.5167975951903805,0.6183480511531881,0.0626157614935354,0.9944599433338644,0.003920733587415311
IMG_1037.JPG,12.750148296593188,1.4634549098196392,0.6182961805879561,0.06590153763456319,0.9951400089934297,0.004343012662599749
IMG_1038.JPG,16.94997595190381,1.7255430861723449,0.5762041808375652,0.05461602082984643,0.9947352181927758,0.0029829097312862192
IMG_1039.JPG,17.712793587174346,1.8011543086172346,0.5518173424093974,0.05425379125523676,0.9944891705715555,0.0029434738655668043
IMG_1040.JPG,16.704192384769538,1.6729939879759521,0.5845642551724153,0.061487567335711917,0.9950028797481946,0.0037807209368637073
IMG_1041.JPG,26.733671342685366,1.964781563126252,0.5551931412386707,0.055358515103977365,0.9927782190978615,0.00306456519451729
IMG_1042.JPG,31.313987975951907,2.0266933867735473,0.5605752917039494,0.055720308542984265,0.9922190122233387,0.003104752784125365
IMG_1043.JPG,29.079490981963932,1.9411983967935877,0.5802167504155175,0.05909371666367849,0.9931065322285029,0.003492067349127113
IMG_1044.JPG,37.50196793587174,2.210184368737475,0.546580554919353,0.05355301828437306,0.9914586948599623,0.0028679257673663956
IMG_1045.JPG,33.957162324649296,2.1172104208416833,0.5546513005503847,0.056334203212939304,0.9927051702783565,0.0031735424516367407
IMG_1046.JPG,34.37259719438878,2.1426733466933867,0.5516407771909743,0.056416508064922176,0.9929383146254582,0.0031828223822394286
IMG_1047.JPG,23.56179158316633,1.8586893787575152,0.5787969740007015,0.059007310762674806,0.9951002801330878,0.0034818627234428777
IMG_1048.JPG,22.35680160320641,1.832857715430862,0.5764419885027682,0.06498145801058317,0.9946607210605819,0.004222589885181183
IMG_1049.JPG,21.03429258517034,1.8360080160320644,0.5666811478982751,0.05876398409300228,0.9946405678946078,0.0034532058264826245
IMG_1050.JPG,57.61353907815631,2.8667735470941875,0.5041768903678348,0.05369275440742372,0.9818276035795237,0.002882911875855919
IMG_1051.JPG,48.82360320641281,2.6047575150300593,0.5293401051882534,0.059174608224279376,0.9837353653299534,0.0035016342584969526
IMG_1052.JPG,31.616192384769537,2.1019318637274553,0.5518437598073338,0.043710205374572805,0.990025008367507,0.0019105820538873335
IMG_1053.JPG,25.503631262525055,2.1281763527054114,0.5285034407247352,0.049290880589348954,0.9945784652286038,0.0024295909092734574
IMG_1054.JPG,24.515975951903805,2.0834148296593185,0.5696894352825291,0.059854691965329304,0.9948408500838262,0.0035825841502644565
IMG_1055.JPG,10.856456913827657,1.3680881763527055,0.6387618547466675,0.06284631597068059,0.9978892390376984,0.0039496594310866225
IMG_1056.JPG,8.658569138276555,1.2516673346693388,0.6564267983732875,0.06672378181718802,0.998270450116286,0.00445206305998771
IMG_1057.JPG,11.854216432865732,1.3328857715430864,0.6501652672772047,0.06663062275708091,0.9974670220301933,0.004439639888996429
IMG_1058.JPG,9.452344689378759,1.2317194388777555,0.6607679130218654,0.06374045260123315,0.9976116988124037,0.004062845297810049
IMG_1059.JPG,15.21604008016032,1.5484328657314628,0.6001165101288614,0.05616713281133149,0.9967277359354278,0.00315474680824575
IMG_1060.JPG,14.919735470941886,1.4740360721442887,0.6180525533239286,0.05268662054466707,0.9967671954470736,0.002775879984417734
IMG_1061.JPG,12.955895791583167,1.4515190380761522,0.6086369799378832,0.05483138232828139,0.997416952003176,0.0030064804880301694
IMG_1062.JPG,16.795563126252507,1.6885170340681366,0.5704363513432354,0.05481619243025178,0.9962636953377798,0.0030048149525503925
IMG_1063.JPG,12.348224448897795,1.469987975951904,0.5991898140967615,0.05647711489950116,0.9970548826088217,0.003189664507371456
IMG_1064.JPG,21.53848496993988,2.068160320641282,0.507172482801348,0.04760418115693447,0.9948809974742551,0.002266158063622235
IMG_1065.JPG,16.08553507014028,1.7976312625250501,0.5384412030675526,0.05198124870244843,0.9959355458345137,0.0027020502166657965
IMG_1066.JPG,22.521983967935874,2.126993987975952,0.5124931080754292,0.06428251055839454,0.9960351302751465,0.004132241163690105
IMG_1067.JPG,25.362633266533074,2.2876432865731475,0.5081393331470806,0.06386531432932935,0.9962321554180174,0.00407877837438404
IMG_1068.JPG,35.78433266533066,2.6579038076152304,0.49793924109389265,0.0727974350946461,0.9945998870604934,0.005299466556359211
IMG_1069.JPG,19.40097394789579,2.0605891783567136,0.5194508243761089,0.048019594315520366,0.996842968853477,0.0023058814382271556
IMG_1070.JPG,53.978737474949895,3.532741482965932,0.42177611566282314,0.04089801427571392,0.9912435909645778,0.0016726475716964994
IMG_1071.JPG,25.976480961923844,2.145891783567134,0.5121750909247212,0.04649766950012328,0.9958022862717965,0.0021620332689426948
IMG_1072.JPG,27.547631262525044,2.127967935871743,0.5272284296582422,0.04499136560523785,0.9954375541171652,0.0020242229790241794
IMG_1073.JPG,27.02062925851703,2.124188376753507,0.5294533640128466,0.040258199059018236,0.9953708802967571,0.0016207225914755365
IMG_1074.JPG,33.44256513026052,2.3523286573146294,0.5056501201418107,0.04086765208926502,0.9943194011692579,0.0016701649872892079
IMG_1075.JPG,36.551210420841684,2.5493747494989982,0.4815724206472958,0.039963419866296854,0.9940733490328225,0.00159707492740993
IMG_1076.JPG,28.188833667334666,2.190404809619239,0.5216294343185525,0.045723353965902075,0.9951707493138463,0.002090625097891173
IMG_1077.JPG,29.416400801603203,2.263350701402805,0.5116185166030552,0.04492069263750978,0.9952126780785536,0.0020178686270336255
IMG_1078.JPG,24.38472945891784,2.0123046092184373,0.5366056601904436,0.045824218625246715,0.996477450055813,0.0020998590126144077
IMG_1079.JPG,22.328356713426857,1.8772625250501,0.5534915340766415,0.04762744904057788,0.9969713633898337,0.0022683739021128425
IMG_1080.JPG,36.602044088176356,2.5357114228456914,0.4838674178603605,0.04456592985597062,0.9951849308427326,0.0019861221039272933
IMG_1081.JPG,21.855795591182364,2.0031462925851704,0.5356393401073181,0.0512192005050401,0.9971421318520931,0.0026234065003755
IMG_1082.JPG,26.731675350701405,2.1243567134268533,0.5294369346053999,0.046699988180175483,0.9967888177109171,0.0021808888960285298
IMG_1083.JPG,57.89206412825652,3.5972745490981968,0.46781192383937437,0.05749877693445695,0.990779397545457,0.0033061093489584388
IMG_1084.JPG,31.95710220440882,2.515643286573146,0.5012489692871169,0.05018210035271998,0.9950071208277873,0.002518243195810459
IMG_1085.JPG,38.69437274549097,2.9026132264529063,0.4768794377837182,0.04488221978642787,0.993614900379667,0.002014413652957217
IMG_1086.JPG,34.5320881763527,2.6764248496993988,0.4674357426571826,0.041530758292159194,0.9942270458292061,0.0017248038843217497
IMG_1087.JPG,17.6536873747495,1.8847414829659317,0.539759254946944,0.04282305539117744,0.9970549004809067,0.0018338140730358515
IMG_1088.JPG,17.242745490981964,1.9371102204408817,0.5408424776418361,0.040798083047947575,0.9970206511644277,0.0016644835803872274
IMG_1089.JPG,17.98273346693387,1.9629579158316635,0.5330017814446246,0.039001056154869145,0.9968727400639785,0.0015210823811952561
IMG_1090.JPG,15.670496993987978,1.8213266533066137,0.5464462072800914,0.038423606241114634,0.9973681630970389,0.0014763735165722234
IMG_1091.JPG,15.906833667334668,1.851202404809619,0.5475411730919832,0.0401792303650618,0.9972922894257668,0.0016143705527287037
IMG_1092.JPG,36.82641683366734,2.879795591182365,0.4610758665391025,0.037433791765042586,0.9938058900859347,0.0014012887659085702
IMG_1093.JPG,33.110669338677354,2.4268136272545093,0.5245689797660651,0.05451996449382113,0.993714893700852,0.0029724265284075163
IMG_1094.JPG,52.28094589178357,2.916184368737475,0.45959449336293406,0.05728477753089479,0.984701080654919,0.003281545736764109
IMG_1095.JPG,50.620396793587176,2.881318637274549,0.4588225862812257,0.05412021436043345,0.9854943188761124,0.002928997602419267
IMG_1096.JPG,39.58173547094189,2.477350701402806,0.48795316065598365,0.04765448372901166,0.9874045049350386,0.0022709498194786373
IMG_1097.JPG,41.94975551102204,2.557659318637275,0.48020737047925494,0.04556546196904528,0.9871998249991374,0.002076211324452512
IMG_1098.JPG,14.360244488977957,1.3365330661322645,0.6291462788274038,0.053410205669688585,0.9979064519144208,0.002852650069678435
IMG_1099.JPG,18.853454909819636,1.5194028056112223,0.6020066946211595,0.05759617710569246,0.9976444927451795,0.003317319617190292
IMG_1100.JPG,13.313723446893784,1.2573707414829653,0.6595951794203501,0.07084401517734468,0.9978224040603841,0.0050188744864478425
IMG_1101.JPG,18.597114228456913,1.4654589178356712,0.6463641400551449,0.06799983988942215,0.9972972252001201,0.004623978224987049
IMG_1102.JPG,14.685022044088177,1.270881763527054,0.6788369915498597,0.08009942050346747,0.997924959815058,0.0064159171649913055
IMG_1103.JPG,16.08435270541082,1.2163767535070136,0.6908589989212133,0.08829088731010064,0.9973776491480133,0.007795280782004889
IMG_1104.JPG,15.917635270541084,1.1768096192384772,0.6932141950513909,0.08587256608506416,0.9971582103769402,0.007374097606033711
IMG_1105.JPG,14.88636873747495,1.1281723446893788,0.6934780051203681,0.08443961588453602,0.99711482996198,0.007130048730727989
IMG_1106.JPG,11.367911823647294,1.1495070140280559,0.6832840970681535,0.07011646787304462,0.9981193971624166,0.004916319066991699
IMG_1107.JPG,11.981294589178354,1.265254509018036,0.6616164226351807,0.06489204940817686,0.9978741581809821,0.004210978076393267
IMG_1108.JPG,18.10423246492986,1.5011623246492987,0.6068480507436133,0.05971191140303719,0.9965570246909266,0.0035655123634041634
IMG_1109.JPG,13.416781563126252,1.4105290581162326,0.6281171610595746,0.06305036409296438,0.9976493836201799,0.003975348412255372
IMG_1110.JPG,21.652208416833666,1.6470621242484969,0.5946245277872476,0.054091188592103365,0.9966626126329257,0.002925856683306493
IMG_1111.JPG,19.795126252505014,1.6614989979959924,0.5804524847876159,0.05085941152079925,0.996960702867655,0.0025866797402420076
IMG_1112.JPG,28.353022044088174,2.0331182364729457,0.5404777798374849,0.045699444758639976,0.9955734099764744,0.002088439251247987
IMG_1113.JPG,23.95171543086172,1.7797074148296594,0.5835950334464923,0.052782262827655975,0.9954134363506516,0.002785967269207754
IMG_1114.JPG,35.28784769539078,2.239543086172345,0.5481946964322797,0.0507832865122689,0.9932837296144689,0.002578942188987192
IMG_1115.JPG,37.95275751503006,2.381519038076152,0.5358022260173777,0.04909117466455722,0.993414123218945,0.0024099434299460648
IMG_1116.JPG,37.719082164328654,2.402400801603207,0.5347740106169511,0.05131109273478397,0.9936393672702899,0.0026328282376376004
IMG_1117.JPG,26.9491503006012,2.082809619238477,0.5521342672568466,0.0533485059970389,0.9955193208243475,0.002846063092116096
IMG_1118.JPG,31.54451703406813,2.340965931863727,0.5352253010706197,0.0545554549929452,0.994979411401512,0.0029762976694872696
IMG_1119.JPG,26.159895791583168,2.1276953907815632,0.5425033100994283,0.057489275164754335,0.9960107977276993,0.003305016758968839
IMG_1120.JPG,15.914573146292588,1.727006012024048,0.5774940758559279,0.061255459416349155,0.9972905446450536,0.003752231308307998
IMG_1121.JPG,23.107338677354704,2.056557114228457,0.5304156647556724,0.05243111185044176,0.9958529427958439,0.0027490214898735345
IMG_1122.JPG,51.96651703406813,3.1120961923847696,0.4040507741760083,0.03707128516269324,0.9865550754863945,0.0013742801836137202
IMG_1123.JPG,51.229166332665336,3.0860561122244485,0.4096993804034037,0.03744267028965007,0.9872056854865529,0.001401953558419444
IMG_1124.JPG,10.661190380761523,1.2388336673346694,0.6532332964688651,0.05997428769964323,0.9959957390406164,0.003596915185079578
IMG_1125.JPG,20.90745891783567,1.5186252505010018,0.6274030496699452,0.058114680305442167,0.9926424682426144,0.0033773160670037476
IMG_1126.JPG,14.3855751503006,1.3812304609218438,0.6356764290107177,0.05925994008631919,0.9956373433826333,0.0035117404990341406
IMG_1127.JPG,20.996432865731464,1.5178196392785572,0.6328611422220061,0.06313019315244257,0.9943458658917649,0.003985421287464707
IMG_1128.JPG,23.40759519038076,1.6296793587174347,0.6215360577439567,0.05945015433215516,0.9943006259313617,0.0035343208501170675
IMG_1129.JPG,16.212120240480967,1.5060761523046093,0.6297251588154317,0.06493725068649564,0.9960123476212118,0.004216846526720778
IMG_1130.JPG,23.626881763527056,1.7143366733466936,0.6069413303792989,0.05518162049920889,0.995142767318708,0.003045011240918711
IMG_1131.JPG,25.072296593186373,1.7737154308617233,0.596846218147823,0.053018182569957564,0.9948610469011703,0.002810927683021352
IMG_1132.JPG,19.625815631262522,1.6154509018036072,0.6065017543775334,0.05119681045876783,0.9960915539705253,0.0026211134011509996
IMG_1133.JPG,26.678416833667335,1.9695430861723446,0.5573187991035345,0.03837593672116461,0.9956130896652331,0.0014727125192268303
IMG_1134.JPG,33.83465731462927,2.096188376753507,0.5464329843545106,0.03940959991926998,0.994334657514742,0.0015531165657969247
IMG_1135.JPG,37.488981963927856,2.1889979959919836,0.5453129397675349,0.04074673711052551,0.993874015121441,0.0016602965851542767
IMG_1136.JPG,33.15572344689379,2.0181923847695393,0.5553456786340889,0.04007479653487936,0.9943399450745976,0.001605989317311979
IMG_1137.JPG,37.55212024048096,2.163871743486974,0.5467994828915833,0.04207470654203868,0.9934358694391435,0.0017702809305986727
IMG_1138.JPG,43.19488176352705,2.2471062124248498,0.5494731927746397,0.046273735762863574,0.9918995186455011,0.0021412586214513193
IMG_1139.JPG,28.722965931863722,1.946036072144288,0.5675127456810423,0.04642802031140098,0.9945438480610439,0.002155561070035862
IMG_1140.JPG,33.481515030060116,2.0070621242484967,0.5686125738897716,0.048175630957017615,0.9934472684386182,0.002320891418106754
IMG_1141.JPG,29.971927855711417,1.9486412825651303,0.5673077167586053,0.04995285064941599,0.9940803390395162,0.0024952872880028595
IMG_1142.JPG,36.91043687374749,2.040360721442886,0.5624834988747703,0.05206273592285759,0.9926345124374859,0.0027105284717732062
IMG_1143.JPG,30.749879759519036,1.8644769539078156,0.5769057815081382,0.05383497936465433,0.9936649192649707,0.002898205003192758
IMG_1144.JPG,24.236116232464934,1.7846292585170345,0.5771240838586941,0.05391575695244974,0.9946592937910125,0.0029069088477556323
IMG_1145.JPG,36.17640881763527,2.088448897795591,0.5416932433295697,0.04925535666585392,0.9904105743519689,0.0024260901602804804
IMG_1146.JPG,24.392737474949897,1.701555110220441,0.5916851688144222,0.05008155588949177,0.993815394710525,0.002508162240312288
IMG_1147.JPG,27.08296993987976,1.8074028056112226,0.5729246454621749,0.04893838988108,0.9931155866291259,0.0023949660041525933
IMG_1148.JPG,25.976396793587174,2.3631302605210425,0.45686761826600925,0.04088811004217624,0.9928656061648866,0.0016718375428211134
IMG_1149.JPG,8.204989979959919,1.4391462925851706,0.5638282992202224,0.04897504763594015,0.9962269792875355,0.0023985552909426065
IMG_1150.JPG,7.727943887775552,1.339102204408818,0.5849171997672555,0.050285556437172294,0.9963912606681319,0.00252863718619604
IMG_1151.JPG,10.27731863727455,1.6307214428857715,0.5366709942909929,0.04108790643677538,0.9963472030392039,0.001688216055357208
IMG_1152.JPG,14.66701002004008,1.830993987975952,0.5216778698403243,0.03872362626157915,0.9958601484092701,0.0014995192308464625
IMG_1153.JPG,12.583551102204408,1.6749018036072145,0.552280597712875,0.04042397415339904,0.9971575912668214,0.0016340976863546733
IMG_1154.JPG,13.356797595190379,1.7181923847695388,0.549054799378291,0.043569545003203064,0.9973525095225206,0.0018983052517861374
IMG_1155.JPG,12.94494589178357,1.5272545090180363,0.5972008225522272,0.046524858555449314,0.9975960617365305,0.002164562463604565
IMG_1156.JPG,18.84714228456914,1.9332585170340686,0.5245412906818816,0.038426212785294976,0.9965346817100161,0.001476573829020767
IMG_1157.JPG,23.830476953907812,2.0569619238476955,0.5191513042386816,0.04223338609404021,0.9952398534083876,0.001783658900968269
IMG_1158.JPG,18.44569138276553,1.7084088176352705,0.5691007711737593,0.06061434360121558,0.9951666329934902,0.003674098650206224
IMG_1159.JPG,9.806565130260518,1.4039999999999995,0.6103059015956608,0.06558870752427277,0.9974155075491196,0.004301878554704596
IMG_1160.JPG,11.60994388777555,1.4851663326653306,0.6077113066851245,0.053875355679406246,0.9975439812348581,0.002902553949582531
IMG_1161.JPG,19.328276553106214,1.5916032064128258,0.6255055028674001,0.05671223272144772,0.9962133378024767,0.0032162773402516455
IMG_1162.JPG,19.812545090180357,1.6091382765531057,0.6115444752981565,0.052451390418499944,0.9955747553097842,0.0027511483568339076
IMG_1163.JPG,19.123787575150303,2.092605210420842,0.5083748791926654,0.04314171216450067,0.9967141754545529,0.001861207328484625
IMG_1164.JPG,18.86682164328658,2.0306452905811625,0.5174033799541977,0.04804550719435905,0.9967869188595209,0.002308370761563207
IMG_1165.JPG,13.415442885771544,1.8854228456913826,0.4982819672054257,0.046272196969505235,0.991796379902205,0.0021411162123846895
IMG_1166.JPG,29.627382765531063,2.047847695390782,0.5520951584869405,0.04973091742502996,0.9938075231907492,0.0024731641479351484
IMG_1167.JPG,32.71360320641283,1.9019078156312625,0.5855916502274002,0.0632038249718347,0.9949527058947981,0.003994723491070316
IMG_1168.JPG,28.3145250501002,2.1536593186372746,0.5285656817068265,0.039213879820400234,0.9962208221479819,0.0015377283705687926
IMG_1169.JPG,16.933887775551103,1.7917875751503005,0.5764364324133656,0.0417855693642332,0.9975175346997828,0.001746033807093144
IMG_1170.JPG,19.92801603206413,1.630949899799599,0.6305907600136598,0.04942066660356793,0.9971089427000064,0.002442402287541014
IMG_1171.JPG,24.843314629258515,1.9412064128256512,0.5586681395513919,0.04652586642245855,0.9963628770527095,0.0021646562463604564
IMG_1172.JPG,24.569755511022045,1.867887775551102,0.5661403831362264,0.047316948452631985,0.9962878814850586,0.0022388936108690325
IMG_1173.JPG,22.278637274549098,1.740569138276553,0.5739879871687924,0.0449516068818144,0.995787126134846,0.0020206469612571837
IMG_1174.JPG,27.86688977955912,1.9240921843687373,0.5523290422322191,0.04194617819938637,0.9956150367000115,0.0017594818655346763
IMG_1175.JPG,29.33591583166333,2.018681362725451,0.5305978730535158,0.04295723065290412,0.9948560962549017,0.0018453236653668053
IMG_1176.JPG,26.508669338677358,1.8995070140280566,0.5474254405046627,0.04850375075076382,0.9952930673584744,0.0023526138368922217
IMG_1177.JPG,20.54473346693386,1.676340681362725,0.5695390376333516,0.052136366675455514,0.9961898031392206,0.002718200730117548
IMG_1178.JPG,21.992208416833662,1.8358877755511023,0.5316065959221183,0.04608128868343677,0.9956450866725016,0.002123485166726238
IMG_1179.JPG,20.66013226452906,1.7634589178356712,0.5458547125263993,0.04527089841339191,0.9962291771454328,0.0020494542431556497
IMG_1180.JPG,22.127274549098196,1.7638276553106216,0.5699419433735952,0.04636074604468943,0.9966801665163704,0.002149318773820186
IMG_1181.JPG,22.69724248496994,1.6177314629258515,0.6119379166730259,0.05120525999043603,0.9966751160501599,0.002621978650688149
IMG_1182.JPG,21.571583166332662,1.7674869739478956,0.5850485545346171,0.048687833330692494,0.9969844689937513,0.002370505114437291
IMG_1183.JPG,28.030645290581162,1.926292585170341,0.5818195800458924,0.04439168268358335,0.9961630451327357,0.001970621491479954
IMG_1184.JPG,29.330949899799606,1.9178196392785571,0.5955269380236354,0.04660545368278978,0.9959669254759156,0.0021720683129786635
IMG_1185.JPG,31.24878156312625,2.0560761523046094,0.5381307551169463,0.046824932406596693,0.9930782063742785,0.0021925742948823495
IMG_1186.JPG,31.614657314629262,2.0554749498998,0.5423759056662808,0.046666447715033886,0.9928361307240584,0.0021777573423399916
IMG_1187.JPG,28.615218436873747,1.7970460921843687,0.6023063816325926,0.060457089995167745,0.9933021017600838,0.003655059730683812
IMG_1188.JPG,31.351743486973945,1.7393106212424851,0.6170881877234817,0.06104789834372001,0.9916398652070931,0.003726845892185172
IMG_1189.JPG,31.167450901803605,1.7708176352705411,0.599986265777239,0.05816930193909477,0.9921759760441975,0.0033836676880815743
IMG_1190.JPG,30.607739478957914,1.8043887775551102,0.5834632602372412,0.053428543030900416,0.9927860230320091,0.002854609210404777
IMG_1191.JPG,31.27371543086172,1.8431342685370744,0.5728497948180299,0.05412725761599274,0.9920296033173235,0.0029297600170280443
IMG_1192.JPG,24.01113026052104,1.847507014028056,0.564034042007134,0.05485072291968474,0.9936920557867406,0.003008601804812029
IMG_1193.JPG,26.460657314629263,2.0300200400801605,0.5363271289372706,0.051474793626571036,0.9927551022923445,0.002649654378898078
IMG_1194.JPG,24.132837675350704,2.0649739478957923,0.531429093829167,0.05442122461019728,0.993035503854704,0.002961669688073542
IMG_1195.JPG,29.221426853707417,2.18496993987976,0.5333986815965484,0.05051081536170391,0.9929668526088563,0.0025513424685041437
IMG_1196.JPG,28.278012024048085,2.108801603206412,0.5501833607860444,0.054809216457031185,0.9931182897872068,0.0030040502086336983
IMG_1197.JPG,27.370220440881763,1.9901643286573145,0.5619255645922968,0.055159426020095145,0.9936426883208643,0.0030425622788663497
IMG_1198.JPG,44.90954709418837,2.403270541082164,0.5374393171628764,0.05586327627091288,0.9895895320237429,0.003120705635720338
IMG_1199.JPG,36.64281763527055,2.240741482965932,0.5497569900344265,0.05889664267865525,0.9923667536757235,0.0034688145188171947
IMG_1200.JPG,40.25256513026052,2.2222725450901804,0.5787071171767982,0.06673808562134005,0.9913046250831794,0.0044539720724013155
IMG_1201.JPG,55.62135470941883,2.694805611222445,0.5222235936049898,0.05830052377539718,0.9872535121496574,0.0033989510724856515
IMG_1202.JPG,56.50597995991984,2.722308617234469,0.5284158542577826,0.06135278811741715,0.9849498470311779,0.0037641646097806834
IMG_1203.JPG,69.8618116232465,3.1332985971943885,0.4898591733000933,0.05585131935788599,0.9806305835717174,0.00311936987401657
IMG_1204.JPG,65.20405210420842,2.8208296593186377,0.5287065843247224,0.06061901743212809,0.9803725614369699,0.003674665274436649
IMG_1205.JPG,54.27534669338679,2.726248496993988,0.5190041779553292,0.05592853192001541,0.9785722949069533,0.0031280006827281827
IMG_1206.JPG,53.07256913827656,2.676304609218437,0.5220355160523931,0.04884598794611052,0.9795551217299044,0.0023859305384315737
IMG_1207.JPG,72.7913627254509,3.229527054108216,0.46096354966414604,0.04163966975060405,0.9722597684125263,0.0017338620969393696
IMG_1208.JPG,46.89380360721443,2.6546853707414835,0.5125929391731264,0.04337000532184682,0.9833596060429439,0.0018809573616170219
IMG_1209.JPG,39.01193987975953,2.476356713426854,0.5325890011336304,0.04388105959723328,0.9899677905238528,0.0019255473913759385
IMG_1210.JPG,60.66277354709417,2.705611222444889,0.5244058016644069,0.04849815596746383,0.9889158445325571,0.0023520711322444474
IMG_1211.JPG,57.53858917835671,2.676376753507014,0.5544811128141444,0.06989138610862809,0.9926703163524492,0.004884805852185332
IMG_1212.JPG,58.922320641282546,2.398801603206412,0.5895242158057066,0.09515713972919108,0.9934499337079548,0.009054881241440795
IMG_1213.JPG,33.932304609218434,2.1094829659318632,0.5748669691182179,0.06874199626395214,0.9921174808217917,0.004725462050353209
IMG_1214.JPG,9.835675350701402,1.3764128256513029,0.6313402216309325,0.06982900502952825,0.9964272443845071,0.004876089943413882
IMG_1215.JPG,10.37732264529058,1.3573627254509018,0.6329240378939982,0.0615982630164402,0.9955985342575593,0.003794346006642544
IMG_1216.JPG,12.595775551102205,1.4772024048096195,0.614497760314451,0.05938451955321026,0.9947605153507376,0.003526521162565612
IMG_1217.JPG,18.457511022044088,1.6686613226452907,0.5966282278701067,0.055746406671459026,0.9927411202958999,0.0031076618567796917
IMG_1218.JPG,25.591851703406817,2.0160200400801607,0.5385509606332372,0.047425171279565255,0.9903441588766292,0.002249146870896101
IMG_1219.JPG,22.98088176352705,1.7868296593186375,0.5699846941639789,0.051469479274205254,0.9926783361439009,0.0026491072967578444
IMG_1220.JPG,26.293947895791582,1.910941883767535,0.5527080567200376,0.05100251835435611,0.9912822819173801,0.0026012568784864317
IMG_1221.JPG,27.907795591182357,1.7567174348697392,0.6079495390520075,0.059330250921286624,0.9927968198223346,0.003520078674382832
IMG_1222.JPG,31.346104208416833,1.8558116232464927,0.5990788206789555,0.05461850028673429,0.9922624269428104,0.0029831805735719935
IMG_1223.JPG,32.10424448897795,1.847402805611222,0.6117624894536281,0.056954221249520064,0.9936525048707227,0.003243783318139283
IMG_1224.JPG,29.330484969939885,1.7026292585170344,0.6438320078786809,0.06715222874644712,0.9949574653575766,0.004509421825615159
IMG_1225.JPG,38.291202404809624,1.9907775551102207,0.5830903243843066,0.057803228491523535,0.9933383887503254,0.0033412132240432783
IMG_1226.JPG,33.6830380761523,1.8659158316633266,0.6030321952257346,0.056995068819393764,0.994188941105927,0.003248437869727431
IMG_1227.JPG,23.83337074148296,1.557835671342685,0.6602617022883044,0.06379556285404257,0.9957550701110573,0.004069873839864096
IMG_1228.JPG,14.30936673346693,1.3852945891783564,0.6708276675682799,0.06396126899577957,0.9972584552801492,0.004091043931550474
IMG_1229.JPG,91.45426452905812,3.6739438877755504,0.4302401481112205,0.0491665502680673,0.9611024208519335,0.0024173496652623886
IMG_1230.JPG,92.96737474949899,3.706909819639278,0.428604151632961,0.05028674704817397,0.9601634042167844,0.0025287569286870336
IMG_1231.JPG,18.637498997995994,1.89976753507014,0.5376367576810145,0.044730385941507356,0.9952766312886336,0.002000807426476199
IMG_1232.JPG,11.773683366733467,1.3889138276553108,0.6107003731555056,0.05230074126316528,0.9979839310234886,0.0027353675366765594
IMG_1233.JPG,11.006384769539077,1.3707935871743486,0.6171111170606555,0.04970860264508549,0.9982858063179788,0.0024709451769270004
IMG_1234.JPG,13.826961923847694,1.3843166332665329,0.6306074716558403,0.04771165104011088,0.998003021572856,0.0022764016449733134
IMG_1235.JPG,9.273098196392787,1.3833106212424848,0.6148985189868443,0.05008149614778473,0.9983945973944227,0.002508156256400577
IMG_1236.JPG,7.293114228456915,1.2438637274549098,0.6426544041106755,0.05671403038972999,0.9985277748641811,0.0032164812430472167
IMG_1237.JPG,7.507246492985972,1.2939398797595192,0.6274038824611163,0.05088035651875077,0.998614522925979,0.002588810679475184
IMG_1238.JPG,7.1070941883767516,1.278821643286573,0.6243968491018035,0.05189560848572539,0.9986192181947586,0.0026931541801036934
IMG_1239.JPG,6.663142284569138,1.2471342685370743,0.6241881812214859,0.0532875139440072,0.9987217221640379,0.0028395591423327616
IMG_1240.JPG,29.522212424849695,2.405066132264529,0.5322753258982059,0.0516947677298829,0.9927432247970125,0.0026723490106465428
IMG_1241.JPG,29.289330661322648,2.4866693386773546,0.5098115651897328,0.049411404326964246,0.9935554287581799,0.002441486877562741
IMG_1242.JPG,21.809979959919843,2.1567535070140282,0.5326875380315967,0.053276075903671054,0.995012862206508,0.0028383402636937196
IMG_1243.JPG,22.44650501002004,2.1682925851703403,0.5387962027620468,0.053176869696938515,0.9949950303251239,0.0028277794707651776
IMG_1244.JPG,19.672412825651303,2.0727655310621245,0.53575402786149,0.05125594743932669,0.9960178687070876,0.0026271721479030202
IMG_1245.JPG,20.99525851703406,2.1205811623246484,0.542438700857884,0.061739356341749194,0.9954477853375656,0.003811748121493486
IMG_1246.JPG,25.164617234468942,2.246332665330662,0.5431262852662545,0.06086128258992816,0.9947647400855726,0.0037040957184910923
IMG_1247.JPG,31.531194388777553,2.3723086172344687,0.5475436499934032,0.06777581952734738,0.9935624078340684,0.0045935617126035624
IMG_1248.JPG,34.61343887775551,2.4946813627254505,0.5222594107101103,0.05989122781208179,0.9936415445324231,0.0035869591688386794
IMG_1249.JPG,38.95193587174348,2.5532505010020037,0.532928382800312,0.07013122323427312,0.99259149792465,0.00491838847233545
IMG_1250.JPG,49.363555110220446,2.84559118236473,0.518142347554214,0.061748246585971514,0.9914218930117369,0.003812845956441943
IMG_1251.JPG,54.06339078156311,2.8649458917835666,0.5262999792627339,0.06620158224217532,0.9904295028520749,0.004382649491367503
IMG_1252.JPG,55.99689779559117,2.9253867735470935,0.5104972038306641,0.06160930764361947,0.9909847426644273,0.003795706788326149
IMG_1253.JPG,60.31376352705412,2.9709819639278563,0.5158682245527693,0.07018883844513271,0.9893448872820895,0.0049264730422769396
IMG_1254.JPG,63.281058116232444,2.989835671342685,0.5125715926219282,0.06402224849077114,0.9875367132386411,0.004098848301814047
IMG_1255.JPG,48.06994789579158,2.8683607214428855,0.4867923038569632,0.05823042136858673,0.9889531505529116,0.0033907819727631615
IMG_1256.JPG,52.2864248496994,2.900749498997996,0.509743757646046,0.08164084227641148,0.9828940791155584,0.006665227127601895
IMG_1257.JPG,37.48336673346694,2.6551102204408816,0.5102828444302244,0.08212318247321959,0.9887943243994156,0.0067442170995297215
IMG_1258.JPG,23.90848096192385,2.266260521042084,0.535484016369292,0.0907393054841879,0.9931392314044987,0.008233621559752772
IMG_1259.JPG,31.972989979959923,2.2948977955911825,0.5674164445155689,0.09906857017267306,0.9959806159979421,0.009814581596057848
IMG_1260.JPG,38.14234869739479,2.041691382765531,0.6065529686515327,0.12320358811333175,0.9967554076889309,0.0151791241239995
IMG_1261.JPG,39.77088577154308,2.5595911823647293,0.5273869792968799,0.07618225821621344,0.9901624610082699,0.00580373646692182
IMG_1262.JPG,24.04376753507014,1.861571142284569,0.5903335512972169,0.08404807445123634,0.9907490377888736,0.007064078818960567
IMG_1263.JPG,15.968180360721446,1.7197635270541085,0.5921505812810768,0.07367465024374259,0.993437619687138,0.0054279540885378
IMG_1264.JPG,19.4327374749499,1.7164248496993988,0.6133158212582466,0.06979548484810394,0.9911113164940993,0.004871409705181907
IMG_1265.JPG,15.850176352705411,1.4622164328657317,0.6469005168987062,0.07897201246451664,0.991909182876135,0.006236578752695772
IMG_1266.JPG,17.38803607214429,1.4243567134268535,0.6624245168478715,0.07664195590970416,0.992412573457242,0.005873989405665037
IMG_1267.JPG,16.13149498997996,1.2427174348697394,0.6945264194091519,0.10397626630903058,0.9937964688993527,0.010811063955566446
IMG_1268.JPG,15.781438877755507,1.286993987975952,0.6977705403038355,0.11355396989228018,0.9926268448812561,0.012894504078296875
IMG_1269.JPG,36.40664529058116,2.2415871743486977,0.5437145707107046,0.06241245038127031,0.9900348039307549,0.003895313962594528
IMG_1270.JPG,37.62904609218437,2.299827655310621,0.5351638757304379,0.05277049160504207,0.9901962335195046,0.002784724784237815
IMG_1271.JPG,17.37296993987976,1.6983326653306614,0.5976301645427055,0.06826312916791881,0.9914918169814597,0.004659854803795968
IMG_1272.JPG,26.613867735470944,1.9687134268537074,0.6029781179596593,0.06368704785194654,0.9887674188878215,0.004056040064096128
IMG_1273.JPG,29.096392785571144,2.0500841683366735,0.6026190620784767,0.06147928753957964,0.9893030684820961,0.0037797027963743118
IMG_1274.JPG,38.507482965931864,2.4655511022044094,0.556444681235585,0.04953034779191584,0.9888146902031364,0.002453255352388142
IMG_1275.JPG,41.36830060120239,2.831555110220441,0.51542553527928,0.04646383976890693,0.9885138687161849,0.0021588884060706574
IMG_1276.JPG,46.65526653306613,2.7998997995991983,0.5211024494191488,0.045368071223035794,0.988889940861351,0.0020582618864984485
IMG_1277.JPG,36.09327054108216,2.5488296593186375,0.5346128409210312,0.04954754420463535,0.9908014937610048,0.002454959136710294
IMG_1278.JPG,33.63073346693387,2.3510380761523044,0.5482196072066089,0.04923693440635907,0.9907251357988683,0.0024242757097361054
IMG_1279.JPG,25.172004008016028,1.985951903807615,0.5792900764567513,0.05679821550885928,0.9903850877193484,0.0032260372849908228
IMG_1280.JPG,19.481310621242486,1.6729338677354708,0.6098599825114821,0.06015005773617243,0.9920259932068098,0.003618029445664877
IMG_1281.JPG,15.785611222444885,1.4718316633266528,0.6258329359510544,0.05744955977084405,0.9922182257350431,0.003300451917863783
IMG_1946.JPG,75.91014028056114,3.826661322645291,0.3984729229811721,0.036040904419539034,0.9867266539231516,0.0012989467913783483
IMG_1947.JPG,68.875374749499,3.2169859719438882,0.4381694146871366,0.035202858178432446,0.986111650787017,0.0012392412239308282
IMG_1948.JPG,62.95567935871743,3.1325370741482965,0.45050623996076306,0.03801620108920456,0.9864310422291891,0.0014452315452548382
IMG_1949.JPG,34.25072945891784,2.3217434869739484,0.519390450130105,0.04324464207130439,0.9945725238011783,0.0018700990678752298
IMG_1950.JPG,41.610352705410826,2.5347855711422844,0.4790892265404604,0.038237037593037856,0.9918920886365317,0.0014620710438913902
IMG_1951.JPG,29.95317434869739,2.370609218436874,0.48307746866554196,0.039444167961501686,0.9944485106702972,0.001555842386175156
IMG_1952.JPG,31.230645290581162,2.1674629258517033,0.5342521218988204,0.053132953225195845,0.9931587037914745,0.0028231107184308493
IMG_1953.JPG,63.113242484969945,3.1116953907815628,0.45593295876932,0.03691861150648497,0.9895846166041168,0.0013629838755667646
IMG_1954.JPG,69.30137875751504,3.847887775551103,0.3776659539113234,0.03173978794666154,0.9879663656358483,0.001007414138899041
IMG_1955.JPG,44.39125450901803,2.639294589178356,0.4731932435689229,0.04288278153381025,0.9905214787842187,0.001838932952076497
IMG_1956.JPG,28.024032064128257,2.2517675350701403,0.5294322690587895,0.04192751107656596,0.9960383161234304,0.0017579161850755616
IMG_1957.JPG,36.38922244488978,2.3957154308617232,0.5122436848292838,0.04349162170521541,0.9948044842812623,0.001891521158549564
IMG_1958.JPG,89.47038076152305,4.079326653306612,0.4035973913996258,0.041220812326468535,0.984390955650346,0.0016991553688539404
IMG_1959.JPG,68.4012625250501,3.129246492985972,0.46355707161408344,0.045190078159742963,0.9867969111520473,0.0020421431640836782
IMG_1960.JPG,66.79286573146294,3.1329298597194386,0.4540286858343158,0.05575264633056581,0.9898420593348456,0.003108357572861153
IMG_1961.JPG,36.206985971943894,2.184741482965932,0.5333887973454523,0.05180918937453249,0.9941743830460217,0.00268419210364617
IMG_1962.JPG,40.936617234468926,2.492016032064128,0.5083186308506146,0.04690752723369966,0.9933228203372346,0.0022003161111802754
IMG_1963.JPG,57.856669338677364,3.0371983967935874,0.4610029352802921,0.04962003295131593,0.991865355831902,0.0024621476700896787
IMG_1964.JPG,58.9390501002004,2.7205891783567138,0.5270424342323979,0.05447295260080859,0.9915705704065462,0.0029673025650499394
IMG_1965.JPG,47.31343486973948,2.5937314629258514,0.49872141512156626,0.062454710190156575,0.9932264958718042,0.003900590824936447
IMG_1966.JPG,24.485074148296597,1.9657955911823648,0.5605441738599569,0.046803095676896236,0.9962206157314789,0.0021905297649407033
IMG_1967.JPG,83.41065330661321,4.051791583166333,0.39504005587440133,0.038320870796445076,0.9852672661698587,0.001468489138597837
IMG_1968.JPG,37.36067334669338,2.5519919839679366,0.5055979294463705,0.06089505449391287,0.9926124664780775,0.0037082076618166187
IMG_1969.JPG,76.31393587174348,3.650352705410821,0.4362658822719001,0.0530970768411787,0.9821555947389982,0.002819299569078036
IMG_1970.JPG,108.10421643286575,4.378525050100202,0.3974941713563895,0.04402825870173576,0.97570957323668,0.0019384875643069707
IMG_1971.JPG,64.5301643286573,3.242172344689378,0.4803090673763318,0.04710677323001692,0.9868755930528654,0.002219048084144239
IMG_1972.JPG,14.351695390781563,1.7596873747494992,0.5528444053355333,0.061689730204952165,0.9957343150086909,0.0038056228127597877
IMG_1973.JPG,60.01263326653306,2.807478957915831,0.4996233045053835,0.05450974890468404,0.984154184311059,0.002971312725651703
IMG_1974.JPG,62.164817635270545,3.1152224448897794,0.4542913585619889,0.050330556274693614,0.9815980127448339,0.0025331648949201008
IMG_1975.JPG,42.96500200400802,2.8454909819639287,0.44681953910888644,0.04421922271219219,0.984588041150025,0.0019553396572704537
IMG_1976.JPG,22.26448897795591,2.4802805611222443,0.42636680454494125,0.038405820184812825,0.9922464105071865,0.0014750070240681765
IMG_1977.JPG,59.043971943887776,3.4856312625250503,0.39889843788992546,0.04241415374506355,0.9758110429122258,0.0017989604379098883
IMG_1978.JPG,56.79994388777555,3.5766813627254512,0.39635695213643096,0.03495974011605654,0.984319754913409,0.001222183428982213
IMG_1979.JPG,70.94204809619235,3.8989699398797586,0.3897783843663208,0.03776721042497584,0.9807153763596955,0.001426362183284404
IMG_1980.JPG,81.99800801603207,4.01203607214429,0.3955179086727826,0.035740423528330525,0.981933597988905,0.001277377873984442
IMG_1981.JPG,100.66842885771543,4.2633867735470945,0.3948899119532215,0.03518284997549036,0.9815850571314418,0.0012378329323978617
IMG_1982.JPG,148.41517434869738,5.1943486973947905,0.3639681194186853,0.035930114620664234,0.9756019584429249,0.00129097313665407
IMG_1983.JPG,155.14301402805614,5.140945891783568,0.3943031707087483,0.04692654132494494,0.9771680911003123,0.002202100280721765
IMG_1984.JPG,107.80795591182367,3.966897795591182,0.4424726510157194,0.05314645966114164,0.9804249531012134,0.002824546174513356
IMG_1985.JPG,84.51686172344691,3.4095911823647302,0.4622551196959479,0.05542783287890641,0.9828150912740214,0.0030722446576519785
IMG_1986.JPG,64.4916993987976,3.4071142284569147,0.4553312197706197,0.04638467170224042,0.9832750583008999,0.0021515377689246234
IMG_1987.JPG,75.60126252505009,3.8204689378757517,0.4207636642649256,0.041077423647487024,0.9812829145749264,0.0016873547335151263
IMG_1988.JPG,61.386589178356715,3.4977635270541083,0.4201400899405457,0.0474836465318862,0.9746700858602565,0.0022546966879651085
IMG_1989.JPG,80.19396392785572,3.901306613226453,0.4119763521005907,0.041325748470859666,0.9731759739618953,0.0017078174866767602
IMG_1990.JPG,58.12125450901803,3.1832424849699397,0.49296807874108334,0.046805183322390975,0.9847875157068904,0.002190725185842626
IMG_1991.JPG,105.30079358717435,4.374941883767535,0.4175446528550152,0.04763931699844381,0.978694973700432,0.002269504524078217
IMG_1992.JPG,78.87639679358718,3.785903807615231,0.4389584879323678,0.04342147140550814,0.9801756867482434,0.001885424179019361
IMG_1993.JPG,40.30826452905812,2.6797915831663333,0.4662024216397178,0.04957992645975373,0.9819095070104764,0.0024581691077545883
IMG_1994.JPG,51.01923046092184,3.154973947895791,0.44471490816469855,0.04561279005234136,0.9859452270800472,0.002080526616358971
IMG_1995.JPG,86.84914629258516,4.187719438877756,0.3694447428629135,0.03844980191783846,0.9794563404987104,0.001478387267521014
IMG_1996.JPG,46.81575951903808,3.0648897795591186,0.43411281800995644,0.03971358971631488,0.989618274298154,0.001577169208155791
IMG_1997.JPG,118.85368336673346,4.624192384769539,0.4074989966361842,0.036448904847301136,0.976911041349287,0.001328522664567612
IMG_1998.JPG,74.96492985971943,3.7004248496993988,0.43992674717189806,0.03574263608062269,0.9834755719485571,0.0012775360339918312
IMG_1999.JPG,86.87284168336673,4.252689378757515,0.39927902516597646,0.03151791334990756,0.9803107544807002,0.0009933788619322812
IMG_2000.JPG,48.908809619238475,2.9667895791583168,0.48040377741901846,0.03967505745801068,0.9907349324410145,0.0015741101842964486
IMG_2001.JPG,74.64949899799599,3.668993987975952,0.4177615043327627,0.03775950159526803,0.9861704139658366,0.0014257799607230491
IMG_2002.JPG,78.02880160320642,3.7689378757515035,0.4127854606646095,0.03650945539956681,0.985729269037689,0.0013329403335729582
IMG_2003.JPG,88.62679759519037,4.138052104208415,0.3939354249788018,0.03577486296153188,0.9841255037207375,0.0012798408199163856
IMG_2004.JPG,51.16427254509017,3.218260521042084,0.4540086379459406,0.0394068357422676,0.9897677865133194,0.0015528987032180593
IMG_2005.JPG,57.20765531062124,3.4700841683366734,0.4394016905682061,0.03760004284351882,0.9870351025913366,0.0014137632218344505
IMG_2006.JPG,96.43038877755512,3.892961923847695,0.44721241793614913,0.0365107457893446,0.9819293204624635,0.0013330345580941443
IMG_2007.JPG,99.40928256513025,3.943382765531062,0.4470884221546483,0.037004410389133845,0.9820925533269651,0.001369326388247437
IMG_2008.JPG,83.62744689378759,3.4083687374749503,0.5053109942546095,0.04697985037160496,0.9852128502817085,0.0022071063409383907
IMG_2009.JPG,95.8281643286573,3.7256713426853705,0.4774126610538028,0.04491543632310275,0.984234365710058,0.002017396420094698
IMG_2010.JPG,125.92952705410822,3.866312625250501,0.513090118313422,0.05450333018774368,0.977916523852735,0.002970613001554211
IMG_2011.JPG,46.70036472945891,2.9625210420841688,0.43514335048450403,0.04324326370086546,0.9867542690566796,0.0018699798555025884
IMG_2012.JPG,71.07525450901804,3.2597595190380764,0.4493898714646748,0.04479606620496456,0.9800803261189245,0.002006687547439568
IMG_2013.JPG,68.20164729458918,3.4079799599198397,0.4419014620924277,0.03954083875953456,0.9844841304138773,0.0015634779298075107
IMG_2014.JPG,107.54647294589176,4.269046092184369,0.41743585265634187,0.03697985473994895,0.9792342248470647,0.0013675096565877246
IMG_2015.JPG,114.82779158316633,4.389362725450902,0.4321902429918056,0.03823659383737921,0.9806476273440877,0.0014620371082847054
IMG_2016.JPG,127.99510621242489,4.477494989979961,0.4409839679149914,0.04039716152049568,0.9789429583710454,0.0016319306589130168
IMG_2017.JPG,89.29776753507014,3.5524849699398797,0.4734959686392394,0.044484885619433735,0.9872688983295181,0.001978905048574102
IMG_2018.JPG,102.69467334669336,3.4734549098196394,0.5128934629274418,0.060564714299120276,0.9817724640826787,0.0036680846181340637
IMG_2019.JPG,100.13609619238477,3.606412825651302,0.5227784977969544,0.057994628563870255,0.9838910159855817,0.0033633769422612755
IMG_2020.JPG,92.19110621242486,3.686929859719439,0.48646480858876984,0.042125589788141064,0.9840917660668004,0.0017745653149987346
IMG_2021.JPG,74.6593627254509,3.4795951903807616,0.4661698982675002,0.0413230271388409,0.9867153694295712,0.001707592571917382
IMG_2022.JPG,53.677494989979955,2.927098196392785,0.5077983208543084,0.04598482364439819,0.9890688845494492,0.002114604005606403
IMG_2023.JPG,73.38467334669339,3.586060120240482,0.41255373733676104,0.03575949298281786,0.9914568116854465,0.0012787413383881997
IMG_2024.JPG,58.135639278557115,2.9710220440881763,0.4720166841178327,0.046615919379355504,0.9935833404016426,0.002173043939582572
IMG_2025.JPG,67.41165130260521,3.6890541082164328,0.40602397787593386,0.03390474552254771,0.9920373908145759,0.001149531768948719
IMG_2026.JPG,49.00638877755511,3.0278476953907814,0.4494214317175205,0.035026181783168846,0.994234081778625,0.001226833410307589
IMG_2027.JPG,40.92405210420841,2.707066132264528,0.4702805755392384,0.03391438368807672,0.9954923155858835,0.001150185420942084
IMG_2028.JPG,34.50634068136273,2.6757515030060124,0.4555297492829539,0.0388083477497929,0.9939930906905742,0.0015060878550688555
IMG_2029.JPG,26.04856913827656,2.1563286573146296,0.5189304445563153,0.04038012550656027,0.9962553762049199,0.0016305545359255591
IMG_2030.JPG,47.36368336673347,2.9504809619238475,0.44866891370357526,0.03194911687813756,0.9942794867923442,0.0010207460692928944
IMG_2031.JPG,28.868973947895793,2.2282124248496995,0.5482246430117497,0.060503682097930535,0.9965809394591697,0.00366069554740744
IMG_2032.JPG,20.16384769539078,1.885058116232465,0.5638766032307083,0.047759756841053665,0.9969059345390472,0.0022809943735165724
IMG_2033.JPG,19.663266533066132,1.9125090180360722,0.5375438173084108,0.04184783272105479,0.9954146261847819,0.0017512411034493836
IMG_2034.JPG,16.79667334669339,1.7461723446893787,0.5707543350255739,0.044004027455580894,0.9967392690759891,0.0019363544323115168
IMG_2035.JPG,23.4989619238477,1.9499519038076154,0.5805061662781709,0.05055552580393654,0.9975027962799946,0.0025558611893124936
IMG_2036.JPG,47.53167134268537,2.8547494989979962,0.49742236264369627,0.060718853361187375,0.9933202014296796,0.0036867791534973752
IMG_2037.JPG,22.310569138276552,1.89450501002004,0.5879054284454128,0.08024552530796017,0.9973485313618519,0.006439344331950476
IMG_2038.JPG,21.211002004008016,1.8207575150300601,0.5874850880160062,0.05101484599594427,0.9964955097038964,0.002602514511989911
IMG_2039.JPG,17.64068537074148,1.9449819639278558,0.5348080252781096,0.0454574716122069,0.997100950849151,0.0020663817253745967
IMG_2040.JPG,38.6511623246493,2.2066973947895794,0.55709533988449,0.04666071964877453,0.991950326297714,0.002177222758141534
IMG_2041.JPG,26.809350701402813,1.8787134268537078,0.5856410243601697,0.07174489424398732,0.9928940258088214,0.005147329850080925
IMG_2042.JPG,39.97258116232466,2.2616072144288575,0.5484154887520307,0.053616112160271366,0.9916089835502448,0.002874687483182799
IMG_2043.JPG,29.726392785571147,2.101054108216433,0.5688384178290273,0.057927586161803594,0.995084529492025,0.003355605238533179
IMG_2044.JPG,35.57900200400801,2.2666813627254507,0.5475226538170542,0.05638938328389808,0.9940720356626788,0.003179762547138364
IMG_2045.JPG,17.069234468937875,1.6229899799599197,0.6262453796346452,0.05361500027740338,0.9972616814395089,0.002874568254745965
IMG_2046.JPG,25.40049699398797,2.202396793587174,0.5238225305571761,0.03911161775866892,0.9957168115432187,0.001529718643700226
IMG_2047.JPG,28.803931863727453,1.9942805611222445,0.5883283985734036,0.045895443054905255,0.9954927223393277,0.002106391693206051
IMG_2048.JPG,14.467430861723447,1.4955030060120242,0.6315748324395061,0.06634561038311702,0.9975705936264366,0.004401740017108366
IMG_2049.JPG,25.391150300601204,1.7862284569138274,0.6100046453004551,0.054144011614201064,0.9952202435067168,0.00293157399367874
IMG_2050.JPG,20.508753507014028,1.720745490981964,0.59942751474212,0.058213540675746175,0.9953943089186869,0.0033888163180067544
IMG_2051.JPG,8.774717434869741,1.1949739478957915,0.6698181339725675,0.060599481345708875,0.9983770365397602,0.003672297139368918
IMG_2052.JPG,9.965951903807616,1.2952184368737474,0.6669274095831251,0.06155612643906306,0.9984108409588375,0.0037891567021819186
IMG_2053.JPG,12.721202404809617,1.571807615230461,0.613762098633247,0.05415999741561068,0.9980994860939354,0.0029333053200589552
IMG_2054.JPG,14.64571142284569,1.5329899799599198,0.6333935072409932,0.05798522182986655,0.9978354992931437,0.003362285950658832
IMG_2055.JPG,11.943206412825651,1.4090901803607214,0.649509102801338,0.061545450999931625,0.9981262005368075,0.003787842538784985
IMG_2056.JPG,17.6953627254509,1.5786813627254508,0.6295901923204305,0.06206527105469602,0.997041408707024,0.003852097871092887
IMG_2057.JPG,15.58201603206413,1.5181843687374752,0.6110437439344779,0.05685040038755051,0.9970683950831245,0.0032319680242248027
IMG_2058.JPG,25.59906613226453,2.1397314629258513,0.5288549485614256,0.04113391637455557,0.9932632720948724,0.0016919990763089303
IMG_2059.JPG,30.266000000000002,2.2107855711422846,0.5122881702723301,0.03929761827384427,0.9912066906624498,0.001544302801996779
IMG_2060.JPG,17.1606492985972,1.8751903807615233,0.5282780752250367,0.04175430490650021,0.9947604781882226,0.0017434219782249875
IMG_2061.JPG,29.422400801603207,2.0514268537074147,0.5728980313020476,0.05140259810026595,0.9929706171601895,0.0026422270914574645
IMG_2062.JPG,8.920993987975951,1.4352865731462927,0.603635026766701,0.061196782961150824,0.9981782900254949,0.0037450462447941994
IMG_2063.JPG,31.107242484969937,2.63432865731463,0.42942059824738127,0.03970139547177676,0.9865121830484171,0.001576200802406416
IMG_2064.JPG,28.265206412825652,2.4116593186372746,0.457522255024553,0.042138132497211704,0.9875774610869539,0.0017756222103525688
IMG_2065.JPG,15.723559118236473,2.1741563126252506,0.46024949941950133,0.04124497218244183,0.9942023904808291,0.0017011477303304002
IMG_2066.JPG,15.743274549098196,2.1902084168336673,0.45854891921127083,0.040856932908760746,0.9940983457384442,0.0016692889667109768
IMG_2067.JPG,10.217422845691384,1.8455430861723452,0.500130437315741,0.03977828703235519,0.9968910877044648,0.0015823121192284372
IMG_2068.JPG,15.08498597194389,2.0809859719438877,0.4978505970249568,0.039328952987668676,0.9966585386754705,0.001546766543106253
IMG_2069.JPG,15.804629258517036,1.9615911823647296,0.5421128686661397,0.04916255893436688,0.9961601098975895,0.0024169572009750963
IMG_2070.JPG,11.46794388777555,1.5776513026052101,0.6015972937504154,0.06099223197453506,0.9967709793166609,0.003720052361235497
IMG_2071.JPG,68.7318877755511,4.292224448897795,0.33454108545327865,0.03274888596838912,0.9739025157051105,0.0010724895321705535
IMG_2072.JPG,70.69926653306614,4.250184368737475,0.3482440756797658,0.03479645501993976,0.9720136143214022,0.0012107932819546913
IMG_2073.JPG,19.701599198396792,2.6241563126252503,0.39898840898489873,0.03896053971552602,0.9881443368762829,0.0015179236549250805
IMG_2074.JPG,27.825643286573147,2.8425170340681363,0.40826663509185046,0.039773161729465975,0.9850925674215568,0.001581904393958257
IMG_2075.JPG,39.649482965931874,3.04924248496994,0.4184833120746361,0.03807690601511168,0.983535312790519,0.0014498507716836483
IMG_2076.JPG,38.92558316633267,2.927507014028056,0.4432163876924724,0.04229824831686838,0.98625176740079,0.0017891418106754592
IMG_2077.JPG,15.70755911823647,2.501418837675351,0.3834078994803151,0.04015295503637834,0.9863697715900929,0.001612259798153421
IMG_2078.JPG,26.824649298597194,2.832080160320641,0.39931042723591015,0.03901524055064788,0.9847769557478143,0.0015221889952249186
IMG_2079.JPG,36.77531062124248,3.0303006012024043,0.41836457707070107,0.04255423070333675,0.9832104387064377,0.001810862550752808
IMG_2080.JPG,33.05208016032064,2.670933867735471,0.4712929174091555,0.05002984478825282,0.9833306910879162,0.0025029853695366683
IMG_2081.JPG,32.40032064128257,2.6789819639278556,0.4734440927051924,0.04909750169235737,0.9873036021004568,0.0024105646724310345
IMG_2082.JPG,50.95648496993989,3.2625450901803617,0.4016673232686355,0.04301104332134917,0.9829339171988567,0.0018499498475909749
IMG_2083.JPG,65.65836873747496,3.67275751503006,0.4141931700610199,0.04535956625722042,0.9829823663482706,0.0020574902510431693
IMG_2084.JPG,90.91870140280562,4.481699398797595,0.3699527038106159,0.03419800873135091,0.981713864571405,0.0011695038011895532
IMG_2085.JPG,102.24760320641285,5.140581162324651,0.3389616709414822,0.030575142616621153,0.9812394701138093,0.000934839346026723
IMG_2086.JPG,152.05255711422842,5.795098196392784,0.3698057396423582,0.04043097421593367,0.978488952256448,0.001634663676049493
IMG_2087.JPG,206.26183567134268,5.636945891783567,0.497671239798152,0.081243291314699,0.9796546647574539,0.006600472383645047
IMG_2088.JPG,142.40922645290578,4.241346693386773,0.5220523387368249,0.06852954364517141,0.9853993435961523,0.004696298352215454
IMG_2089.JPG,46.15930661322645,3.07685370741483,0.44811815544562333,0.050593355529599766,0.986427469813417,0.0025596876237444833
IMG_2090.JPG,61.7989619238477,3.533679358717434,0.4336885008105096,0.04723064688403407,0.9862179245150278,0.002230734005084317
IMG_2091.JPG,27.29599599198397,2.690521042084168,0.48677033185237006,0.049733961654988154,0.9959462308203358,0.002473466941899832
IMG_2092.JPG,139.65228056112224,5.992665330661322,0.36520943723906557,0.0433280554406903,0.9817174530989703,0.0018773203882715326
IMG_2093.JPG,194.96934669338677,6.66040881763527,0.4221363858020979,0.07256550333379666,0.9820543223367207,0.005265752274087254
IMG_2094.JPG,313.4807014028057,7.4376072144288585,0.5075870236731027,0.10045445412236673,0.9798126391791094,0.01009109735302268
